[0.000000] (-) TimerEvent: {}
[0.000297] (bcr_bot) JobQueued: {'identifier': 'bcr_bot', 'dependencies': OrderedDict()}
[0.000314] (semantic_msgs) JobQueued: {'identifier': 'semantic_msgs', 'dependencies': OrderedDict()}
[0.000324] (test_semantic_mcl) JobQueued: {'identifier': 'test_semantic_mcl', 'dependencies': OrderedDict()}
[0.000333] (obj_detection) JobQueued: {'identifier': 'obj_detection', 'dependencies': OrderedDict([('semantic_msgs', '/mnt/ssd/lsgloc_ws/install/semantic_msgs')])}
[0.000343] (semantic_mcl) JobQueued: {'identifier': 'semantic_mcl', 'dependencies': OrderedDict([('semantic_msgs', '/mnt/ssd/lsgloc_ws/install/semantic_msgs')])}
[0.000353] (semantic_msgs) JobStarted: {'identifier': 'semantic_msgs'}
[0.003632] (bcr_bot) JobStarted: {'identifier': 'bcr_bot'}
[0.005715] (test_semantic_mcl) JobStarted: {'identifier': 'test_semantic_mcl'}
[0.009297] (semantic_msgs) JobProgress: {'identifier': 'semantic_msgs', 'progress': 'cmake'}
[0.009614] (semantic_msgs) JobProgress: {'identifier': 'semantic_msgs', 'progress': 'build'}
[0.010246] (semantic_msgs) Command: {'cmd': ['/usr/bin/cmake', '--build', '/mnt/ssd/lsgloc_ws/build/semantic_msgs', '--', '-j16', '-l16'], 'cwd': '/mnt/ssd/lsgloc_ws/build/semantic_msgs', 'env': OrderedDict([('GJS_DEBUG_TOPICS', 'JS ERROR;JS LOG'), ('PYTHON_BASIC_REPL', '1'), ('LESSOPEN', '| /usr/bin/lesspipe %s'), ('LANGUAGE', 'en_SG:en'), ('USER', 'sensethreat'), ('XDG_SESSION_TYPE', 'x11'), ('GIT_ASKPASS', '/usr/share/code/resources/app/extensions/git/dist/askpass.sh'), ('SHLVL', '1'), ('LD_LIBRARY_PATH', '/usr/local/cuda/lib64:/usr/lib/x86_64-linux-gnu/gazebo-11/plugins:/opt/ros/humble/opt/rviz_ogre_vendor/lib:/opt/ros/humble/lib/x86_64-linux-gnu:/opt/ros/humble/lib:/usr/local/cuda/lib64:'), ('HOME', '/home/sensethreat'), ('CHROME_DESKTOP', 'code.desktop'), ('CONDA_SHLVL', '0'), ('TERM_PROGRAM_VERSION', '1.108.2'), ('DESKTOP_SESSION', 'ubuntu'), ('NVM_BIN', '/home/sensethreat/.nvm/versions/node/v20.20.1/bin'), ('NVM_INC', '/home/sensethreat/.nvm/versions/node/v20.20.1/include/node'), ('GIO_LAUNCHED_DESKTOP_FILE', '/usr/share/applications/code.desktop'), ('ROS_PYTHON_VERSION', '3'), ('GNOME_SHELL_SESSION_MODE', 'ubuntu'), ('GTK_MODULES', 'gail:atk-bridge'), ('VSCODE_GIT_ASKPASS_MAIN', '/usr/share/code/resources/app/extensions/git/dist/askpass-main.js'), ('VSCODE_GIT_ASKPASS_NODE', '/usr/share/code/code'), ('MANAGERPID', '4235'), ('PYDEVD_DISABLE_FILE_VALIDATION', '1'), ('SYSTEMD_EXEC_PID', '4526'), ('BUNDLED_DEBUGPY_PATH', '/home/sensethreat/.vscode/extensions/ms-python.debugpy-2025.18.0-linux-x64/bundled/libs/debugpy'), ('VSCODE_PYTHON_AUTOACTIVATE_GUARD', '1'), ('DBUS_SESSION_BUS_ADDRESS', 'unix:path=/run/user/1000/bus'), ('COLORTERM', 'truecolor'), ('_CE_M', ''), ('GIO_LAUNCHED_DESKTOP_FILE_PID', '1699102'), ('NVM_DIR', '/home/sensethreat/.nvm'), ('ROS_DISTRO', 'humble'), ('GTK_IM_MODULE', 'ibus'), ('LOGNAME', 'sensethreat'), ('JOURNAL_STREAM', '8:25865'), ('_', '/usr/bin/colcon'), ('ROS_VERSION', '2'), ('CLAUDE_CODE_SSE_PORT', '13146'), ('XDG_SESSION_CLASS', 'user'), ('GEMINI_CLI_IDE_WORKSPACE_PATH', '/mnt/ssd/lsgloc_ws'), ('USERNAME', 'sensethreat'), ('TERM', 'xterm-256color'), ('GNOME_DESKTOP_SESSION_ID', 'this-is-deprecated'), ('_CE_CONDA', ''), ('FC_FONTATIONS', '1'), ('ROS_LOCALHOST_ONLY', '0'), ('GEMINI_CLI_IDE_SERVER_PORT', '37737'), ('WINDOWPATH', '2'), ('PATH', '/usr/local/cuda/bin:/home/sensethreat/.config/Code/User/globalStorage/github.copilot-chat/debugCommand:/home/sensethreat/.config/Code/User/globalStorage/github.copilot-chat/copilotCli:/home/sensethreat/.local/bin:/home/sensethreat/.nvm/versions/node/v20.20.1/bin:/opt/ros/humble/bin:/home/sensethreat/anaconda3/condabin:/usr/local/cuda/bin:/home/sensethreat/.local/bin:/usr/local/sbin:/usr/local/bin:/usr/sbin:/usr/bin:/sbin:/bin:/usr/games:/usr/local/games:/snap/bin:/snap/bin:/home/sensethreat/.vscode/extensions/ms-python.debugpy-2025.18.0-linux-x64/bundled/scripts/noConfigScripts'), ('SESSION_MANAGER', 'local/gr00t-4090:@/tmp/.ICE-unix/4476,unix/gr00t-4090:/tmp/.ICE-unix/4476'), ('INVOCATION_ID', '2f188857ecf04eb188026dc287baa7cc'), ('XDG_MENU_PREFIX', 'gnome-'), ('XDG_RUNTIME_DIR', '/run/user/1000'), ('GDK_BACKEND', 'x11'), ('DISPLAY', ':1'), ('VSCODE_DEBUGPY_ADAPTER_ENDPOINTS', '/home/sensethreat/.vscode/extensions/ms-python.debugpy-2025.18.0-linux-x64/.noConfigDebugAdapterEndpoints/endpoint-9686078bbb06aef1.txt'), ('LANG', 'en_US.UTF-8'), ('XDG_CURRENT_DESKTOP', 'ubuntu:GNOME'), ('PYTHONSTARTUP', '/home/sensethreat/.config/Code/User/workspaceStorage/a1ba31dbdeff2a34003cc17b1390a45e/ms-python.python/pythonrc.py'), ('XMODIFIERS', '@im=ibus'), ('XDG_SESSION_DESKTOP', 'ubuntu'), ('XAUTHORITY', '/run/user/1000/gdm/Xauthority'), ('LS_COLORS', 'rs=0:di=01;34:ln=01;36:mh=00:pi=40;33:so=01;35:do=01;35:bd=40;33;01:cd=40;33;01:or=40;31;01:mi=00:su=37;41:sg=30;43:ca=30;41:tw=30;42:ow=34;42:st=37;44:ex=01;32:*.tar=01;31:*.tgz=01;31:*.arc=01;31:*.arj=01;31:*.taz=01;31:*.lha=01;31:*.lz4=01;31:*.lzh=01;31:*.lzma=01;31:*.tlz=01;31:*.txz=01;31:*.tzo=01;31:*.t7z=01;31:*.zip=01;31:*.z=01;31:*.dz=01;31:*.gz=01;31:*.lrz=01;31:*.lz=01;31:*.lzo=01;31:*.xz=01;31:*.zst=01;31:*.tzst=01;31:*.bz2=01;31:*.bz=01;31:*.tbz=01;31:*.tbz2=01;31:*.tz=01;31:*.deb=01;31:*.rpm=01;31:*.jar=01;31:*.war=01;31:*.ear=01;31:*.sar=01;31:*.rar=01;31:*.alz=01;31:*.ace=01;31:*.zoo=01;31:*.cpio=01;31:*.7z=01;31:*.rz=01;31:*.cab=01;31:*.wim=01;31:*.swm=01;31:*.dwm=01;31:*.esd=01;31:*.jpg=01;35:*.jpeg=01;35:*.mjpg=01;35:*.mjpeg=01;35:*.gif=01;35:*.bmp=01;35:*.pbm=01;35:*.pgm=01;35:*.ppm=01;35:*.tga=01;35:*.xbm=01;35:*.xpm=01;35:*.tif=01;35:*.tiff=01;35:*.png=01;35:*.svg=01;35:*.svgz=01;35:*.mng=01;35:*.pcx=01;35:*.mov=01;35:*.mpg=01;35:*.mpeg=01;35:*.m2v=01;35:*.mkv=01;35:*.webm=01;35:*.webp=01;35:*.ogm=01;35:*.mp4=01;35:*.m4v=01;35:*.mp4v=01;35:*.vob=01;35:*.qt=01;35:*.nuv=01;35:*.wmv=01;35:*.asf=01;35:*.rm=01;35:*.rmvb=01;35:*.flc=01;35:*.avi=01;35:*.fli=01;35:*.flv=01;35:*.gl=01;35:*.dl=01;35:*.xcf=01;35:*.xwd=01;35:*.yuv=01;35:*.cgm=01;35:*.emf=01;35:*.ogv=01;35:*.ogx=01;35:*.aac=00;36:*.au=00;36:*.flac=00;36:*.m4a=00;36:*.mid=00;36:*.midi=00;36:*.mka=00;36:*.mp3=00;36:*.mpc=00;36:*.ogg=00;36:*.ra=00;36:*.wav=00;36:*.oga=00;36:*.opus=00;36:*.spx=00;36:*.xspf=00;36:'), ('VSCODE_GIT_IPC_HANDLE', '/run/user/1000/vscode-git-e747b80a0c.sock'), ('TERM_PROGRAM', 'vscode'), ('SSH_AGENT_LAUNCHER', 'gnome-keyring'), ('SSH_AUTH_SOCK', '/run/user/1000/keyring/ssh'), ('ROS_DOMAIN_ID', '42'), ('AMENT_PREFIX_PATH', '/opt/ros/humble'), ('CONDA_PYTHON_EXE', '/home/sensethreat/anaconda3/bin/python'), ('SHELL', '/bin/bash'), ('QT_ACCESSIBILITY', '1'), ('GDMSESSION', 'ubuntu'), ('LESSCLOSE', '/usr/bin/lesspipe %s %s'), ('GPG_AGENT_INFO', '/run/user/1000/gnupg/S.gpg-agent:0:1'), ('GJS_DEBUG_OUTPUT', 'stderr'), ('VSCODE_GIT_ASKPASS_EXTRA_ARGS', ''), ('QT_IM_MODULE', 'ibus'), ('GEMINI_CLI_IDE_AUTH_TOKEN', '26413f97-634b-4051-b3bb-35b322666b9d'), ('PWD', '/mnt/ssd/lsgloc_ws/build/semantic_msgs'), ('TURTLEBOT3_MODEL', 'waffle'), ('LC_ALL', 'en_US.UTF-8'), ('XDG_CONFIG_DIRS', '/etc/xdg/xdg-ubuntu:/etc/xdg'), ('CONDA_EXE', '/home/sensethreat/anaconda3/bin/conda'), ('NVM_CD_FLAGS', ''), ('XDG_DATA_DIRS', '/usr/share/ubuntu:/usr/share/gnome:/usr/local/share/:/usr/share/:/var/lib/snapd/desktop'), ('LDS_MODEL', 'LDS-01'), ('PYTHONPATH', '/opt/ros/humble/lib/python3.10/site-packages:/opt/ros/humble/local/lib/python3.10/dist-packages'), ('COLCON', '1'), ('CMAKE_PREFIX_PATH', '/opt/ros/humble')]), 'shell': False}
[0.011642] (bcr_bot) JobProgress: {'identifier': 'bcr_bot', 'progress': 'cmake'}
[0.011900] (bcr_bot) JobProgress: {'identifier': 'bcr_bot', 'progress': 'build'}
[0.012008] (bcr_bot) Command: {'cmd': ['/usr/bin/cmake', '--build', '/mnt/ssd/lsgloc_ws/build/bcr_bot', '--', '-j16', '-l16'], 'cwd': '/mnt/ssd/lsgloc_ws/build/bcr_bot', 'env': OrderedDict([('GJS_DEBUG_TOPICS', 'JS ERROR;JS LOG'), ('PYTHON_BASIC_REPL', '1'), ('LESSOPEN', '| /usr/bin/lesspipe %s'), ('LANGUAGE', 'en_SG:en'), ('USER', 'sensethreat'), ('XDG_SESSION_TYPE', 'x11'), ('GIT_ASKPASS', '/usr/share/code/resources/app/extensions/git/dist/askpass.sh'), ('SHLVL', '1'), ('LD_LIBRARY_PATH', '/usr/local/cuda/lib64:/usr/lib/x86_64-linux-gnu/gazebo-11/plugins:/opt/ros/humble/opt/rviz_ogre_vendor/lib:/opt/ros/humble/lib/x86_64-linux-gnu:/opt/ros/humble/lib:/usr/local/cuda/lib64:'), ('HOME', '/home/sensethreat'), ('CHROME_DESKTOP', 'code.desktop'), ('CONDA_SHLVL', '0'), ('TERM_PROGRAM_VERSION', '1.108.2'), ('DESKTOP_SESSION', 'ubuntu'), ('NVM_BIN', '/home/sensethreat/.nvm/versions/node/v20.20.1/bin'), ('NVM_INC', '/home/sensethreat/.nvm/versions/node/v20.20.1/include/node'), ('GIO_LAUNCHED_DESKTOP_FILE', '/usr/share/applications/code.desktop'), ('ROS_PYTHON_VERSION', '3'), ('GNOME_SHELL_SESSION_MODE', 'ubuntu'), ('GTK_MODULES', 'gail:atk-bridge'), ('VSCODE_GIT_ASKPASS_MAIN', '/usr/share/code/resources/app/extensions/git/dist/askpass-main.js'), ('VSCODE_GIT_ASKPASS_NODE', '/usr/share/code/code'), ('MANAGERPID', '4235'), ('PYDEVD_DISABLE_FILE_VALIDATION', '1'), ('SYSTEMD_EXEC_PID', '4526'), ('BUNDLED_DEBUGPY_PATH', '/home/sensethreat/.vscode/extensions/ms-python.debugpy-2025.18.0-linux-x64/bundled/libs/debugpy'), ('VSCODE_PYTHON_AUTOACTIVATE_GUARD', '1'), ('DBUS_SESSION_BUS_ADDRESS', 'unix:path=/run/user/1000/bus'), ('COLORTERM', 'truecolor'), ('_CE_M', ''), ('GIO_LAUNCHED_DESKTOP_FILE_PID', '1699102'), ('NVM_DIR', '/home/sensethreat/.nvm'), ('ROS_DISTRO', 'humble'), ('GTK_IM_MODULE', 'ibus'), ('LOGNAME', 'sensethreat'), ('JOURNAL_STREAM', '8:25865'), ('_', '/usr/bin/colcon'), ('ROS_VERSION', '2'), ('CLAUDE_CODE_SSE_PORT', '13146'), ('XDG_SESSION_CLASS', 'user'), ('GEMINI_CLI_IDE_WORKSPACE_PATH', '/mnt/ssd/lsgloc_ws'), ('USERNAME', 'sensethreat'), ('TERM', 'xterm-256color'), ('GNOME_DESKTOP_SESSION_ID', 'this-is-deprecated'), ('_CE_CONDA', ''), ('FC_FONTATIONS', '1'), ('ROS_LOCALHOST_ONLY', '0'), ('GEMINI_CLI_IDE_SERVER_PORT', '37737'), ('WINDOWPATH', '2'), ('PATH', '/usr/local/cuda/bin:/home/sensethreat/.config/Code/User/globalStorage/github.copilot-chat/debugCommand:/home/sensethreat/.config/Code/User/globalStorage/github.copilot-chat/copilotCli:/home/sensethreat/.local/bin:/home/sensethreat/.nvm/versions/node/v20.20.1/bin:/opt/ros/humble/bin:/home/sensethreat/anaconda3/condabin:/usr/local/cuda/bin:/home/sensethreat/.local/bin:/usr/local/sbin:/usr/local/bin:/usr/sbin:/usr/bin:/sbin:/bin:/usr/games:/usr/local/games:/snap/bin:/snap/bin:/home/sensethreat/.vscode/extensions/ms-python.debugpy-2025.18.0-linux-x64/bundled/scripts/noConfigScripts'), ('SESSION_MANAGER', 'local/gr00t-4090:@/tmp/.ICE-unix/4476,unix/gr00t-4090:/tmp/.ICE-unix/4476'), ('INVOCATION_ID', '2f188857ecf04eb188026dc287baa7cc'), ('XDG_MENU_PREFIX', 'gnome-'), ('XDG_RUNTIME_DIR', '/run/user/1000'), ('GDK_BACKEND', 'x11'), ('DISPLAY', ':1'), ('VSCODE_DEBUGPY_ADAPTER_ENDPOINTS', '/home/sensethreat/.vscode/extensions/ms-python.debugpy-2025.18.0-linux-x64/.noConfigDebugAdapterEndpoints/endpoint-9686078bbb06aef1.txt'), ('LANG', 'en_US.UTF-8'), ('XDG_CURRENT_DESKTOP', 'ubuntu:GNOME'), ('PYTHONSTARTUP', '/home/sensethreat/.config/Code/User/workspaceStorage/a1ba31dbdeff2a34003cc17b1390a45e/ms-python.python/pythonrc.py'), ('XMODIFIERS', '@im=ibus'), ('XDG_SESSION_DESKTOP', 'ubuntu'), ('XAUTHORITY', '/run/user/1000/gdm/Xauthority'), ('LS_COLORS', 'rs=0:di=01;34:ln=01;36:mh=00:pi=40;33:so=01;35:do=01;35:bd=40;33;01:cd=40;33;01:or=40;31;01:mi=00:su=37;41:sg=30;43:ca=30;41:tw=30;42:ow=34;42:st=37;44:ex=01;32:*.tar=01;31:*.tgz=01;31:*.arc=01;31:*.arj=01;31:*.taz=01;31:*.lha=01;31:*.lz4=01;31:*.lzh=01;31:*.lzma=01;31:*.tlz=01;31:*.txz=01;31:*.tzo=01;31:*.t7z=01;31:*.zip=01;31:*.z=01;31:*.dz=01;31:*.gz=01;31:*.lrz=01;31:*.lz=01;31:*.lzo=01;31:*.xz=01;31:*.zst=01;31:*.tzst=01;31:*.bz2=01;31:*.bz=01;31:*.tbz=01;31:*.tbz2=01;31:*.tz=01;31:*.deb=01;31:*.rpm=01;31:*.jar=01;31:*.war=01;31:*.ear=01;31:*.sar=01;31:*.rar=01;31:*.alz=01;31:*.ace=01;31:*.zoo=01;31:*.cpio=01;31:*.7z=01;31:*.rz=01;31:*.cab=01;31:*.wim=01;31:*.swm=01;31:*.dwm=01;31:*.esd=01;31:*.jpg=01;35:*.jpeg=01;35:*.mjpg=01;35:*.mjpeg=01;35:*.gif=01;35:*.bmp=01;35:*.pbm=01;35:*.pgm=01;35:*.ppm=01;35:*.tga=01;35:*.xbm=01;35:*.xpm=01;35:*.tif=01;35:*.tiff=01;35:*.png=01;35:*.svg=01;35:*.svgz=01;35:*.mng=01;35:*.pcx=01;35:*.mov=01;35:*.mpg=01;35:*.mpeg=01;35:*.m2v=01;35:*.mkv=01;35:*.webm=01;35:*.webp=01;35:*.ogm=01;35:*.mp4=01;35:*.m4v=01;35:*.mp4v=01;35:*.vob=01;35:*.qt=01;35:*.nuv=01;35:*.wmv=01;35:*.asf=01;35:*.rm=01;35:*.rmvb=01;35:*.flc=01;35:*.avi=01;35:*.fli=01;35:*.flv=01;35:*.gl=01;35:*.dl=01;35:*.xcf=01;35:*.xwd=01;35:*.yuv=01;35:*.cgm=01;35:*.emf=01;35:*.ogv=01;35:*.ogx=01;35:*.aac=00;36:*.au=00;36:*.flac=00;36:*.m4a=00;36:*.mid=00;36:*.midi=00;36:*.mka=00;36:*.mp3=00;36:*.mpc=00;36:*.ogg=00;36:*.ra=00;36:*.wav=00;36:*.oga=00;36:*.opus=00;36:*.spx=00;36:*.xspf=00;36:'), ('VSCODE_GIT_IPC_HANDLE', '/run/user/1000/vscode-git-e747b80a0c.sock'), ('TERM_PROGRAM', 'vscode'), ('SSH_AGENT_LAUNCHER', 'gnome-keyring'), ('SSH_AUTH_SOCK', '/run/user/1000/keyring/ssh'), ('ROS_DOMAIN_ID', '42'), ('AMENT_PREFIX_PATH', '/opt/ros/humble'), ('CONDA_PYTHON_EXE', '/home/sensethreat/anaconda3/bin/python'), ('SHELL', '/bin/bash'), ('QT_ACCESSIBILITY', '1'), ('GDMSESSION', 'ubuntu'), ('LESSCLOSE', '/usr/bin/lesspipe %s %s'), ('GPG_AGENT_INFO', '/run/user/1000/gnupg/S.gpg-agent:0:1'), ('GJS_DEBUG_OUTPUT', 'stderr'), ('VSCODE_GIT_ASKPASS_EXTRA_ARGS', ''), ('QT_IM_MODULE', 'ibus'), ('GEMINI_CLI_IDE_AUTH_TOKEN', '26413f97-634b-4051-b3bb-35b322666b9d'), ('PWD', '/mnt/ssd/lsgloc_ws/build/bcr_bot'), ('TURTLEBOT3_MODEL', 'waffle'), ('LC_ALL', 'en_US.UTF-8'), ('XDG_CONFIG_DIRS', '/etc/xdg/xdg-ubuntu:/etc/xdg'), ('CONDA_EXE', '/home/sensethreat/anaconda3/bin/conda'), ('NVM_CD_FLAGS', ''), ('XDG_DATA_DIRS', '/usr/share/ubuntu:/usr/share/gnome:/usr/local/share/:/usr/share/:/var/lib/snapd/desktop'), ('LDS_MODEL', 'LDS-01'), ('PYTHONPATH', '/opt/ros/humble/lib/python3.10/site-packages:/opt/ros/humble/local/lib/python3.10/dist-packages'), ('COLCON', '1'), ('CMAKE_PREFIX_PATH', '/opt/ros/humble')]), 'shell': False}
[0.044403] (semantic_msgs) StdoutLine: {'line': b'[  2%] Built target semantic_msgs__cpp\n'}
[0.045866] (semantic_msgs) StdoutLine: {'line': b'[ 12%] Built target semantic_msgs__rosidl_generator_c\n'}
[0.050718] (semantic_msgs) StdoutLine: {'line': b'[ 12%] Built target ament_cmake_python_copy_semantic_msgs\n'}
[0.059412] (semantic_msgs) StdoutLine: {'line': b'[ 23%] Built target semantic_msgs__rosidl_typesupport_fastrtps_cpp\n'}
[0.059736] (semantic_msgs) StdoutLine: {'line': b'[ 33%] Built target semantic_msgs__rosidl_typesupport_cpp\n'}
[0.060645] (semantic_msgs) StdoutLine: {'line': b'[ 43%] Built target semantic_msgs__rosidl_typesupport_c\n'}
[0.060904] (semantic_msgs) StdoutLine: {'line': b'[ 53%] Built target semantic_msgs__rosidl_typesupport_fastrtps_c\n'}
[0.061159] (semantic_msgs) StdoutLine: {'line': b'[ 64%] Built target semantic_msgs__rosidl_typesupport_introspection_cpp\n'}
[0.062625] (semantic_msgs) StdoutLine: {'line': b'[ 74%] Built target semantic_msgs__rosidl_typesupport_introspection_c\n'}
[0.075616] (semantic_msgs) StdoutLine: {'line': b'[ 74%] Built target semantic_msgs\n'}
[0.089926] (semantic_msgs) StdoutLine: {'line': b'[ 76%] Built target semantic_msgs__py\n'}
[0.099879] (-) TimerEvent: {}
[0.104846] (semantic_msgs) StdoutLine: {'line': b'[ 84%] Built target semantic_msgs__rosidl_generator_py\n'}
[0.119246] (semantic_msgs) StdoutLine: {'line': b'[ 94%] Built target semantic_msgs__rosidl_typesupport_c__pyext\n'}
[0.119383] (semantic_msgs) StdoutLine: {'line': b'[ 94%] Built target semantic_msgs__rosidl_typesupport_introspection_c__pyext\n'}
[0.119445] (semantic_msgs) StdoutLine: {'line': b'[100%] Built target semantic_msgs__rosidl_typesupport_fastrtps_c__pyext\n'}
[0.199970] (-) TimerEvent: {}
[0.237697] (bcr_bot) CommandEnded: {'returncode': 0}
[0.238212] (bcr_bot) JobProgress: {'identifier': 'bcr_bot', 'progress': 'install'}
[0.244754] (bcr_bot) Command: {'cmd': ['/usr/bin/cmake', '--install', '/mnt/ssd/lsgloc_ws/build/bcr_bot'], 'cwd': '/mnt/ssd/lsgloc_ws/build/bcr_bot', 'env': OrderedDict([('GJS_DEBUG_TOPICS', 'JS ERROR;JS LOG'), ('PYTHON_BASIC_REPL', '1'), ('LESSOPEN', '| /usr/bin/lesspipe %s'), ('LANGUAGE', 'en_SG:en'), ('USER', 'sensethreat'), ('XDG_SESSION_TYPE', 'x11'), ('GIT_ASKPASS', '/usr/share/code/resources/app/extensions/git/dist/askpass.sh'), ('SHLVL', '1'), ('LD_LIBRARY_PATH', '/usr/local/cuda/lib64:/usr/lib/x86_64-linux-gnu/gazebo-11/plugins:/opt/ros/humble/opt/rviz_ogre_vendor/lib:/opt/ros/humble/lib/x86_64-linux-gnu:/opt/ros/humble/lib:/usr/local/cuda/lib64:'), ('HOME', '/home/sensethreat'), ('CHROME_DESKTOP', 'code.desktop'), ('CONDA_SHLVL', '0'), ('TERM_PROGRAM_VERSION', '1.108.2'), ('DESKTOP_SESSION', 'ubuntu'), ('NVM_BIN', '/home/sensethreat/.nvm/versions/node/v20.20.1/bin'), ('NVM_INC', '/home/sensethreat/.nvm/versions/node/v20.20.1/include/node'), ('GIO_LAUNCHED_DESKTOP_FILE', '/usr/share/applications/code.desktop'), ('ROS_PYTHON_VERSION', '3'), ('GNOME_SHELL_SESSION_MODE', 'ubuntu'), ('GTK_MODULES', 'gail:atk-bridge'), ('VSCODE_GIT_ASKPASS_MAIN', '/usr/share/code/resources/app/extensions/git/dist/askpass-main.js'), ('VSCODE_GIT_ASKPASS_NODE', '/usr/share/code/code'), ('MANAGERPID', '4235'), ('PYDEVD_DISABLE_FILE_VALIDATION', '1'), ('SYSTEMD_EXEC_PID', '4526'), ('BUNDLED_DEBUGPY_PATH', '/home/sensethreat/.vscode/extensions/ms-python.debugpy-2025.18.0-linux-x64/bundled/libs/debugpy'), ('VSCODE_PYTHON_AUTOACTIVATE_GUARD', '1'), ('DBUS_SESSION_BUS_ADDRESS', 'unix:path=/run/user/1000/bus'), ('COLORTERM', 'truecolor'), ('_CE_M', ''), ('GIO_LAUNCHED_DESKTOP_FILE_PID', '1699102'), ('NVM_DIR', '/home/sensethreat/.nvm'), ('ROS_DISTRO', 'humble'), ('GTK_IM_MODULE', 'ibus'), ('LOGNAME', 'sensethreat'), ('JOURNAL_STREAM', '8:25865'), ('_', '/usr/bin/colcon'), ('ROS_VERSION', '2'), ('CLAUDE_CODE_SSE_PORT', '13146'), ('XDG_SESSION_CLASS', 'user'), ('GEMINI_CLI_IDE_WORKSPACE_PATH', '/mnt/ssd/lsgloc_ws'), ('USERNAME', 'sensethreat'), ('TERM', 'xterm-256color'), ('GNOME_DESKTOP_SESSION_ID', 'this-is-deprecated'), ('_CE_CONDA', ''), ('FC_FONTATIONS', '1'), ('ROS_LOCALHOST_ONLY', '0'), ('GEMINI_CLI_IDE_SERVER_PORT', '37737'), ('WINDOWPATH', '2'), ('PATH', '/usr/local/cuda/bin:/home/sensethreat/.config/Code/User/globalStorage/github.copilot-chat/debugCommand:/home/sensethreat/.config/Code/User/globalStorage/github.copilot-chat/copilotCli:/home/sensethreat/.local/bin:/home/sensethreat/.nvm/versions/node/v20.20.1/bin:/opt/ros/humble/bin:/home/sensethreat/anaconda3/condabin:/usr/local/cuda/bin:/home/sensethreat/.local/bin:/usr/local/sbin:/usr/local/bin:/usr/sbin:/usr/bin:/sbin:/bin:/usr/games:/usr/local/games:/snap/bin:/snap/bin:/home/sensethreat/.vscode/extensions/ms-python.debugpy-2025.18.0-linux-x64/bundled/scripts/noConfigScripts'), ('SESSION_MANAGER', 'local/gr00t-4090:@/tmp/.ICE-unix/4476,unix/gr00t-4090:/tmp/.ICE-unix/4476'), ('INVOCATION_ID', '2f188857ecf04eb188026dc287baa7cc'), ('XDG_MENU_PREFIX', 'gnome-'), ('XDG_RUNTIME_DIR', '/run/user/1000'), ('GDK_BACKEND', 'x11'), ('DISPLAY', ':1'), ('VSCODE_DEBUGPY_ADAPTER_ENDPOINTS', '/home/sensethreat/.vscode/extensions/ms-python.debugpy-2025.18.0-linux-x64/.noConfigDebugAdapterEndpoints/endpoint-9686078bbb06aef1.txt'), ('LANG', 'en_US.UTF-8'), ('XDG_CURRENT_DESKTOP', 'ubuntu:GNOME'), ('PYTHONSTARTUP', '/home/sensethreat/.config/Code/User/workspaceStorage/a1ba31dbdeff2a34003cc17b1390a45e/ms-python.python/pythonrc.py'), ('XMODIFIERS', '@im=ibus'), ('XDG_SESSION_DESKTOP', 'ubuntu'), ('XAUTHORITY', '/run/user/1000/gdm/Xauthority'), ('LS_COLORS', 'rs=0:di=01;34:ln=01;36:mh=00:pi=40;33:so=01;35:do=01;35:bd=40;33;01:cd=40;33;01:or=40;31;01:mi=00:su=37;41:sg=30;43:ca=30;41:tw=30;42:ow=34;42:st=37;44:ex=01;32:*.tar=01;31:*.tgz=01;31:*.arc=01;31:*.arj=01;31:*.taz=01;31:*.lha=01;31:*.lz4=01;31:*.lzh=01;31:*.lzma=01;31:*.tlz=01;31:*.txz=01;31:*.tzo=01;31:*.t7z=01;31:*.zip=01;31:*.z=01;31:*.dz=01;31:*.gz=01;31:*.lrz=01;31:*.lz=01;31:*.lzo=01;31:*.xz=01;31:*.zst=01;31:*.tzst=01;31:*.bz2=01;31:*.bz=01;31:*.tbz=01;31:*.tbz2=01;31:*.tz=01;31:*.deb=01;31:*.rpm=01;31:*.jar=01;31:*.war=01;31:*.ear=01;31:*.sar=01;31:*.rar=01;31:*.alz=01;31:*.ace=01;31:*.zoo=01;31:*.cpio=01;31:*.7z=01;31:*.rz=01;31:*.cab=01;31:*.wim=01;31:*.swm=01;31:*.dwm=01;31:*.esd=01;31:*.jpg=01;35:*.jpeg=01;35:*.mjpg=01;35:*.mjpeg=01;35:*.gif=01;35:*.bmp=01;35:*.pbm=01;35:*.pgm=01;35:*.ppm=01;35:*.tga=01;35:*.xbm=01;35:*.xpm=01;35:*.tif=01;35:*.tiff=01;35:*.png=01;35:*.svg=01;35:*.svgz=01;35:*.mng=01;35:*.pcx=01;35:*.mov=01;35:*.mpg=01;35:*.mpeg=01;35:*.m2v=01;35:*.mkv=01;35:*.webm=01;35:*.webp=01;35:*.ogm=01;35:*.mp4=01;35:*.m4v=01;35:*.mp4v=01;35:*.vob=01;35:*.qt=01;35:*.nuv=01;35:*.wmv=01;35:*.asf=01;35:*.rm=01;35:*.rmvb=01;35:*.flc=01;35:*.avi=01;35:*.fli=01;35:*.flv=01;35:*.gl=01;35:*.dl=01;35:*.xcf=01;35:*.xwd=01;35:*.yuv=01;35:*.cgm=01;35:*.emf=01;35:*.ogv=01;35:*.ogx=01;35:*.aac=00;36:*.au=00;36:*.flac=00;36:*.m4a=00;36:*.mid=00;36:*.midi=00;36:*.mka=00;36:*.mp3=00;36:*.mpc=00;36:*.ogg=00;36:*.ra=00;36:*.wav=00;36:*.oga=00;36:*.opus=00;36:*.spx=00;36:*.xspf=00;36:'), ('VSCODE_GIT_IPC_HANDLE', '/run/user/1000/vscode-git-e747b80a0c.sock'), ('TERM_PROGRAM', 'vscode'), ('SSH_AGENT_LAUNCHER', 'gnome-keyring'), ('SSH_AUTH_SOCK', '/run/user/1000/keyring/ssh'), ('ROS_DOMAIN_ID', '42'), ('AMENT_PREFIX_PATH', '/opt/ros/humble'), ('CONDA_PYTHON_EXE', '/home/sensethreat/anaconda3/bin/python'), ('SHELL', '/bin/bash'), ('QT_ACCESSIBILITY', '1'), ('GDMSESSION', 'ubuntu'), ('LESSCLOSE', '/usr/bin/lesspipe %s %s'), ('GPG_AGENT_INFO', '/run/user/1000/gnupg/S.gpg-agent:0:1'), ('GJS_DEBUG_OUTPUT', 'stderr'), ('VSCODE_GIT_ASKPASS_EXTRA_ARGS', ''), ('QT_IM_MODULE', 'ibus'), ('GEMINI_CLI_IDE_AUTH_TOKEN', '26413f97-634b-4051-b3bb-35b322666b9d'), ('PWD', '/mnt/ssd/lsgloc_ws/build/bcr_bot'), ('TURTLEBOT3_MODEL', 'waffle'), ('LC_ALL', 'en_US.UTF-8'), ('XDG_CONFIG_DIRS', '/etc/xdg/xdg-ubuntu:/etc/xdg'), ('CONDA_EXE', '/home/sensethreat/anaconda3/bin/conda'), ('NVM_CD_FLAGS', ''), ('XDG_DATA_DIRS', '/usr/share/ubuntu:/usr/share/gnome:/usr/local/share/:/usr/share/:/var/lib/snapd/desktop'), ('LDS_MODEL', 'LDS-01'), ('PYTHONPATH', '/opt/ros/humble/lib/python3.10/site-packages:/opt/ros/humble/local/lib/python3.10/dist-packages'), ('COLCON', '1'), ('CMAKE_PREFIX_PATH', '/opt/ros/humble')]), 'shell': False}
[0.250505] (bcr_bot) StdoutLine: {'line': b'-- Install configuration: ""\n'}
[0.250620] (bcr_bot) StdoutLine: {'line': b'-- Up-to-date: /mnt/ssd/lsgloc_ws/install/bcr_bot/share/bcr_bot//launch\n'}
[0.250662] (bcr_bot) StdoutLine: {'line': b'-- Up-to-date: /mnt/ssd/lsgloc_ws/install/bcr_bot/share/bcr_bot//launch/bcr_bot_gz_spawn.launch.py\n'}
[0.250699] (bcr_bot) StdoutLine: {'line': b'-- Up-to-date: /mnt/ssd/lsgloc_ws/install/bcr_bot/share/bcr_bot//launch/bcr_bot_gazebo_spawn.launch.py\n'}
[0.250734] (bcr_bot) StdoutLine: {'line': b'-- Up-to-date: /mnt/ssd/lsgloc_ws/install/bcr_bot/share/bcr_bot//launch/nav2.launch.py\n'}
[0.250805] (bcr_bot) StdoutLine: {'line': b'-- Up-to-date: /mnt/ssd/lsgloc_ws/install/bcr_bot/share/bcr_bot//launch/rviz.launch.py\n'}
[0.250856] (bcr_bot) StdoutLine: {'line': b'-- Up-to-date: /mnt/ssd/lsgloc_ws/install/bcr_bot/share/bcr_bot//launch/gz.launch.py\n'}
[0.250887] (bcr_bot) StdoutLine: {'line': b'-- Up-to-date: /mnt/ssd/lsgloc_ws/install/bcr_bot/share/bcr_bot//launch/ign.launch.py\n'}
[0.250916] (bcr_bot) StdoutLine: {'line': b'-- Up-to-date: /mnt/ssd/lsgloc_ws/install/bcr_bot/share/bcr_bot//launch/mapping.launch.py\n'}
[0.250946] (bcr_bot) StdoutLine: {'line': b'-- Up-to-date: /mnt/ssd/lsgloc_ws/install/bcr_bot/share/bcr_bot//launch/gazebo.launch.py\n'}
[0.250975] (bcr_bot) StdoutLine: {'line': b'-- Up-to-date: /mnt/ssd/lsgloc_ws/install/bcr_bot/share/bcr_bot//launch/bcr_bot_ign_spawn.launch.py\n'}
[0.251004] (bcr_bot) StdoutLine: {'line': b'-- Up-to-date: /mnt/ssd/lsgloc_ws/install/bcr_bot/share/bcr_bot//launch/teleop.launch.py\n'}
[0.251032] (bcr_bot) StdoutLine: {'line': b'-- Up-to-date: /mnt/ssd/lsgloc_ws/install/bcr_bot/share/bcr_bot//meshes\n'}
[0.251061] (bcr_bot) StdoutLine: {'line': b'-- Up-to-date: /mnt/ssd/lsgloc_ws/install/bcr_bot/share/bcr_bot//meshes/kinect\n'}
[0.251091] (bcr_bot) StdoutLine: {'line': b'-- Up-to-date: /mnt/ssd/lsgloc_ws/install/bcr_bot/share/bcr_bot//meshes/kinect/kinect.jpg\n'}
[0.251120] (bcr_bot) StdoutLine: {'line': b'-- Up-to-date: /mnt/ssd/lsgloc_ws/install/bcr_bot/share/bcr_bot//meshes/kinect/kinect.dae\n'}
[0.251149] (bcr_bot) StdoutLine: {'line': b'-- Up-to-date: /mnt/ssd/lsgloc_ws/install/bcr_bot/share/bcr_bot//meshes/kinect/d415.dae\n'}
[0.251180] (bcr_bot) StdoutLine: {'line': b'-- Up-to-date: /mnt/ssd/lsgloc_ws/install/bcr_bot/share/bcr_bot//meshes/kinect/kinect.tga\n'}
[0.251225] (bcr_bot) StdoutLine: {'line': b'-- Up-to-date: /mnt/ssd/lsgloc_ws/install/bcr_bot/share/bcr_bot//meshes/logo.png\n'}
[0.251255] (bcr_bot) StdoutLine: {'line': b'-- Up-to-date: /mnt/ssd/lsgloc_ws/install/bcr_bot/share/bcr_bot//meshes/realsense_texture.png\n'}
[0.251285] (bcr_bot) StdoutLine: {'line': b'-- Up-to-date: /mnt/ssd/lsgloc_ws/install/bcr_bot/share/bcr_bot//meshes/bcr_bot_mesh.dae\n'}
[0.251365] (bcr_bot) StdoutLine: {'line': b'-- Up-to-date: /mnt/ssd/lsgloc_ws/install/bcr_bot/share/bcr_bot//models\n'}
[0.251404] (bcr_bot) StdoutLine: {'line': b'-- Up-to-date: /mnt/ssd/lsgloc_ws/install/bcr_bot/share/bcr_bot//models/aws_robomaker_warehouse_WallB_01\n'}
[0.251434] (bcr_bot) StdoutLine: {'line': b'-- Up-to-date: /mnt/ssd/lsgloc_ws/install/bcr_bot/share/bcr_bot//models/aws_robomaker_warehouse_WallB_01/model.config\n'}
[0.251464] (bcr_bot) StdoutLine: {'line': b'-- Up-to-date: /mnt/ssd/lsgloc_ws/install/bcr_bot/share/bcr_bot//models/aws_robomaker_warehouse_WallB_01/model.sdf\n'}
[0.251494] (bcr_bot) StdoutLine: {'line': b'-- Up-to-date: /mnt/ssd/lsgloc_ws/install/bcr_bot/share/bcr_bot//models/aws_robomaker_warehouse_WallB_01/meshes\n'}
[0.251532] (bcr_bot) StdoutLine: {'line': b'-- Up-to-date: /mnt/ssd/lsgloc_ws/install/bcr_bot/share/bcr_bot//models/aws_robomaker_warehouse_WallB_01/meshes/aws_robomaker_warehouse_WallB_01_collision.DAE\n'}
[0.251597] (bcr_bot) StdoutLine: {'line': b'-- Up-to-date: /mnt/ssd/lsgloc_ws/install/bcr_bot/share/bcr_bot//models/aws_robomaker_warehouse_WallB_01/meshes/aws_robomaker_warehouse_WallB_01_visual.DAE\n'}
[0.251629] (bcr_bot) StdoutLine: {'line': b'-- Up-to-date: /mnt/ssd/lsgloc_ws/install/bcr_bot/share/bcr_bot//models/aws_robomaker_warehouse_WallB_01/materials\n'}
[0.251688] (bcr_bot) StdoutLine: {'line': b'-- Up-to-date: /mnt/ssd/lsgloc_ws/install/bcr_bot/share/bcr_bot//models/aws_robomaker_warehouse_WallB_01/materials/textures\n'}
[0.251728] (bcr_bot) StdoutLine: {'line': b'-- Up-to-date: /mnt/ssd/lsgloc_ws/install/bcr_bot/share/bcr_bot//models/aws_robomaker_warehouse_WallB_01/materials/textures/aws_robomaker_warehouse_WallB_01.png\n'}
[0.251776] (bcr_bot) StdoutLine: {'line': b'-- Up-to-date: /mnt/ssd/lsgloc_ws/install/bcr_bot/share/bcr_bot//models/aws_robomaker_warehouse_ClutteringA_01\n'}
[0.251821] (bcr_bot) StdoutLine: {'line': b'-- Up-to-date: /mnt/ssd/lsgloc_ws/install/bcr_bot/share/bcr_bot//models/aws_robomaker_warehouse_ClutteringA_01/model.config\n'}
[0.251848] (bcr_bot) StdoutLine: {'line': b'-- Up-to-date: /mnt/ssd/lsgloc_ws/install/bcr_bot/share/bcr_bot//models/aws_robomaker_warehouse_ClutteringA_01/model.sdf\n'}
[0.251898] (bcr_bot) StdoutLine: {'line': b'-- Up-to-date: /mnt/ssd/lsgloc_ws/install/bcr_bot/share/bcr_bot//models/aws_robomaker_warehouse_ClutteringA_01/meshes\n'}
[0.251932] (bcr_bot) StdoutLine: {'line': b'-- Up-to-date: /mnt/ssd/lsgloc_ws/install/bcr_bot/share/bcr_bot//models/aws_robomaker_warehouse_ClutteringA_01/meshes/aws_robomaker_warehouse_ClutteringA_01_collision.DAE\n'}
[0.251968] (bcr_bot) StdoutLine: {'line': b'-- Up-to-date: /mnt/ssd/lsgloc_ws/install/bcr_bot/share/bcr_bot//models/aws_robomaker_warehouse_ClutteringA_01/meshes/aws_robomaker_warehouse_ClutteringA_01_visual.DAE\n'}
[0.252006] (bcr_bot) StdoutLine: {'line': b'-- Up-to-date: /mnt/ssd/lsgloc_ws/install/bcr_bot/share/bcr_bot//models/aws_robomaker_warehouse_ClutteringA_01/.DS_Store\n'}
[0.252033] (bcr_bot) StdoutLine: {'line': b'-- Up-to-date: /mnt/ssd/lsgloc_ws/install/bcr_bot/share/bcr_bot//models/aws_robomaker_warehouse_ClutteringA_01/materials\n'}
[0.252059] (bcr_bot) StdoutLine: {'line': b'-- Up-to-date: /mnt/ssd/lsgloc_ws/install/bcr_bot/share/bcr_bot//models/aws_robomaker_warehouse_ClutteringA_01/materials/textures\n'}
[0.252120] (bcr_bot) StdoutLine: {'line': b'-- Up-to-date: /mnt/ssd/lsgloc_ws/install/bcr_bot/share/bcr_bot//models/aws_robomaker_warehouse_ClutteringA_01/materials/textures/aws_robomaker_warehouse_ClutteringA_03.png\n'}
[0.252147] (bcr_bot) StdoutLine: {'line': b'-- Up-to-date: /mnt/ssd/lsgloc_ws/install/bcr_bot/share/bcr_bot//models/aws_robomaker_warehouse_ClutteringA_01/materials/textures/aws_robomaker_warehouse_ClutteringA_01.png\n'}
[0.252185] (bcr_bot) StdoutLine: {'line': b'-- Up-to-date: /mnt/ssd/lsgloc_ws/install/bcr_bot/share/bcr_bot//models/aws_robomaker_warehouse_ClutteringA_01/materials/textures/aws_robomaker_warehouse_ClutteringA_02.png\n'}
[0.252214] (bcr_bot) StdoutLine: {'line': b'-- Up-to-date: /mnt/ssd/lsgloc_ws/install/bcr_bot/share/bcr_bot//models/aws_robomaker_warehouse_ClutteringA_01/materials/textures/.DS_Store\n'}
[0.252241] (bcr_bot) StdoutLine: {'line': b'-- Up-to-date: /mnt/ssd/lsgloc_ws/install/bcr_bot/share/bcr_bot//models/aws_robomaker_warehouse_ClutteringA_01/materials/.DS_Store\n'}
[0.252284] (bcr_bot) StdoutLine: {'line': b'-- Up-to-date: /mnt/ssd/lsgloc_ws/install/bcr_bot/share/bcr_bot//models/aws_robomaker_warehouse_ShelfF_01\n'}
[0.252311] (bcr_bot) StdoutLine: {'line': b'-- Up-to-date: /mnt/ssd/lsgloc_ws/install/bcr_bot/share/bcr_bot//models/aws_robomaker_warehouse_ShelfF_01/model.config\n'}
[0.252338] (bcr_bot) StdoutLine: {'line': b'-- Up-to-date: /mnt/ssd/lsgloc_ws/install/bcr_bot/share/bcr_bot//models/aws_robomaker_warehouse_ShelfF_01/model.sdf\n'}
[0.252364] (bcr_bot) StdoutLine: {'line': b'-- Up-to-date: /mnt/ssd/lsgloc_ws/install/bcr_bot/share/bcr_bot//models/aws_robomaker_warehouse_ShelfF_01/meshes\n'}
[0.252391] (bcr_bot) StdoutLine: {'line': b'-- Up-to-date: /mnt/ssd/lsgloc_ws/install/bcr_bot/share/bcr_bot//models/aws_robomaker_warehouse_ShelfF_01/meshes/aws_robomaker_warehouse_ShelfF_01_collision.DAE\n'}
[0.252419] (bcr_bot) StdoutLine: {'line': b'-- Up-to-date: /mnt/ssd/lsgloc_ws/install/bcr_bot/share/bcr_bot//models/aws_robomaker_warehouse_ShelfF_01/meshes/aws_robomaker_warehouse_ShelfF_01_visual.DAE\n'}
[0.252446] (bcr_bot) StdoutLine: {'line': b'-- Up-to-date: /mnt/ssd/lsgloc_ws/install/bcr_bot/share/bcr_bot//models/aws_robomaker_warehouse_ShelfF_01/materials\n'}
[0.252472] (bcr_bot) StdoutLine: {'line': b'-- Up-to-date: /mnt/ssd/lsgloc_ws/install/bcr_bot/share/bcr_bot//models/aws_robomaker_warehouse_ShelfF_01/materials/textures\n'}
[0.252499] (bcr_bot) StdoutLine: {'line': b'-- Up-to-date: /mnt/ssd/lsgloc_ws/install/bcr_bot/share/bcr_bot//models/aws_robomaker_warehouse_ShelfF_01/materials/textures/aws_robomaker_warehouse_ShelfF_03.png\n'}
[0.252526] (bcr_bot) StdoutLine: {'line': b'-- Up-to-date: /mnt/ssd/lsgloc_ws/install/bcr_bot/share/bcr_bot//models/aws_robomaker_warehouse_ShelfF_01/materials/textures/aws_robomaker_warehouse_ShelfF_01.png\n'}
[0.252552] (bcr_bot) StdoutLine: {'line': b'-- Up-to-date: /mnt/ssd/lsgloc_ws/install/bcr_bot/share/bcr_bot//models/aws_robomaker_warehouse_ShelfF_01/materials/textures/aws_robomaker_warehouse_ShelfF_02.png\n'}
[0.252580] (bcr_bot) StdoutLine: {'line': b'-- Up-to-date: /mnt/ssd/lsgloc_ws/install/bcr_bot/share/bcr_bot//models/aws_robomaker_warehouse_DeskC_01\n'}
[0.252643] (bcr_bot) StdoutLine: {'line': b'-- Up-to-date: /mnt/ssd/lsgloc_ws/install/bcr_bot/share/bcr_bot//models/aws_robomaker_warehouse_DeskC_01/model.config\n'}
[0.252741] (bcr_bot) StdoutLine: {'line': b'-- Up-to-date: /mnt/ssd/lsgloc_ws/install/bcr_bot/share/bcr_bot//models/aws_robomaker_warehouse_DeskC_01/model.sdf\n'}
[0.252884] (bcr_bot) StdoutLine: {'line': b'-- Up-to-date: /mnt/ssd/lsgloc_ws/install/bcr_bot/share/bcr_bot//models/aws_robomaker_warehouse_DeskC_01/meshes\n'}
[0.252932] (bcr_bot) StdoutLine: {'line': b'-- Up-to-date: /mnt/ssd/lsgloc_ws/install/bcr_bot/share/bcr_bot//models/aws_robomaker_warehouse_DeskC_01/meshes/aws_robomaker_warehouse_DeskC_01_visual.DAE\n'}
[0.252971] (bcr_bot) StdoutLine: {'line': b'-- Up-to-date: /mnt/ssd/lsgloc_ws/install/bcr_bot/share/bcr_bot//models/aws_robomaker_warehouse_DeskC_01/meshes/aws_robomaker_warehouse_DeskC_01_collision.DAE\n'}
[0.253034] (bcr_bot) StdoutLine: {'line': b'-- Up-to-date: /mnt/ssd/lsgloc_ws/install/bcr_bot/share/bcr_bot//models/aws_robomaker_warehouse_DeskC_01/materials\n'}
[0.253072] (bcr_bot) StdoutLine: {'line': b'-- Up-to-date: /mnt/ssd/lsgloc_ws/install/bcr_bot/share/bcr_bot//models/aws_robomaker_warehouse_DeskC_01/materials/textures\n'}
[0.253125] (bcr_bot) StdoutLine: {'line': b'-- Up-to-date: /mnt/ssd/lsgloc_ws/install/bcr_bot/share/bcr_bot//models/aws_robomaker_warehouse_DeskC_01/materials/textures/aws_robomaker_warehouse_DeskC_01.png\n'}
[0.253160] (bcr_bot) StdoutLine: {'line': b'-- Up-to-date: /mnt/ssd/lsgloc_ws/install/bcr_bot/share/bcr_bot//models/aws_robomaker_warehouse_DeskC_01/materials/textures/aws_robomaker_warehouse_DeskC_04.png\n'}
[0.253195] (bcr_bot) StdoutLine: {'line': b'-- Up-to-date: /mnt/ssd/lsgloc_ws/install/bcr_bot/share/bcr_bot//models/aws_robomaker_warehouse_DeskC_01/materials/textures/aws_robomaker_warehouse_DeskC_03.psd\n'}
[0.253230] (bcr_bot) StdoutLine: {'line': b'-- Up-to-date: /mnt/ssd/lsgloc_ws/install/bcr_bot/share/bcr_bot//models/aws_robomaker_warehouse_DeskC_01/materials/textures/aws_robomaker_warehouse_DeskC_03.png\n'}
[0.253264] (bcr_bot) StdoutLine: {'line': b'-- Up-to-date: /mnt/ssd/lsgloc_ws/install/bcr_bot/share/bcr_bot//models/aws_robomaker_warehouse_DeskC_01/materials/textures/aws_robomaker_warehouse_DeskC_02.png\n'}
[0.253333] (bcr_bot) StdoutLine: {'line': b'-- Up-to-date: /mnt/ssd/lsgloc_ws/install/bcr_bot/share/bcr_bot//models/aws_robomaker_warehouse_DeskC_01/materials/.DS_Store\n'}
[0.253367] (bcr_bot) StdoutLine: {'line': b'-- Up-to-date: /mnt/ssd/lsgloc_ws/install/bcr_bot/share/bcr_bot//models/aws_robomaker_warehouse_Lamp_01\n'}
[0.253401] (bcr_bot) StdoutLine: {'line': b'-- Up-to-date: /mnt/ssd/lsgloc_ws/install/bcr_bot/share/bcr_bot//models/aws_robomaker_warehouse_Lamp_01/model.config\n'}
[0.253456] (bcr_bot) StdoutLine: {'line': b'-- Up-to-date: /mnt/ssd/lsgloc_ws/install/bcr_bot/share/bcr_bot//models/aws_robomaker_warehouse_Lamp_01/model.sdf\n'}
[0.253490] (bcr_bot) StdoutLine: {'line': b'-- Up-to-date: /mnt/ssd/lsgloc_ws/install/bcr_bot/share/bcr_bot//models/aws_robomaker_warehouse_Lamp_01/meshes\n'}
[0.253524] (bcr_bot) StdoutLine: {'line': b'-- Up-to-date: /mnt/ssd/lsgloc_ws/install/bcr_bot/share/bcr_bot//models/aws_robomaker_warehouse_Lamp_01/meshes/aws_robomaker_warehouse_Lamp_01_collision.DAE\n'}
[0.253557] (bcr_bot) StdoutLine: {'line': b'-- Up-to-date: /mnt/ssd/lsgloc_ws/install/bcr_bot/share/bcr_bot//models/aws_robomaker_warehouse_Lamp_01/meshes/aws_robomaker_warehouse_Lamp_01_visual.DAE\n'}
[0.253591] (bcr_bot) StdoutLine: {'line': b'-- Up-to-date: /mnt/ssd/lsgloc_ws/install/bcr_bot/share/bcr_bot//models/aws_robomaker_warehouse_Lamp_01/materials\n'}
[0.253628] (bcr_bot) StdoutLine: {'line': b'-- Up-to-date: /mnt/ssd/lsgloc_ws/install/bcr_bot/share/bcr_bot//models/aws_robomaker_warehouse_Lamp_01/materials/textures\n'}
[0.253661] (bcr_bot) StdoutLine: {'line': b'-- Up-to-date: /mnt/ssd/lsgloc_ws/install/bcr_bot/share/bcr_bot//models/aws_robomaker_warehouse_Lamp_01/materials/textures/aws_robomaker_warehouse_Lamp_01.png\n'}
[0.253695] (bcr_bot) StdoutLine: {'line': b'-- Up-to-date: /mnt/ssd/lsgloc_ws/install/bcr_bot/share/bcr_bot//models/aws_robomaker_warehouse_PalletJackB_01\n'}
[0.253728] (bcr_bot) StdoutLine: {'line': b'-- Up-to-date: /mnt/ssd/lsgloc_ws/install/bcr_bot/share/bcr_bot//models/aws_robomaker_warehouse_PalletJackB_01/model.config\n'}
[0.253809] (bcr_bot) StdoutLine: {'line': b'-- Up-to-date: /mnt/ssd/lsgloc_ws/install/bcr_bot/share/bcr_bot//models/aws_robomaker_warehouse_PalletJackB_01/model.sdf\n'}
[0.253850] (bcr_bot) StdoutLine: {'line': b'-- Up-to-date: /mnt/ssd/lsgloc_ws/install/bcr_bot/share/bcr_bot//models/aws_robomaker_warehouse_PalletJackB_01/meshes\n'}
[0.253885] (bcr_bot) StdoutLine: {'line': b'-- Up-to-date: /mnt/ssd/lsgloc_ws/install/bcr_bot/share/bcr_bot//models/aws_robomaker_warehouse_PalletJackB_01/meshes/aws_robomaker_warehouse_PalletJackB_01_collision.DAE\n'}
[0.253919] (bcr_bot) StdoutLine: {'line': b'-- Up-to-date: /mnt/ssd/lsgloc_ws/install/bcr_bot/share/bcr_bot//models/aws_robomaker_warehouse_PalletJackB_01/meshes/aws_robomaker_warehouse_PalletJackB_01_visual.DAE\n'}
[0.253952] (bcr_bot) StdoutLine: {'line': b'-- Up-to-date: /mnt/ssd/lsgloc_ws/install/bcr_bot/share/bcr_bot//models/aws_robomaker_warehouse_PalletJackB_01/.DS_Store\n'}
[0.253994] (bcr_bot) StdoutLine: {'line': b'-- Up-to-date: /mnt/ssd/lsgloc_ws/install/bcr_bot/share/bcr_bot//models/aws_robomaker_warehouse_PalletJackB_01/materials\n'}
[0.254055] (bcr_bot) StdoutLine: {'line': b'-- Up-to-date: /mnt/ssd/lsgloc_ws/install/bcr_bot/share/bcr_bot//models/aws_robomaker_warehouse_PalletJackB_01/materials/textures\n'}
[0.254087] (bcr_bot) StdoutLine: {'line': b'-- Up-to-date: /mnt/ssd/lsgloc_ws/install/bcr_bot/share/bcr_bot//models/aws_robomaker_warehouse_PalletJackB_01/materials/textures/aws_robomaker_warehouse_PalletJackB_01.png\n'}
[0.254121] (bcr_bot) StdoutLine: {'line': b'-- Up-to-date: /mnt/ssd/lsgloc_ws/install/bcr_bot/share/bcr_bot//models/aws_robomaker_warehouse_PalletJackB_01/materials/textures/aws_robomaker_warehouse_PalletJackB_02.png\n'}
[0.254169] (bcr_bot) StdoutLine: {'line': b'-- Up-to-date: /mnt/ssd/lsgloc_ws/install/bcr_bot/share/bcr_bot//models/aws_robomaker_warehouse_PalletJackB_01/materials/.DS_Store\n'}
[0.254199] (bcr_bot) StdoutLine: {'line': b'-- Up-to-date: /mnt/ssd/lsgloc_ws/install/bcr_bot/share/bcr_bot//models/aws_robomaker_warehouse_ClutteringC_01\n'}
[0.254232] (bcr_bot) StdoutLine: {'line': b'-- Up-to-date: /mnt/ssd/lsgloc_ws/install/bcr_bot/share/bcr_bot//models/aws_robomaker_warehouse_ClutteringC_01/model.config\n'}
[0.254265] (bcr_bot) StdoutLine: {'line': b'-- Up-to-date: /mnt/ssd/lsgloc_ws/install/bcr_bot/share/bcr_bot//models/aws_robomaker_warehouse_ClutteringC_01/model.sdf\n'}
[0.254297] (bcr_bot) StdoutLine: {'line': b'-- Up-to-date: /mnt/ssd/lsgloc_ws/install/bcr_bot/share/bcr_bot//models/aws_robomaker_warehouse_ClutteringC_01/meshes\n'}
[0.254330] (bcr_bot) StdoutLine: {'line': b'-- Up-to-date: /mnt/ssd/lsgloc_ws/install/bcr_bot/share/bcr_bot//models/aws_robomaker_warehouse_ClutteringC_01/meshes/aws_robomaker_warehouse_ClutteringC_01_collision.DAE\n'}
[0.254363] (bcr_bot) StdoutLine: {'line': b'-- Up-to-date: /mnt/ssd/lsgloc_ws/install/bcr_bot/share/bcr_bot//models/aws_robomaker_warehouse_ClutteringC_01/meshes/aws_robomaker_warehouse_ClutteringC_01_visual.DAE\n'}
[0.254396] (bcr_bot) StdoutLine: {'line': b'-- Up-to-date: /mnt/ssd/lsgloc_ws/install/bcr_bot/share/bcr_bot//models/aws_robomaker_warehouse_ClutteringC_01/materials\n'}
[0.254429] (bcr_bot) StdoutLine: {'line': b'-- Up-to-date: /mnt/ssd/lsgloc_ws/install/bcr_bot/share/bcr_bot//models/aws_robomaker_warehouse_ClutteringC_01/materials/textures\n'}
[0.254512] (bcr_bot) StdoutLine: {'line': b'-- Up-to-date: /mnt/ssd/lsgloc_ws/install/bcr_bot/share/bcr_bot//models/aws_robomaker_warehouse_ClutteringC_01/materials/textures/aws_robomaker_warehouse_ClutteringC_02.png\n'}
[0.254565] (bcr_bot) StdoutLine: {'line': b'-- Up-to-date: /mnt/ssd/lsgloc_ws/install/bcr_bot/share/bcr_bot//models/aws_robomaker_warehouse_ClutteringC_01/materials/textures/aws_robomaker_warehouse_ClutteringC_01.png\n'}
[0.254603] (bcr_bot) StdoutLine: {'line': b'-- Up-to-date: /mnt/ssd/lsgloc_ws/install/bcr_bot/share/bcr_bot//models/aws_robomaker_warehouse_Bucket_01\n'}
[0.254635] (bcr_bot) StdoutLine: {'line': b'-- Up-to-date: /mnt/ssd/lsgloc_ws/install/bcr_bot/share/bcr_bot//models/aws_robomaker_warehouse_Bucket_01/model.config\n'}
[0.254665] (bcr_bot) StdoutLine: {'line': b'-- Up-to-date: /mnt/ssd/lsgloc_ws/install/bcr_bot/share/bcr_bot//models/aws_robomaker_warehouse_Bucket_01/model.sdf\n'}
[0.254694] (bcr_bot) StdoutLine: {'line': b'-- Up-to-date: /mnt/ssd/lsgloc_ws/install/bcr_bot/share/bcr_bot//models/aws_robomaker_warehouse_Bucket_01/meshes\n'}
[0.254721] (bcr_bot) StdoutLine: {'line': b'-- Up-to-date: /mnt/ssd/lsgloc_ws/install/bcr_bot/share/bcr_bot//models/aws_robomaker_warehouse_Bucket_01/meshes/aws_robomaker_warehouse_Bucket_01_visual.DAE\n'}
[0.254749] (bcr_bot) StdoutLine: {'line': b'-- Up-to-date: /mnt/ssd/lsgloc_ws/install/bcr_bot/share/bcr_bot//models/aws_robomaker_warehouse_Bucket_01/meshes/aws_robomaker_warehouse_Bucket_01_collision.DAE\n'}
[0.254872] (bcr_bot) StdoutLine: {'line': b'-- Up-to-date: /mnt/ssd/lsgloc_ws/install/bcr_bot/share/bcr_bot//models/aws_robomaker_warehouse_Bucket_01/.DS_Store\n'}
[0.254911] (bcr_bot) StdoutLine: {'line': b'-- Up-to-date: /mnt/ssd/lsgloc_ws/install/bcr_bot/share/bcr_bot//models/aws_robomaker_warehouse_Bucket_01/materials\n'}
[0.254942] (bcr_bot) StdoutLine: {'line': b'-- Up-to-date: /mnt/ssd/lsgloc_ws/install/bcr_bot/share/bcr_bot//models/aws_robomaker_warehouse_Bucket_01/materials/textures\n'}
[0.254970] (bcr_bot) StdoutLine: {'line': b'-- Up-to-date: /mnt/ssd/lsgloc_ws/install/bcr_bot/share/bcr_bot//models/aws_robomaker_warehouse_Bucket_01/materials/textures/aws_robomaker_warehouse_Bucket_01.png\n'}
[0.254996] (bcr_bot) StdoutLine: {'line': b'-- Up-to-date: /mnt/ssd/lsgloc_ws/install/bcr_bot/share/bcr_bot//models/aws_robomaker_warehouse_Bucket_01/materials/.DS_Store\n'}
[0.255021] (bcr_bot) StdoutLine: {'line': b'-- Up-to-date: /mnt/ssd/lsgloc_ws/install/bcr_bot/share/bcr_bot//models/aws_robomaker_warehouse_TrashCanC_01\n'}
[0.255046] (bcr_bot) StdoutLine: {'line': b'-- Up-to-date: /mnt/ssd/lsgloc_ws/install/bcr_bot/share/bcr_bot//models/aws_robomaker_warehouse_TrashCanC_01/model.config\n'}
[0.255070] (bcr_bot) StdoutLine: {'line': b'-- Up-to-date: /mnt/ssd/lsgloc_ws/install/bcr_bot/share/bcr_bot//models/aws_robomaker_warehouse_TrashCanC_01/model.sdf\n'}
[0.255095] (bcr_bot) StdoutLine: {'line': b'-- Up-to-date: /mnt/ssd/lsgloc_ws/install/bcr_bot/share/bcr_bot//models/aws_robomaker_warehouse_TrashCanC_01/meshes\n'}
[0.255119] (bcr_bot) StdoutLine: {'line': b'-- Up-to-date: /mnt/ssd/lsgloc_ws/install/bcr_bot/share/bcr_bot//models/aws_robomaker_warehouse_TrashCanC_01/meshes/aws_robomaker_warehouse_TrashCanC_01_collision.DAE\n'}
[0.255144] (bcr_bot) StdoutLine: {'line': b'-- Up-to-date: /mnt/ssd/lsgloc_ws/install/bcr_bot/share/bcr_bot//models/aws_robomaker_warehouse_TrashCanC_01/meshes/aws_robomaker_warehouse_TrashCanC_01_visual.DAE\n'}
[0.255171] (bcr_bot) StdoutLine: {'line': b'-- Up-to-date: /mnt/ssd/lsgloc_ws/install/bcr_bot/share/bcr_bot//models/aws_robomaker_warehouse_TrashCanC_01/materials\n'}
[0.255196] (bcr_bot) StdoutLine: {'line': b'-- Up-to-date: /mnt/ssd/lsgloc_ws/install/bcr_bot/share/bcr_bot//models/aws_robomaker_warehouse_TrashCanC_01/materials/textures\n'}
[0.255220] (bcr_bot) StdoutLine: {'line': b'-- Up-to-date: /mnt/ssd/lsgloc_ws/install/bcr_bot/share/bcr_bot//models/aws_robomaker_warehouse_TrashCanC_01/materials/textures/aws_robomaker_warehouse_TrashCanC_01.png\n'}
[0.255245] (bcr_bot) StdoutLine: {'line': b'-- Up-to-date: /mnt/ssd/lsgloc_ws/install/bcr_bot/share/bcr_bot//models/aws_robomaker_warehouse_ShelfE_01\n'}
[0.255269] (bcr_bot) StdoutLine: {'line': b'-- Up-to-date: /mnt/ssd/lsgloc_ws/install/bcr_bot/share/bcr_bot//models/aws_robomaker_warehouse_ShelfE_01/model.config\n'}
[0.255294] (bcr_bot) StdoutLine: {'line': b'-- Up-to-date: /mnt/ssd/lsgloc_ws/install/bcr_bot/share/bcr_bot//models/aws_robomaker_warehouse_ShelfE_01/model.sdf\n'}
[0.255318] (bcr_bot) StdoutLine: {'line': b'-- Up-to-date: /mnt/ssd/lsgloc_ws/install/bcr_bot/share/bcr_bot//models/aws_robomaker_warehouse_ShelfE_01/meshes\n'}
[0.255342] (bcr_bot) StdoutLine: {'line': b'-- Up-to-date: /mnt/ssd/lsgloc_ws/install/bcr_bot/share/bcr_bot//models/aws_robomaker_warehouse_ShelfE_01/meshes/aws_robomaker_warehouse_ShelfE_01_collision.DAE\n'}
[0.255366] (bcr_bot) StdoutLine: {'line': b'-- Up-to-date: /mnt/ssd/lsgloc_ws/install/bcr_bot/share/bcr_bot//models/aws_robomaker_warehouse_ShelfE_01/meshes/aws_robomaker_warehouse_ShelfE_01_visual.DAE\n'}
[0.255390] (bcr_bot) StdoutLine: {'line': b'-- Up-to-date: /mnt/ssd/lsgloc_ws/install/bcr_bot/share/bcr_bot//models/aws_robomaker_warehouse_ShelfE_01/.DS_Store\n'}
[0.255414] (bcr_bot) StdoutLine: {'line': b'-- Up-to-date: /mnt/ssd/lsgloc_ws/install/bcr_bot/share/bcr_bot//models/aws_robomaker_warehouse_ShelfE_01/materials\n'}
[0.255449] (bcr_bot) StdoutLine: {'line': b'-- Up-to-date: /mnt/ssd/lsgloc_ws/install/bcr_bot/share/bcr_bot//models/aws_robomaker_warehouse_ShelfE_01/materials/textures\n'}
[0.255571] (bcr_bot) StdoutLine: {'line': b'-- Up-to-date: /mnt/ssd/lsgloc_ws/install/bcr_bot/share/bcr_bot//models/aws_robomaker_warehouse_ShelfE_01/materials/textures/aws_robomaker_warehouse_ShelfE_03.png\n'}
[0.255684] (bcr_bot) StdoutLine: {'line': b'-- Up-to-date: /mnt/ssd/lsgloc_ws/install/bcr_bot/share/bcr_bot//models/aws_robomaker_warehouse_ShelfE_01/materials/textures/aws_robomaker_warehouse_ShelfE_02.png\n'}
[0.255738] (bcr_bot) StdoutLine: {'line': b'-- Up-to-date: /mnt/ssd/lsgloc_ws/install/bcr_bot/share/bcr_bot//models/aws_robomaker_warehouse_ShelfE_01/materials/textures/aws_robomaker_warehouse_ShelfE_04.png\n'}
[0.255811] (bcr_bot) StdoutLine: {'line': b'-- Up-to-date: /mnt/ssd/lsgloc_ws/install/bcr_bot/share/bcr_bot//models/aws_robomaker_warehouse_ShelfE_01/materials/textures/aws_robomaker_warehouse_ShelfE_01.png\n'}
[0.255963] (bcr_bot) StdoutLine: {'line': b'-- Up-to-date: /mnt/ssd/lsgloc_ws/install/bcr_bot/share/bcr_bot//models/aws_robomaker_warehouse_ShelfE_01/materials/.DS_Store\n'}
[0.256004] (bcr_bot) StdoutLine: {'line': b'-- Up-to-date: /mnt/ssd/lsgloc_ws/install/bcr_bot/share/bcr_bot//models/aws_robomaker_warehouse_ClutteringD_01\n'}
[0.256037] (bcr_bot) StdoutLine: {'line': b'-- Up-to-date: /mnt/ssd/lsgloc_ws/install/bcr_bot/share/bcr_bot//models/aws_robomaker_warehouse_ClutteringD_01/model.config\n'}
[0.256067] (bcr_bot) StdoutLine: {'line': b'-- Up-to-date: /mnt/ssd/lsgloc_ws/install/bcr_bot/share/bcr_bot//models/aws_robomaker_warehouse_ClutteringD_01/model.sdf\n'}
[0.256095] (bcr_bot) StdoutLine: {'line': b'-- Up-to-date: /mnt/ssd/lsgloc_ws/install/bcr_bot/share/bcr_bot//models/aws_robomaker_warehouse_ClutteringD_01/meshes\n'}
[0.256122] (bcr_bot) StdoutLine: {'line': b'-- Up-to-date: /mnt/ssd/lsgloc_ws/install/bcr_bot/share/bcr_bot//models/aws_robomaker_warehouse_ClutteringD_01/meshes/aws_robomaker_warehouse_ClutteringD_01_visual.DAE\n'}
[0.256149] (bcr_bot) StdoutLine: {'line': b'-- Up-to-date: /mnt/ssd/lsgloc_ws/install/bcr_bot/share/bcr_bot//models/aws_robomaker_warehouse_ClutteringD_01/meshes/aws_robomaker_warehouse_ClutteringD_01_collision.DAE\n'}
[0.256176] (bcr_bot) StdoutLine: {'line': b'-- Up-to-date: /mnt/ssd/lsgloc_ws/install/bcr_bot/share/bcr_bot//models/aws_robomaker_warehouse_ClutteringD_01/materials\n'}
[0.256203] (bcr_bot) StdoutLine: {'line': b'-- Up-to-date: /mnt/ssd/lsgloc_ws/install/bcr_bot/share/bcr_bot//models/aws_robomaker_warehouse_ClutteringD_01/materials/textures\n'}
[0.256229] (bcr_bot) StdoutLine: {'line': b'-- Up-to-date: /mnt/ssd/lsgloc_ws/install/bcr_bot/share/bcr_bot//models/aws_robomaker_warehouse_ClutteringD_01/materials/textures/aws_robomaker_warehouse_ClutteringD_01.png\n'}
[0.256334] (bcr_bot) StdoutLine: {'line': b'-- Up-to-date: /mnt/ssd/lsgloc_ws/install/bcr_bot/share/bcr_bot//models/aws_robomaker_warehouse_ClutteringD_01/materials/textures/aws_robomaker_warehouse_ClutteringD_02.png\n'}
[0.256365] (bcr_bot) StdoutLine: {'line': b'-- Up-to-date: /mnt/ssd/lsgloc_ws/install/bcr_bot/share/bcr_bot//models/aws_robomaker_warehouse_ShelfD_01\n'}
[0.256489] (bcr_bot) StdoutLine: {'line': b'-- Up-to-date: /mnt/ssd/lsgloc_ws/install/bcr_bot/share/bcr_bot//models/aws_robomaker_warehouse_ShelfD_01/model.config\n'}
[0.256519] (bcr_bot) StdoutLine: {'line': b'-- Up-to-date: /mnt/ssd/lsgloc_ws/install/bcr_bot/share/bcr_bot//models/aws_robomaker_warehouse_ShelfD_01/model.sdf\n'}
[0.256547] (bcr_bot) StdoutLine: {'line': b'-- Up-to-date: /mnt/ssd/lsgloc_ws/install/bcr_bot/share/bcr_bot//models/aws_robomaker_warehouse_ShelfD_01/meshes\n'}
[0.256573] (bcr_bot) StdoutLine: {'line': b'-- Up-to-date: /mnt/ssd/lsgloc_ws/install/bcr_bot/share/bcr_bot//models/aws_robomaker_warehouse_ShelfD_01/meshes/aws_robomaker_warehouse_ShelfD_01_collision.DAE\n'}
[0.256600] (bcr_bot) StdoutLine: {'line': b'-- Up-to-date: /mnt/ssd/lsgloc_ws/install/bcr_bot/share/bcr_bot//models/aws_robomaker_warehouse_ShelfD_01/meshes/aws_robomaker_warehouse_ShelfD_01_visual.DAE\n'}
[0.256626] (bcr_bot) StdoutLine: {'line': b'-- Up-to-date: /mnt/ssd/lsgloc_ws/install/bcr_bot/share/bcr_bot//models/aws_robomaker_warehouse_ShelfD_01/materials\n'}
[0.256652] (bcr_bot) StdoutLine: {'line': b'-- Up-to-date: /mnt/ssd/lsgloc_ws/install/bcr_bot/share/bcr_bot//models/aws_robomaker_warehouse_ShelfD_01/materials/textures\n'}
[0.256706] (bcr_bot) StdoutLine: {'line': b'-- Up-to-date: /mnt/ssd/lsgloc_ws/install/bcr_bot/share/bcr_bot//models/aws_robomaker_warehouse_ShelfD_01/materials/textures/aws_robomaker_warehouse_ShelfD_02.png\n'}
[0.256732] (bcr_bot) StdoutLine: {'line': b'-- Up-to-date: /mnt/ssd/lsgloc_ws/install/bcr_bot/share/bcr_bot//models/aws_robomaker_warehouse_ShelfD_01/materials/textures/aws_robomaker_warehouse_ShelfD_01.png\n'}
[0.256768] (bcr_bot) StdoutLine: {'line': b'-- Up-to-date: /mnt/ssd/lsgloc_ws/install/bcr_bot/share/bcr_bot//models/aws_robomaker_warehouse_ShelfD_01/materials/textures/aws_robomaker_warehouse_ShelfD_03.png\n'}
[0.256864] (bcr_bot) StdoutLine: {'line': b'-- Up-to-date: /mnt/ssd/lsgloc_ws/install/bcr_bot/share/bcr_bot//models/aws_robomaker_warehouse_ShelfD_01/materials/textures/aws_robomaker_warehouse_ShelfD_04.png\n'}
[0.256892] (bcr_bot) StdoutLine: {'line': b'-- Up-to-date: /mnt/ssd/lsgloc_ws/install/bcr_bot/share/bcr_bot//models/aws_robomaker_warehouse_GroundB_01\n'}
[0.256919] (bcr_bot) StdoutLine: {'line': b'-- Up-to-date: /mnt/ssd/lsgloc_ws/install/bcr_bot/share/bcr_bot//models/aws_robomaker_warehouse_GroundB_01/model.config\n'}
[0.256954] (bcr_bot) StdoutLine: {'line': b'-- Up-to-date: /mnt/ssd/lsgloc_ws/install/bcr_bot/share/bcr_bot//models/aws_robomaker_warehouse_GroundB_01/model.sdf\n'}
[0.256981] (bcr_bot) StdoutLine: {'line': b'-- Up-to-date: /mnt/ssd/lsgloc_ws/install/bcr_bot/share/bcr_bot//models/aws_robomaker_warehouse_GroundB_01/meshes\n'}
[0.257007] (bcr_bot) StdoutLine: {'line': b'-- Up-to-date: /mnt/ssd/lsgloc_ws/install/bcr_bot/share/bcr_bot//models/aws_robomaker_warehouse_GroundB_01/meshes/aws_robomaker_warehouse_GroundB_01_visual.DAE\n'}
[0.257033] (bcr_bot) StdoutLine: {'line': b'-- Up-to-date: /mnt/ssd/lsgloc_ws/install/bcr_bot/share/bcr_bot//models/aws_robomaker_warehouse_GroundB_01/meshes/aws_robomaker_warehouse_GroundB_01_collision.DAE\n'}
[0.257060] (bcr_bot) StdoutLine: {'line': b'-- Up-to-date: /mnt/ssd/lsgloc_ws/install/bcr_bot/share/bcr_bot//models/aws_robomaker_warehouse_GroundB_01/materials\n'}
[0.257086] (bcr_bot) StdoutLine: {'line': b'-- Up-to-date: /mnt/ssd/lsgloc_ws/install/bcr_bot/share/bcr_bot//models/aws_robomaker_warehouse_GroundB_01/materials/textures\n'}
[0.257113] (bcr_bot) StdoutLine: {'line': b'-- Up-to-date: /mnt/ssd/lsgloc_ws/install/bcr_bot/share/bcr_bot//models/aws_robomaker_warehouse_GroundB_01/materials/textures/aws_robomaker_warehouse_GroundB_02.png\n'}
[0.257139] (bcr_bot) StdoutLine: {'line': b'-- Up-to-date: /mnt/ssd/lsgloc_ws/install/bcr_bot/share/bcr_bot//models/aws_robomaker_warehouse_GroundB_01/materials/textures/aws_robomaker_warehouse_GroundB_01.png\n'}
[0.257166] (bcr_bot) StdoutLine: {'line': b'-- Up-to-date: /mnt/ssd/lsgloc_ws/install/bcr_bot/share/bcr_bot//models/aws_robomaker_warehouse_RoofB_01\n'}
[0.257193] (bcr_bot) StdoutLine: {'line': b'-- Up-to-date: /mnt/ssd/lsgloc_ws/install/bcr_bot/share/bcr_bot//models/aws_robomaker_warehouse_RoofB_01/model.config\n'}
[0.257219] (bcr_bot) StdoutLine: {'line': b'-- Up-to-date: /mnt/ssd/lsgloc_ws/install/bcr_bot/share/bcr_bot//models/aws_robomaker_warehouse_RoofB_01/model.sdf\n'}
[0.257246] (bcr_bot) StdoutLine: {'line': b'-- Up-to-date: /mnt/ssd/lsgloc_ws/install/bcr_bot/share/bcr_bot//models/aws_robomaker_warehouse_RoofB_01/meshes\n'}
[0.257272] (bcr_bot) StdoutLine: {'line': b'-- Up-to-date: /mnt/ssd/lsgloc_ws/install/bcr_bot/share/bcr_bot//models/aws_robomaker_warehouse_RoofB_01/meshes/aws_robomaker_warehouse_RoofB_01_collision.DAE\n'}
[0.257298] (bcr_bot) StdoutLine: {'line': b'-- Up-to-date: /mnt/ssd/lsgloc_ws/install/bcr_bot/share/bcr_bot//models/aws_robomaker_warehouse_RoofB_01/meshes/aws_robomaker_warehouse_RoofB_01_visual.DAE\n'}
[0.257324] (bcr_bot) StdoutLine: {'line': b'-- Up-to-date: /mnt/ssd/lsgloc_ws/install/bcr_bot/share/bcr_bot//models/aws_robomaker_warehouse_RoofB_01/materials\n'}
[0.257352] (bcr_bot) StdoutLine: {'line': b'-- Up-to-date: /mnt/ssd/lsgloc_ws/install/bcr_bot/share/bcr_bot//models/aws_robomaker_warehouse_RoofB_01/materials/textures\n'}
[0.257494] (bcr_bot) StdoutLine: {'line': b'-- Up-to-date: /mnt/ssd/lsgloc_ws/install/bcr_bot/share/bcr_bot//models/aws_robomaker_warehouse_RoofB_01/materials/textures/aws_robomaker_warehouse_RoofB_01.png\n'}
[0.257521] (bcr_bot) StdoutLine: {'line': b'-- Up-to-date: /mnt/ssd/lsgloc_ws/install/bcr_bot/share/bcr_bot//urdf\n'}
[0.257547] (bcr_bot) StdoutLine: {'line': b'-- Up-to-date: /mnt/ssd/lsgloc_ws/install/bcr_bot/share/bcr_bot//urdf/macros.xacro\n'}
[0.257580] (bcr_bot) StdoutLine: {'line': b'-- Up-to-date: /mnt/ssd/lsgloc_ws/install/bcr_bot/share/bcr_bot//urdf/ign.xacro\n'}
[0.257606] (bcr_bot) StdoutLine: {'line': b'-- Up-to-date: /mnt/ssd/lsgloc_ws/install/bcr_bot/share/bcr_bot//urdf/gazebo.xacro\n'}
[0.257632] (bcr_bot) StdoutLine: {'line': b'-- Up-to-date: /mnt/ssd/lsgloc_ws/install/bcr_bot/share/bcr_bot//urdf/materials.xacro\n'}
[0.257658] (bcr_bot) StdoutLine: {'line': b'-- Up-to-date: /mnt/ssd/lsgloc_ws/install/bcr_bot/share/bcr_bot//urdf/bcr_bot.xacro\n'}
[0.257685] (bcr_bot) StdoutLine: {'line': b'-- Up-to-date: /mnt/ssd/lsgloc_ws/install/bcr_bot/share/bcr_bot//urdf/gz.xacro\n'}
[0.257711] (bcr_bot) StdoutLine: {'line': b'-- Up-to-date: /mnt/ssd/lsgloc_ws/install/bcr_bot/share/bcr_bot//worlds\n'}
[0.257737] (bcr_bot) StdoutLine: {'line': b'-- Up-to-date: /mnt/ssd/lsgloc_ws/install/bcr_bot/share/bcr_bot//worlds/small_warehouse.sdf\n'}
[0.257887] (bcr_bot) StdoutLine: {'line': b'-- Up-to-date: /mnt/ssd/lsgloc_ws/install/bcr_bot/share/bcr_bot//worlds/empty.sdf\n'}
[0.257929] (bcr_bot) StdoutLine: {'line': b'-- Up-to-date: /mnt/ssd/lsgloc_ws/install/bcr_bot/share/bcr_bot//rviz\n'}
[0.257961] (bcr_bot) StdoutLine: {'line': b'-- Up-to-date: /mnt/ssd/lsgloc_ws/install/bcr_bot/share/bcr_bot//rviz/map.rviz\n'}
[0.257989] (bcr_bot) StdoutLine: {'line': b'-- Up-to-date: /mnt/ssd/lsgloc_ws/install/bcr_bot/share/bcr_bot//rviz/entire_setup.rviz\n'}
[0.258018] (bcr_bot) StdoutLine: {'line': b'-- Up-to-date: /mnt/ssd/lsgloc_ws/install/bcr_bot/share/bcr_bot/config\n'}
[0.258048] (bcr_bot) StdoutLine: {'line': b'-- Up-to-date: /mnt/ssd/lsgloc_ws/install/bcr_bot/share/bcr_bot/config/bcr_map.yaml\n'}
[0.258076] (bcr_bot) StdoutLine: {'line': b'-- Up-to-date: /mnt/ssd/lsgloc_ws/install/bcr_bot/share/bcr_bot/config/bcr_map.pgm\n'}
[0.258104] (bcr_bot) StdoutLine: {'line': b'-- Up-to-date: /mnt/ssd/lsgloc_ws/install/bcr_bot/share/bcr_bot/config/nav2_params.yaml\n'}
[0.258131] (bcr_bot) StdoutLine: {'line': b'-- Up-to-date: /mnt/ssd/lsgloc_ws/install/bcr_bot/share/bcr_bot/config/mapper_params_online_async.yaml\n'}
[0.258158] (bcr_bot) StdoutLine: {'line': b'-- Up-to-date: /mnt/ssd/lsgloc_ws/install/bcr_bot/lib/bcr_bot/remapper.py\n'}
[0.258187] (bcr_bot) StdoutLine: {'line': b'-- Up-to-date: /mnt/ssd/lsgloc_ws/install/bcr_bot/share/ament_index/resource_index/package_run_dependencies/bcr_bot\n'}
[0.258223] (bcr_bot) StdoutLine: {'line': b'-- Up-to-date: /mnt/ssd/lsgloc_ws/install/bcr_bot/share/ament_index/resource_index/parent_prefix_path/bcr_bot\n'}
[0.258251] (bcr_bot) StdoutLine: {'line': b'-- Up-to-date: /mnt/ssd/lsgloc_ws/install/bcr_bot/share/bcr_bot/environment/ament_prefix_path.sh\n'}
[0.258398] (bcr_bot) StdoutLine: {'line': b'-- Up-to-date: /mnt/ssd/lsgloc_ws/install/bcr_bot/share/bcr_bot/environment/ament_prefix_path.dsv\n'}
[0.258425] (bcr_bot) StdoutLine: {'line': b'-- Up-to-date: /mnt/ssd/lsgloc_ws/install/bcr_bot/share/bcr_bot/environment/path.sh\n'}
[0.258452] (bcr_bot) StdoutLine: {'line': b'-- Up-to-date: /mnt/ssd/lsgloc_ws/install/bcr_bot/share/bcr_bot/environment/path.dsv\n'}
[0.258478] (bcr_bot) StdoutLine: {'line': b'-- Up-to-date: /mnt/ssd/lsgloc_ws/install/bcr_bot/share/bcr_bot/local_setup.bash\n'}
[0.258505] (bcr_bot) StdoutLine: {'line': b'-- Up-to-date: /mnt/ssd/lsgloc_ws/install/bcr_bot/share/bcr_bot/local_setup.sh\n'}
[0.258531] (bcr_bot) StdoutLine: {'line': b'-- Up-to-date: /mnt/ssd/lsgloc_ws/install/bcr_bot/share/bcr_bot/local_setup.zsh\n'}
[0.258557] (bcr_bot) StdoutLine: {'line': b'-- Up-to-date: /mnt/ssd/lsgloc_ws/install/bcr_bot/share/bcr_bot/local_setup.dsv\n'}
[0.258586] (bcr_bot) StdoutLine: {'line': b'-- Installing: /mnt/ssd/lsgloc_ws/install/bcr_bot/share/bcr_bot/package.dsv\n'}
[0.258612] (bcr_bot) StdoutLine: {'line': b'-- Up-to-date: /mnt/ssd/lsgloc_ws/install/bcr_bot/share/ament_index/resource_index/packages/bcr_bot\n'}
[0.258639] (bcr_bot) StdoutLine: {'line': b'-- Up-to-date: /mnt/ssd/lsgloc_ws/install/bcr_bot/share/bcr_bot/cmake/bcr_botConfig.cmake\n'}
[0.258665] (bcr_bot) StdoutLine: {'line': b'-- Up-to-date: /mnt/ssd/lsgloc_ws/install/bcr_bot/share/bcr_bot/cmake/bcr_botConfig-version.cmake\n'}
[0.258693] (bcr_bot) StdoutLine: {'line': b'-- Up-to-date: /mnt/ssd/lsgloc_ws/install/bcr_bot/share/bcr_bot/package.xml\n'}
[0.258720] (bcr_bot) CommandEnded: {'returncode': 0}
[0.258954] (semantic_msgs) StdoutLine: {'line': b'running egg_info\n'}
[0.267038] (bcr_bot) JobEnded: {'identifier': 'bcr_bot', 'rc': 0}
[0.272633] (semantic_msgs) StdoutLine: {'line': b'writing semantic_msgs.egg-info/PKG-INFO\n'}
[0.272735] (semantic_msgs) StdoutLine: {'line': b'writing dependency_links to semantic_msgs.egg-info/dependency_links.txt\n'}
[0.272867] (semantic_msgs) StdoutLine: {'line': b'writing top-level names to semantic_msgs.egg-info/top_level.txt\n'}
[0.299320] (semantic_msgs) StdoutLine: {'line': b"reading manifest file 'semantic_msgs.egg-info/SOURCES.txt'\n"}
[0.299646] (semantic_msgs) StdoutLine: {'line': b"writing manifest file 'semantic_msgs.egg-info/SOURCES.txt'\n"}
[0.300041] (-) TimerEvent: {}
[0.323503] (semantic_msgs) StdoutLine: {'line': b'[100%] Built target ament_cmake_python_build_semantic_msgs_egg\n'}
[0.331786] (semantic_msgs) CommandEnded: {'returncode': 0}
[0.332277] (semantic_msgs) JobProgress: {'identifier': 'semantic_msgs', 'progress': 'install'}
[0.332580] (semantic_msgs) Command: {'cmd': ['/usr/bin/cmake', '--install', '/mnt/ssd/lsgloc_ws/build/semantic_msgs'], 'cwd': '/mnt/ssd/lsgloc_ws/build/semantic_msgs', 'env': OrderedDict([('GJS_DEBUG_TOPICS', 'JS ERROR;JS LOG'), ('PYTHON_BASIC_REPL', '1'), ('LESSOPEN', '| /usr/bin/lesspipe %s'), ('LANGUAGE', 'en_SG:en'), ('USER', 'sensethreat'), ('XDG_SESSION_TYPE', 'x11'), ('GIT_ASKPASS', '/usr/share/code/resources/app/extensions/git/dist/askpass.sh'), ('SHLVL', '1'), ('LD_LIBRARY_PATH', '/usr/local/cuda/lib64:/usr/lib/x86_64-linux-gnu/gazebo-11/plugins:/opt/ros/humble/opt/rviz_ogre_vendor/lib:/opt/ros/humble/lib/x86_64-linux-gnu:/opt/ros/humble/lib:/usr/local/cuda/lib64:'), ('HOME', '/home/sensethreat'), ('CHROME_DESKTOP', 'code.desktop'), ('CONDA_SHLVL', '0'), ('TERM_PROGRAM_VERSION', '1.108.2'), ('DESKTOP_SESSION', 'ubuntu'), ('NVM_BIN', '/home/sensethreat/.nvm/versions/node/v20.20.1/bin'), ('NVM_INC', '/home/sensethreat/.nvm/versions/node/v20.20.1/include/node'), ('GIO_LAUNCHED_DESKTOP_FILE', '/usr/share/applications/code.desktop'), ('ROS_PYTHON_VERSION', '3'), ('GNOME_SHELL_SESSION_MODE', 'ubuntu'), ('GTK_MODULES', 'gail:atk-bridge'), ('VSCODE_GIT_ASKPASS_MAIN', '/usr/share/code/resources/app/extensions/git/dist/askpass-main.js'), ('VSCODE_GIT_ASKPASS_NODE', '/usr/share/code/code'), ('MANAGERPID', '4235'), ('PYDEVD_DISABLE_FILE_VALIDATION', '1'), ('SYSTEMD_EXEC_PID', '4526'), ('BUNDLED_DEBUGPY_PATH', '/home/sensethreat/.vscode/extensions/ms-python.debugpy-2025.18.0-linux-x64/bundled/libs/debugpy'), ('VSCODE_PYTHON_AUTOACTIVATE_GUARD', '1'), ('DBUS_SESSION_BUS_ADDRESS', 'unix:path=/run/user/1000/bus'), ('COLORTERM', 'truecolor'), ('_CE_M', ''), ('GIO_LAUNCHED_DESKTOP_FILE_PID', '1699102'), ('NVM_DIR', '/home/sensethreat/.nvm'), ('ROS_DISTRO', 'humble'), ('GTK_IM_MODULE', 'ibus'), ('LOGNAME', 'sensethreat'), ('JOURNAL_STREAM', '8:25865'), ('_', '/usr/bin/colcon'), ('ROS_VERSION', '2'), ('CLAUDE_CODE_SSE_PORT', '13146'), ('XDG_SESSION_CLASS', 'user'), ('GEMINI_CLI_IDE_WORKSPACE_PATH', '/mnt/ssd/lsgloc_ws'), ('USERNAME', 'sensethreat'), ('TERM', 'xterm-256color'), ('GNOME_DESKTOP_SESSION_ID', 'this-is-deprecated'), ('_CE_CONDA', ''), ('FC_FONTATIONS', '1'), ('ROS_LOCALHOST_ONLY', '0'), ('GEMINI_CLI_IDE_SERVER_PORT', '37737'), ('WINDOWPATH', '2'), ('PATH', '/usr/local/cuda/bin:/home/sensethreat/.config/Code/User/globalStorage/github.copilot-chat/debugCommand:/home/sensethreat/.config/Code/User/globalStorage/github.copilot-chat/copilotCli:/home/sensethreat/.local/bin:/home/sensethreat/.nvm/versions/node/v20.20.1/bin:/opt/ros/humble/bin:/home/sensethreat/anaconda3/condabin:/usr/local/cuda/bin:/home/sensethreat/.local/bin:/usr/local/sbin:/usr/local/bin:/usr/sbin:/usr/bin:/sbin:/bin:/usr/games:/usr/local/games:/snap/bin:/snap/bin:/home/sensethreat/.vscode/extensions/ms-python.debugpy-2025.18.0-linux-x64/bundled/scripts/noConfigScripts'), ('SESSION_MANAGER', 'local/gr00t-4090:@/tmp/.ICE-unix/4476,unix/gr00t-4090:/tmp/.ICE-unix/4476'), ('INVOCATION_ID', '2f188857ecf04eb188026dc287baa7cc'), ('XDG_MENU_PREFIX', 'gnome-'), ('XDG_RUNTIME_DIR', '/run/user/1000'), ('GDK_BACKEND', 'x11'), ('DISPLAY', ':1'), ('VSCODE_DEBUGPY_ADAPTER_ENDPOINTS', '/home/sensethreat/.vscode/extensions/ms-python.debugpy-2025.18.0-linux-x64/.noConfigDebugAdapterEndpoints/endpoint-9686078bbb06aef1.txt'), ('LANG', 'en_US.UTF-8'), ('XDG_CURRENT_DESKTOP', 'ubuntu:GNOME'), ('PYTHONSTARTUP', '/home/sensethreat/.config/Code/User/workspaceStorage/a1ba31dbdeff2a34003cc17b1390a45e/ms-python.python/pythonrc.py'), ('XMODIFIERS', '@im=ibus'), ('XDG_SESSION_DESKTOP', 'ubuntu'), ('XAUTHORITY', '/run/user/1000/gdm/Xauthority'), ('LS_COLORS', 'rs=0:di=01;34:ln=01;36:mh=00:pi=40;33:so=01;35:do=01;35:bd=40;33;01:cd=40;33;01:or=40;31;01:mi=00:su=37;41:sg=30;43:ca=30;41:tw=30;42:ow=34;42:st=37;44:ex=01;32:*.tar=01;31:*.tgz=01;31:*.arc=01;31:*.arj=01;31:*.taz=01;31:*.lha=01;31:*.lz4=01;31:*.lzh=01;31:*.lzma=01;31:*.tlz=01;31:*.txz=01;31:*.tzo=01;31:*.t7z=01;31:*.zip=01;31:*.z=01;31:*.dz=01;31:*.gz=01;31:*.lrz=01;31:*.lz=01;31:*.lzo=01;31:*.xz=01;31:*.zst=01;31:*.tzst=01;31:*.bz2=01;31:*.bz=01;31:*.tbz=01;31:*.tbz2=01;31:*.tz=01;31:*.deb=01;31:*.rpm=01;31:*.jar=01;31:*.war=01;31:*.ear=01;31:*.sar=01;31:*.rar=01;31:*.alz=01;31:*.ace=01;31:*.zoo=01;31:*.cpio=01;31:*.7z=01;31:*.rz=01;31:*.cab=01;31:*.wim=01;31:*.swm=01;31:*.dwm=01;31:*.esd=01;31:*.jpg=01;35:*.jpeg=01;35:*.mjpg=01;35:*.mjpeg=01;35:*.gif=01;35:*.bmp=01;35:*.pbm=01;35:*.pgm=01;35:*.ppm=01;35:*.tga=01;35:*.xbm=01;35:*.xpm=01;35:*.tif=01;35:*.tiff=01;35:*.png=01;35:*.svg=01;35:*.svgz=01;35:*.mng=01;35:*.pcx=01;35:*.mov=01;35:*.mpg=01;35:*.mpeg=01;35:*.m2v=01;35:*.mkv=01;35:*.webm=01;35:*.webp=01;35:*.ogm=01;35:*.mp4=01;35:*.m4v=01;35:*.mp4v=01;35:*.vob=01;35:*.qt=01;35:*.nuv=01;35:*.wmv=01;35:*.asf=01;35:*.rm=01;35:*.rmvb=01;35:*.flc=01;35:*.avi=01;35:*.fli=01;35:*.flv=01;35:*.gl=01;35:*.dl=01;35:*.xcf=01;35:*.xwd=01;35:*.yuv=01;35:*.cgm=01;35:*.emf=01;35:*.ogv=01;35:*.ogx=01;35:*.aac=00;36:*.au=00;36:*.flac=00;36:*.m4a=00;36:*.mid=00;36:*.midi=00;36:*.mka=00;36:*.mp3=00;36:*.mpc=00;36:*.ogg=00;36:*.ra=00;36:*.wav=00;36:*.oga=00;36:*.opus=00;36:*.spx=00;36:*.xspf=00;36:'), ('VSCODE_GIT_IPC_HANDLE', '/run/user/1000/vscode-git-e747b80a0c.sock'), ('TERM_PROGRAM', 'vscode'), ('SSH_AGENT_LAUNCHER', 'gnome-keyring'), ('SSH_AUTH_SOCK', '/run/user/1000/keyring/ssh'), ('ROS_DOMAIN_ID', '42'), ('AMENT_PREFIX_PATH', '/opt/ros/humble'), ('CONDA_PYTHON_EXE', '/home/sensethreat/anaconda3/bin/python'), ('SHELL', '/bin/bash'), ('QT_ACCESSIBILITY', '1'), ('GDMSESSION', 'ubuntu'), ('LESSCLOSE', '/usr/bin/lesspipe %s %s'), ('GPG_AGENT_INFO', '/run/user/1000/gnupg/S.gpg-agent:0:1'), ('GJS_DEBUG_OUTPUT', 'stderr'), ('VSCODE_GIT_ASKPASS_EXTRA_ARGS', ''), ('QT_IM_MODULE', 'ibus'), ('GEMINI_CLI_IDE_AUTH_TOKEN', '26413f97-634b-4051-b3bb-35b322666b9d'), ('PWD', '/mnt/ssd/lsgloc_ws/build/semantic_msgs'), ('TURTLEBOT3_MODEL', 'waffle'), ('LC_ALL', 'en_US.UTF-8'), ('XDG_CONFIG_DIRS', '/etc/xdg/xdg-ubuntu:/etc/xdg'), ('CONDA_EXE', '/home/sensethreat/anaconda3/bin/conda'), ('NVM_CD_FLAGS', ''), ('XDG_DATA_DIRS', '/usr/share/ubuntu:/usr/share/gnome:/usr/local/share/:/usr/share/:/var/lib/snapd/desktop'), ('LDS_MODEL', 'LDS-01'), ('PYTHONPATH', '/opt/ros/humble/lib/python3.10/site-packages:/opt/ros/humble/local/lib/python3.10/dist-packages'), ('COLCON', '1'), ('CMAKE_PREFIX_PATH', '/opt/ros/humble')]), 'shell': False}
[0.337929] (semantic_msgs) StdoutLine: {'line': b'-- Install configuration: ""\n'}
[0.338019] (semantic_msgs) StdoutLine: {'line': b'-- Up-to-date: /mnt/ssd/lsgloc_ws/install/semantic_msgs/share/ament_index/resource_index/rosidl_interfaces/semantic_msgs\n'}
[0.338073] (semantic_msgs) StdoutLine: {'line': b'-- Up-to-date: /mnt/ssd/lsgloc_ws/install/semantic_msgs/include/semantic_msgs/semantic_msgs\n'}
[0.338155] (semantic_msgs) StdoutLine: {'line': b'-- Up-to-date: /mnt/ssd/lsgloc_ws/install/semantic_msgs/include/semantic_msgs/semantic_msgs/msg\n'}
[0.338256] (semantic_msgs) StdoutLine: {'line': b'-- Up-to-date: /mnt/ssd/lsgloc_ws/install/semantic_msgs/include/semantic_msgs/semantic_msgs/msg/semantic_detection_array.h\n'}
[0.338325] (semantic_msgs) StdoutLine: {'line': b'-- Up-to-date: /mnt/ssd/lsgloc_ws/install/semantic_msgs/include/semantic_msgs/semantic_msgs/msg/semantic_detection.h\n'}
[0.338362] (semantic_msgs) StdoutLine: {'line': b'-- Up-to-date: /mnt/ssd/lsgloc_ws/install/semantic_msgs/include/semantic_msgs/semantic_msgs/msg/detail\n'}
[0.338399] (semantic_msgs) StdoutLine: {'line': b'-- Up-to-date: /mnt/ssd/lsgloc_ws/install/semantic_msgs/include/semantic_msgs/semantic_msgs/msg/detail/semantic_detection_array__functions.h\n'}
[0.338436] (semantic_msgs) StdoutLine: {'line': b'-- Up-to-date: /mnt/ssd/lsgloc_ws/install/semantic_msgs/include/semantic_msgs/semantic_msgs/msg/detail/semantic_detection__type_support.h\n'}
[0.338471] (semantic_msgs) StdoutLine: {'line': b'-- Up-to-date: /mnt/ssd/lsgloc_ws/install/semantic_msgs/include/semantic_msgs/semantic_msgs/msg/detail/semantic_detection__functions.c\n'}
[0.338505] (semantic_msgs) StdoutLine: {'line': b'-- Up-to-date: /mnt/ssd/lsgloc_ws/install/semantic_msgs/include/semantic_msgs/semantic_msgs/msg/detail/semantic_detection_array__functions.c\n'}
[0.338538] (semantic_msgs) StdoutLine: {'line': b'-- Up-to-date: /mnt/ssd/lsgloc_ws/install/semantic_msgs/include/semantic_msgs/semantic_msgs/msg/detail/semantic_detection_array__type_support.h\n'}
[0.338571] (semantic_msgs) StdoutLine: {'line': b'-- Up-to-date: /mnt/ssd/lsgloc_ws/install/semantic_msgs/include/semantic_msgs/semantic_msgs/msg/detail/semantic_detection__struct.h\n'}
[0.338609] (semantic_msgs) StdoutLine: {'line': b'-- Up-to-date: /mnt/ssd/lsgloc_ws/install/semantic_msgs/include/semantic_msgs/semantic_msgs/msg/detail/semantic_detection_array__struct.h\n'}
[0.338641] (semantic_msgs) StdoutLine: {'line': b'-- Up-to-date: /mnt/ssd/lsgloc_ws/install/semantic_msgs/include/semantic_msgs/semantic_msgs/msg/detail/semantic_detection__functions.h\n'}
[0.338710] (semantic_msgs) StdoutLine: {'line': b'-- Up-to-date: /mnt/ssd/lsgloc_ws/install/semantic_msgs/include/semantic_msgs/semantic_msgs/msg/rosidl_generator_c__visibility_control.h\n'}
[0.338751] (semantic_msgs) StdoutLine: {'line': b'-- Up-to-date: /mnt/ssd/lsgloc_ws/install/semantic_msgs/share/semantic_msgs/environment/library_path.sh\n'}
[0.338813] (semantic_msgs) StdoutLine: {'line': b'-- Up-to-date: /mnt/ssd/lsgloc_ws/install/semantic_msgs/share/semantic_msgs/environment/library_path.dsv\n'}
[0.338855] (semantic_msgs) StdoutLine: {'line': b'-- Up-to-date: /mnt/ssd/lsgloc_ws/install/semantic_msgs/lib/libsemantic_msgs__rosidl_generator_c.so\n'}
[0.338889] (semantic_msgs) StdoutLine: {'line': b'-- Up-to-date: /mnt/ssd/lsgloc_ws/install/semantic_msgs/include/semantic_msgs/semantic_msgs\n'}
[0.338923] (semantic_msgs) StdoutLine: {'line': b'-- Up-to-date: /mnt/ssd/lsgloc_ws/install/semantic_msgs/include/semantic_msgs/semantic_msgs/msg\n'}
[0.338955] (semantic_msgs) StdoutLine: {'line': b'-- Up-to-date: /mnt/ssd/lsgloc_ws/install/semantic_msgs/include/semantic_msgs/semantic_msgs/msg/rosidl_typesupport_fastrtps_c__visibility_control.h\n'}
[0.338988] (semantic_msgs) StdoutLine: {'line': b'-- Up-to-date: /mnt/ssd/lsgloc_ws/install/semantic_msgs/include/semantic_msgs/semantic_msgs/msg/detail\n'}
[0.339021] (semantic_msgs) StdoutLine: {'line': b'-- Up-to-date: /mnt/ssd/lsgloc_ws/install/semantic_msgs/include/semantic_msgs/semantic_msgs/msg/detail/semantic_detection_array__rosidl_typesupport_fastrtps_c.h\n'}
[0.339070] (semantic_msgs) StdoutLine: {'line': b'-- Up-to-date: /mnt/ssd/lsgloc_ws/install/semantic_msgs/include/semantic_msgs/semantic_msgs/msg/detail/semantic_detection__rosidl_typesupport_fastrtps_c.h\n'}
[0.339155] (semantic_msgs) StdoutLine: {'line': b'-- Up-to-date: /mnt/ssd/lsgloc_ws/install/semantic_msgs/lib/libsemantic_msgs__rosidl_typesupport_fastrtps_c.so\n'}
[0.339188] (semantic_msgs) StdoutLine: {'line': b'-- Up-to-date: /mnt/ssd/lsgloc_ws/install/semantic_msgs/include/semantic_msgs/semantic_msgs\n'}
[0.339221] (semantic_msgs) StdoutLine: {'line': b'-- Up-to-date: /mnt/ssd/lsgloc_ws/install/semantic_msgs/include/semantic_msgs/semantic_msgs/msg\n'}
[0.339253] (semantic_msgs) StdoutLine: {'line': b'-- Up-to-date: /mnt/ssd/lsgloc_ws/install/semantic_msgs/include/semantic_msgs/semantic_msgs/msg/semantic_detection.hpp\n'}
[0.339285] (semantic_msgs) StdoutLine: {'line': b'-- Up-to-date: /mnt/ssd/lsgloc_ws/install/semantic_msgs/include/semantic_msgs/semantic_msgs/msg/semantic_detection_array.hpp\n'}
[0.339317] (semantic_msgs) StdoutLine: {'line': b'-- Up-to-date: /mnt/ssd/lsgloc_ws/install/semantic_msgs/include/semantic_msgs/semantic_msgs/msg/detail\n'}
[0.339348] (semantic_msgs) StdoutLine: {'line': b'-- Up-to-date: /mnt/ssd/lsgloc_ws/install/semantic_msgs/include/semantic_msgs/semantic_msgs/msg/detail/semantic_detection_array__type_support.hpp\n'}
[0.339380] (semantic_msgs) StdoutLine: {'line': b'-- Up-to-date: /mnt/ssd/lsgloc_ws/install/semantic_msgs/include/semantic_msgs/semantic_msgs/msg/detail/semantic_detection__struct.hpp\n'}
[0.339412] (semantic_msgs) StdoutLine: {'line': b'-- Up-to-date: /mnt/ssd/lsgloc_ws/install/semantic_msgs/include/semantic_msgs/semantic_msgs/msg/detail/semantic_detection_array__traits.hpp\n'}
[0.339445] (semantic_msgs) StdoutLine: {'line': b'-- Up-to-date: /mnt/ssd/lsgloc_ws/install/semantic_msgs/include/semantic_msgs/semantic_msgs/msg/detail/semantic_detection_array__builder.hpp\n'}
[0.339475] (semantic_msgs) StdoutLine: {'line': b'-- Up-to-date: /mnt/ssd/lsgloc_ws/install/semantic_msgs/include/semantic_msgs/semantic_msgs/msg/detail/semantic_detection__traits.hpp\n'}
[0.339507] (semantic_msgs) StdoutLine: {'line': b'-- Up-to-date: /mnt/ssd/lsgloc_ws/install/semantic_msgs/include/semantic_msgs/semantic_msgs/msg/detail/semantic_detection__type_support.hpp\n'}
[0.339539] (semantic_msgs) StdoutLine: {'line': b'-- Up-to-date: /mnt/ssd/lsgloc_ws/install/semantic_msgs/include/semantic_msgs/semantic_msgs/msg/detail/semantic_detection_array__struct.hpp\n'}
[0.339571] (semantic_msgs) StdoutLine: {'line': b'-- Up-to-date: /mnt/ssd/lsgloc_ws/install/semantic_msgs/include/semantic_msgs/semantic_msgs/msg/detail/semantic_detection__builder.hpp\n'}
[0.339607] (semantic_msgs) StdoutLine: {'line': b'-- Up-to-date: /mnt/ssd/lsgloc_ws/install/semantic_msgs/include/semantic_msgs/semantic_msgs/msg/rosidl_generator_cpp__visibility_control.hpp\n'}
[0.339644] (semantic_msgs) StdoutLine: {'line': b'-- Up-to-date: /mnt/ssd/lsgloc_ws/install/semantic_msgs/include/semantic_msgs/semantic_msgs\n'}
[0.339672] (semantic_msgs) StdoutLine: {'line': b'-- Up-to-date: /mnt/ssd/lsgloc_ws/install/semantic_msgs/include/semantic_msgs/semantic_msgs/msg\n'}
[0.339698] (semantic_msgs) StdoutLine: {'line': b'-- Up-to-date: /mnt/ssd/lsgloc_ws/install/semantic_msgs/include/semantic_msgs/semantic_msgs/msg/rosidl_typesupport_fastrtps_cpp__visibility_control.h\n'}
[0.339741] (semantic_msgs) StdoutLine: {'line': b'-- Up-to-date: /mnt/ssd/lsgloc_ws/install/semantic_msgs/include/semantic_msgs/semantic_msgs/msg/detail\n'}
[0.339818] (semantic_msgs) StdoutLine: {'line': b'-- Up-to-date: /mnt/ssd/lsgloc_ws/install/semantic_msgs/include/semantic_msgs/semantic_msgs/msg/detail/semantic_detection_array__rosidl_typesupport_fastrtps_cpp.hpp\n'}
[0.339849] (semantic_msgs) StdoutLine: {'line': b'-- Up-to-date: /mnt/ssd/lsgloc_ws/install/semantic_msgs/include/semantic_msgs/semantic_msgs/msg/detail/semantic_detection__rosidl_typesupport_fastrtps_cpp.hpp\n'}
[0.339875] (semantic_msgs) StdoutLine: {'line': b'-- Up-to-date: /mnt/ssd/lsgloc_ws/install/semantic_msgs/include/semantic_msgs/semantic_msgs/msg/detail/dds_fastrtps\n'}
[0.339926] (semantic_msgs) StdoutLine: {'line': b'-- Up-to-date: /mnt/ssd/lsgloc_ws/install/semantic_msgs/lib/libsemantic_msgs__rosidl_typesupport_fastrtps_cpp.so\n'}
[0.339970] (semantic_msgs) StdoutLine: {'line': b'-- Up-to-date: /mnt/ssd/lsgloc_ws/install/semantic_msgs/include/semantic_msgs/semantic_msgs\n'}
[0.339997] (semantic_msgs) StdoutLine: {'line': b'-- Up-to-date: /mnt/ssd/lsgloc_ws/install/semantic_msgs/include/semantic_msgs/semantic_msgs/msg\n'}
[0.340023] (semantic_msgs) StdoutLine: {'line': b'-- Up-to-date: /mnt/ssd/lsgloc_ws/install/semantic_msgs/include/semantic_msgs/semantic_msgs/msg/rosidl_typesupport_introspection_c__visibility_control.h\n'}
[0.340049] (semantic_msgs) StdoutLine: {'line': b'-- Up-to-date: /mnt/ssd/lsgloc_ws/install/semantic_msgs/include/semantic_msgs/semantic_msgs/msg/detail\n'}
[0.340075] (semantic_msgs) StdoutLine: {'line': b'-- Up-to-date: /mnt/ssd/lsgloc_ws/install/semantic_msgs/include/semantic_msgs/semantic_msgs/msg/detail/semantic_detection_array__type_support.c\n'}
[0.340100] (semantic_msgs) StdoutLine: {'line': b'-- Up-to-date: /mnt/ssd/lsgloc_ws/install/semantic_msgs/include/semantic_msgs/semantic_msgs/msg/detail/semantic_detection__rosidl_typesupport_introspection_c.h\n'}
[0.340126] (semantic_msgs) StdoutLine: {'line': b'-- Up-to-date: /mnt/ssd/lsgloc_ws/install/semantic_msgs/include/semantic_msgs/semantic_msgs/msg/detail/semantic_detection_array__rosidl_typesupport_introspection_c.h\n'}
[0.340154] (semantic_msgs) StdoutLine: {'line': b'-- Up-to-date: /mnt/ssd/lsgloc_ws/install/semantic_msgs/include/semantic_msgs/semantic_msgs/msg/detail/semantic_detection__type_support.c\n'}
[0.340180] (semantic_msgs) StdoutLine: {'line': b'-- Up-to-date: /mnt/ssd/lsgloc_ws/install/semantic_msgs/lib/libsemantic_msgs__rosidl_typesupport_introspection_c.so\n'}
[0.340235] (semantic_msgs) StdoutLine: {'line': b'-- Up-to-date: /mnt/ssd/lsgloc_ws/install/semantic_msgs/lib/libsemantic_msgs__rosidl_typesupport_c.so\n'}
[0.340260] (semantic_msgs) StdoutLine: {'line': b'-- Up-to-date: /mnt/ssd/lsgloc_ws/install/semantic_msgs/include/semantic_msgs/semantic_msgs\n'}
[0.340284] (semantic_msgs) StdoutLine: {'line': b'-- Up-to-date: /mnt/ssd/lsgloc_ws/install/semantic_msgs/include/semantic_msgs/semantic_msgs/msg\n'}
[0.340310] (semantic_msgs) StdoutLine: {'line': b'-- Up-to-date: /mnt/ssd/lsgloc_ws/install/semantic_msgs/include/semantic_msgs/semantic_msgs/msg/detail\n'}
[0.340350] (semantic_msgs) StdoutLine: {'line': b'-- Up-to-date: /mnt/ssd/lsgloc_ws/install/semantic_msgs/include/semantic_msgs/semantic_msgs/msg/detail/semantic_detection_array__rosidl_typesupport_introspection_cpp.hpp\n'}
[0.340374] (semantic_msgs) StdoutLine: {'line': b'-- Up-to-date: /mnt/ssd/lsgloc_ws/install/semantic_msgs/include/semantic_msgs/semantic_msgs/msg/detail/semantic_detection__type_support.cpp\n'}
[0.340409] (semantic_msgs) StdoutLine: {'line': b'-- Up-to-date: /mnt/ssd/lsgloc_ws/install/semantic_msgs/include/semantic_msgs/semantic_msgs/msg/detail/semantic_detection_array__type_support.cpp\n'}
[0.340438] (semantic_msgs) StdoutLine: {'line': b'-- Up-to-date: /mnt/ssd/lsgloc_ws/install/semantic_msgs/include/semantic_msgs/semantic_msgs/msg/detail/semantic_detection__rosidl_typesupport_introspection_cpp.hpp\n'}
[0.340480] (semantic_msgs) StdoutLine: {'line': b'-- Up-to-date: /mnt/ssd/lsgloc_ws/install/semantic_msgs/lib/libsemantic_msgs__rosidl_typesupport_introspection_cpp.so\n'}
[0.340506] (semantic_msgs) StdoutLine: {'line': b'-- Up-to-date: /mnt/ssd/lsgloc_ws/install/semantic_msgs/lib/libsemantic_msgs__rosidl_typesupport_cpp.so\n'}
[0.340531] (semantic_msgs) StdoutLine: {'line': b'-- Up-to-date: /mnt/ssd/lsgloc_ws/install/semantic_msgs/share/semantic_msgs/environment/pythonpath.sh\n'}
[0.340576] (semantic_msgs) StdoutLine: {'line': b'-- Up-to-date: /mnt/ssd/lsgloc_ws/install/semantic_msgs/share/semantic_msgs/environment/pythonpath.dsv\n'}
[0.340625] (semantic_msgs) StdoutLine: {'line': b'-- Up-to-date: /mnt/ssd/lsgloc_ws/install/semantic_msgs/local/lib/python3.10/dist-packages/semantic_msgs-0.0.0-py3.10.egg-info\n'}
[0.340653] (semantic_msgs) StdoutLine: {'line': b'-- Installing: /mnt/ssd/lsgloc_ws/install/semantic_msgs/local/lib/python3.10/dist-packages/semantic_msgs-0.0.0-py3.10.egg-info/SOURCES.txt\n'}
[0.340677] (semantic_msgs) StdoutLine: {'line': b'-- Installing: /mnt/ssd/lsgloc_ws/install/semantic_msgs/local/lib/python3.10/dist-packages/semantic_msgs-0.0.0-py3.10.egg-info/top_level.txt\n'}
[0.340717] (semantic_msgs) StdoutLine: {'line': b'-- Installing: /mnt/ssd/lsgloc_ws/install/semantic_msgs/local/lib/python3.10/dist-packages/semantic_msgs-0.0.0-py3.10.egg-info/PKG-INFO\n'}
[0.340775] (semantic_msgs) StdoutLine: {'line': b'-- Installing: /mnt/ssd/lsgloc_ws/install/semantic_msgs/local/lib/python3.10/dist-packages/semantic_msgs-0.0.0-py3.10.egg-info/dependency_links.txt\n'}
[0.340884] (semantic_msgs) StdoutLine: {'line': b'-- Up-to-date: /mnt/ssd/lsgloc_ws/install/semantic_msgs/local/lib/python3.10/dist-packages/semantic_msgs\n'}
[0.340926] (semantic_msgs) StdoutLine: {'line': b'-- Up-to-date: /mnt/ssd/lsgloc_ws/install/semantic_msgs/local/lib/python3.10/dist-packages/semantic_msgs/libsemantic_msgs__rosidl_generator_py.so\n'}
[0.340965] (semantic_msgs) StdoutLine: {'line': b'-- Up-to-date: /mnt/ssd/lsgloc_ws/install/semantic_msgs/local/lib/python3.10/dist-packages/semantic_msgs/semantic_msgs_s__rosidl_typesupport_c.cpython-310-x86_64-linux-gnu.so\n'}
[0.341019] (semantic_msgs) StdoutLine: {'line': b'-- Up-to-date: /mnt/ssd/lsgloc_ws/install/semantic_msgs/local/lib/python3.10/dist-packages/semantic_msgs/_semantic_msgs_s.ep.rosidl_typesupport_introspection_c.c\n'}
[0.341067] (semantic_msgs) StdoutLine: {'line': b'-- Up-to-date: /mnt/ssd/lsgloc_ws/install/semantic_msgs/local/lib/python3.10/dist-packages/semantic_msgs/__init__.py\n'}
[0.341094] (semantic_msgs) StdoutLine: {'line': b'-- Up-to-date: /mnt/ssd/lsgloc_ws/install/semantic_msgs/local/lib/python3.10/dist-packages/semantic_msgs/msg\n'}
[0.341120] (semantic_msgs) StdoutLine: {'line': b'-- Up-to-date: /mnt/ssd/lsgloc_ws/install/semantic_msgs/local/lib/python3.10/dist-packages/semantic_msgs/msg/__init__.py\n'}
[0.341146] (semantic_msgs) StdoutLine: {'line': b'-- Up-to-date: /mnt/ssd/lsgloc_ws/install/semantic_msgs/local/lib/python3.10/dist-packages/semantic_msgs/msg/_semantic_detection.py\n'}
[0.341171] (semantic_msgs) StdoutLine: {'line': b'-- Up-to-date: /mnt/ssd/lsgloc_ws/install/semantic_msgs/local/lib/python3.10/dist-packages/semantic_msgs/msg/_semantic_detection_s.c\n'}
[0.341197] (semantic_msgs) StdoutLine: {'line': b'-- Up-to-date: /mnt/ssd/lsgloc_ws/install/semantic_msgs/local/lib/python3.10/dist-packages/semantic_msgs/msg/_semantic_detection_array_s.c\n'}
[0.341223] (semantic_msgs) StdoutLine: {'line': b'-- Up-to-date: /mnt/ssd/lsgloc_ws/install/semantic_msgs/local/lib/python3.10/dist-packages/semantic_msgs/msg/_semantic_detection_array.py\n'}
[0.341263] (semantic_msgs) StdoutLine: {'line': b'-- Up-to-date: /mnt/ssd/lsgloc_ws/install/semantic_msgs/local/lib/python3.10/dist-packages/semantic_msgs/_semantic_msgs_s.ep.rosidl_typesupport_fastrtps_c.c\n'}
[0.341313] (semantic_msgs) StdoutLine: {'line': b'-- Up-to-date: /mnt/ssd/lsgloc_ws/install/semantic_msgs/local/lib/python3.10/dist-packages/semantic_msgs/_semantic_msgs_s.ep.rosidl_typesupport_c.c\n'}
[0.341338] (semantic_msgs) StdoutLine: {'line': b'-- Up-to-date: /mnt/ssd/lsgloc_ws/install/semantic_msgs/local/lib/python3.10/dist-packages/semantic_msgs/semantic_msgs_s__rosidl_typesupport_fastrtps_c.cpython-310-x86_64-linux-gnu.so\n'}
[0.341370] (semantic_msgs) StdoutLine: {'line': b'-- Up-to-date: /mnt/ssd/lsgloc_ws/install/semantic_msgs/local/lib/python3.10/dist-packages/semantic_msgs/semantic_msgs_s__rosidl_typesupport_introspection_c.cpython-310-x86_64-linux-gnu.so\n'}
[0.359703] (semantic_msgs) StdoutLine: {'line': b"Listing '/mnt/ssd/lsgloc_ws/install/semantic_msgs/local/lib/python3.10/dist-packages/semantic_msgs'...\n"}
[0.359783] (semantic_msgs) StdoutLine: {'line': b"Listing '/mnt/ssd/lsgloc_ws/install/semantic_msgs/local/lib/python3.10/dist-packages/semantic_msgs/msg'...\n"}
[0.362141] (semantic_msgs) StdoutLine: {'line': b'-- Up-to-date: /mnt/ssd/lsgloc_ws/install/semantic_msgs/local/lib/python3.10/dist-packages/semantic_msgs/semantic_msgs_s__rosidl_typesupport_fastrtps_c.cpython-310-x86_64-linux-gnu.so\n'}
[0.362321] (semantic_msgs) StdoutLine: {'line': b'-- Up-to-date: /mnt/ssd/lsgloc_ws/install/semantic_msgs/local/lib/python3.10/dist-packages/semantic_msgs/semantic_msgs_s__rosidl_typesupport_introspection_c.cpython-310-x86_64-linux-gnu.so\n'}
[0.362486] (semantic_msgs) StdoutLine: {'line': b'-- Up-to-date: /mnt/ssd/lsgloc_ws/install/semantic_msgs/local/lib/python3.10/dist-packages/semantic_msgs/semantic_msgs_s__rosidl_typesupport_c.cpython-310-x86_64-linux-gnu.so\n'}
[0.362643] (semantic_msgs) StdoutLine: {'line': b'-- Up-to-date: /mnt/ssd/lsgloc_ws/install/semantic_msgs/lib/libsemantic_msgs__rosidl_generator_py.so\n'}
[0.362748] (semantic_msgs) StdoutLine: {'line': b'-- Up-to-date: /mnt/ssd/lsgloc_ws/install/semantic_msgs/share/semantic_msgs/msg/SemanticDetection.idl\n'}
[0.362801] (semantic_msgs) StdoutLine: {'line': b'-- Up-to-date: /mnt/ssd/lsgloc_ws/install/semantic_msgs/share/semantic_msgs/msg/SemanticDetectionArray.idl\n'}
[0.362843] (semantic_msgs) StdoutLine: {'line': b'-- Up-to-date: /mnt/ssd/lsgloc_ws/install/semantic_msgs/share/semantic_msgs/msg/SemanticDetection.msg\n'}
[0.362874] (semantic_msgs) StdoutLine: {'line': b'-- Up-to-date: /mnt/ssd/lsgloc_ws/install/semantic_msgs/share/semantic_msgs/msg/SemanticDetectionArray.msg\n'}
[0.362927] (semantic_msgs) StdoutLine: {'line': b'-- Up-to-date: /mnt/ssd/lsgloc_ws/install/semantic_msgs/share/ament_index/resource_index/package_run_dependencies/semantic_msgs\n'}
[0.362963] (semantic_msgs) StdoutLine: {'line': b'-- Up-to-date: /mnt/ssd/lsgloc_ws/install/semantic_msgs/share/ament_index/resource_index/parent_prefix_path/semantic_msgs\n'}
[0.362990] (semantic_msgs) StdoutLine: {'line': b'-- Up-to-date: /mnt/ssd/lsgloc_ws/install/semantic_msgs/share/semantic_msgs/environment/ament_prefix_path.sh\n'}
[0.363018] (semantic_msgs) StdoutLine: {'line': b'-- Up-to-date: /mnt/ssd/lsgloc_ws/install/semantic_msgs/share/semantic_msgs/environment/ament_prefix_path.dsv\n'}
[0.363044] (semantic_msgs) StdoutLine: {'line': b'-- Up-to-date: /mnt/ssd/lsgloc_ws/install/semantic_msgs/share/semantic_msgs/environment/path.sh\n'}
[0.363084] (semantic_msgs) StdoutLine: {'line': b'-- Up-to-date: /mnt/ssd/lsgloc_ws/install/semantic_msgs/share/semantic_msgs/environment/path.dsv\n'}
[0.363135] (semantic_msgs) StdoutLine: {'line': b'-- Up-to-date: /mnt/ssd/lsgloc_ws/install/semantic_msgs/share/semantic_msgs/local_setup.bash\n'}
[0.363161] (semantic_msgs) StdoutLine: {'line': b'-- Up-to-date: /mnt/ssd/lsgloc_ws/install/semantic_msgs/share/semantic_msgs/local_setup.sh\n'}
[0.363189] (semantic_msgs) StdoutLine: {'line': b'-- Up-to-date: /mnt/ssd/lsgloc_ws/install/semantic_msgs/share/semantic_msgs/local_setup.zsh\n'}
[0.363216] (semantic_msgs) StdoutLine: {'line': b'-- Up-to-date: /mnt/ssd/lsgloc_ws/install/semantic_msgs/share/semantic_msgs/local_setup.dsv\n'}
[0.363243] (semantic_msgs) StdoutLine: {'line': b'-- Installing: /mnt/ssd/lsgloc_ws/install/semantic_msgs/share/semantic_msgs/package.dsv\n'}
[0.363282] (semantic_msgs) StdoutLine: {'line': b'-- Up-to-date: /mnt/ssd/lsgloc_ws/install/semantic_msgs/share/ament_index/resource_index/packages/semantic_msgs\n'}
[0.363321] (semantic_msgs) StdoutLine: {'line': b'-- Up-to-date: /mnt/ssd/lsgloc_ws/install/semantic_msgs/share/semantic_msgs/cmake/export_semantic_msgs__rosidl_generator_cExport.cmake\n'}
[0.363360] (semantic_msgs) StdoutLine: {'line': b'-- Up-to-date: /mnt/ssd/lsgloc_ws/install/semantic_msgs/share/semantic_msgs/cmake/export_semantic_msgs__rosidl_generator_cExport-noconfig.cmake\n'}
[0.363399] (semantic_msgs) StdoutLine: {'line': b'-- Up-to-date: /mnt/ssd/lsgloc_ws/install/semantic_msgs/share/semantic_msgs/cmake/export_semantic_msgs__rosidl_typesupport_fastrtps_cExport.cmake\n'}
[0.363436] (semantic_msgs) StdoutLine: {'line': b'-- Up-to-date: /mnt/ssd/lsgloc_ws/install/semantic_msgs/share/semantic_msgs/cmake/export_semantic_msgs__rosidl_typesupport_fastrtps_cExport-noconfig.cmake\n'}
[0.363472] (semantic_msgs) StdoutLine: {'line': b'-- Up-to-date: /mnt/ssd/lsgloc_ws/install/semantic_msgs/share/semantic_msgs/cmake/export_semantic_msgs__rosidl_generator_cppExport.cmake\n'}
[0.363504] (semantic_msgs) StdoutLine: {'line': b'-- Up-to-date: /mnt/ssd/lsgloc_ws/install/semantic_msgs/share/semantic_msgs/cmake/export_semantic_msgs__rosidl_typesupport_fastrtps_cppExport.cmake\n'}
[0.363541] (semantic_msgs) StdoutLine: {'line': b'-- Up-to-date: /mnt/ssd/lsgloc_ws/install/semantic_msgs/share/semantic_msgs/cmake/export_semantic_msgs__rosidl_typesupport_fastrtps_cppExport-noconfig.cmake\n'}
[0.363579] (semantic_msgs) StdoutLine: {'line': b'-- Up-to-date: /mnt/ssd/lsgloc_ws/install/semantic_msgs/share/semantic_msgs/cmake/semantic_msgs__rosidl_typesupport_introspection_cExport.cmake\n'}
[0.363612] (semantic_msgs) StdoutLine: {'line': b'-- Up-to-date: /mnt/ssd/lsgloc_ws/install/semantic_msgs/share/semantic_msgs/cmake/semantic_msgs__rosidl_typesupport_introspection_cExport-noconfig.cmake\n'}
[0.363646] (semantic_msgs) StdoutLine: {'line': b'-- Up-to-date: /mnt/ssd/lsgloc_ws/install/semantic_msgs/share/semantic_msgs/cmake/semantic_msgs__rosidl_typesupport_cExport.cmake\n'}
[0.363684] (semantic_msgs) StdoutLine: {'line': b'-- Up-to-date: /mnt/ssd/lsgloc_ws/install/semantic_msgs/share/semantic_msgs/cmake/semantic_msgs__rosidl_typesupport_cExport-noconfig.cmake\n'}
[0.363716] (semantic_msgs) StdoutLine: {'line': b'-- Up-to-date: /mnt/ssd/lsgloc_ws/install/semantic_msgs/share/semantic_msgs/cmake/semantic_msgs__rosidl_typesupport_introspection_cppExport.cmake\n'}
[0.363753] (semantic_msgs) StdoutLine: {'line': b'-- Up-to-date: /mnt/ssd/lsgloc_ws/install/semantic_msgs/share/semantic_msgs/cmake/semantic_msgs__rosidl_typesupport_introspection_cppExport-noconfig.cmake\n'}
[0.363792] (semantic_msgs) StdoutLine: {'line': b'-- Up-to-date: /mnt/ssd/lsgloc_ws/install/semantic_msgs/share/semantic_msgs/cmake/semantic_msgs__rosidl_typesupport_cppExport.cmake\n'}
[0.363832] (semantic_msgs) StdoutLine: {'line': b'-- Up-to-date: /mnt/ssd/lsgloc_ws/install/semantic_msgs/share/semantic_msgs/cmake/semantic_msgs__rosidl_typesupport_cppExport-noconfig.cmake\n'}
[0.363867] (semantic_msgs) StdoutLine: {'line': b'-- Up-to-date: /mnt/ssd/lsgloc_ws/install/semantic_msgs/share/semantic_msgs/cmake/export_semantic_msgs__rosidl_generator_pyExport.cmake\n'}
[0.363902] (semantic_msgs) StdoutLine: {'line': b'-- Up-to-date: /mnt/ssd/lsgloc_ws/install/semantic_msgs/share/semantic_msgs/cmake/export_semantic_msgs__rosidl_generator_pyExport-noconfig.cmake\n'}
[0.363934] (semantic_msgs) StdoutLine: {'line': b'-- Up-to-date: /mnt/ssd/lsgloc_ws/install/semantic_msgs/share/semantic_msgs/cmake/rosidl_cmake-extras.cmake\n'}
[0.363972] (semantic_msgs) StdoutLine: {'line': b'-- Up-to-date: /mnt/ssd/lsgloc_ws/install/semantic_msgs/share/semantic_msgs/cmake/ament_cmake_export_dependencies-extras.cmake\n'}
[0.364011] (semantic_msgs) StdoutLine: {'line': b'-- Up-to-date: /mnt/ssd/lsgloc_ws/install/semantic_msgs/share/semantic_msgs/cmake/ament_cmake_export_include_directories-extras.cmake\n'}
[0.364064] (semantic_msgs) StdoutLine: {'line': b'-- Up-to-date: /mnt/ssd/lsgloc_ws/install/semantic_msgs/share/semantic_msgs/cmake/ament_cmake_export_libraries-extras.cmake\n'}
[0.364096] (semantic_msgs) StdoutLine: {'line': b'-- Up-to-date: /mnt/ssd/lsgloc_ws/install/semantic_msgs/share/semantic_msgs/cmake/ament_cmake_export_targets-extras.cmake\n'}
[0.364123] (semantic_msgs) StdoutLine: {'line': b'-- Up-to-date: /mnt/ssd/lsgloc_ws/install/semantic_msgs/share/semantic_msgs/cmake/rosidl_cmake_export_typesupport_targets-extras.cmake\n'}
[0.364150] (semantic_msgs) StdoutLine: {'line': b'-- Up-to-date: /mnt/ssd/lsgloc_ws/install/semantic_msgs/share/semantic_msgs/cmake/rosidl_cmake_export_typesupport_libraries-extras.cmake\n'}
[0.364177] (semantic_msgs) StdoutLine: {'line': b'-- Up-to-date: /mnt/ssd/lsgloc_ws/install/semantic_msgs/share/semantic_msgs/cmake/semantic_msgsConfig.cmake\n'}
[0.364220] (semantic_msgs) StdoutLine: {'line': b'-- Up-to-date: /mnt/ssd/lsgloc_ws/install/semantic_msgs/share/semantic_msgs/cmake/semantic_msgsConfig-version.cmake\n'}
[0.364244] (semantic_msgs) StdoutLine: {'line': b'-- Up-to-date: /mnt/ssd/lsgloc_ws/install/semantic_msgs/share/semantic_msgs/package.xml\n'}
[0.365386] (semantic_msgs) CommandEnded: {'returncode': 0}
[0.373796] (semantic_msgs) JobEnded: {'identifier': 'semantic_msgs', 'rc': 0}
[0.374247] (obj_detection) JobStarted: {'identifier': 'obj_detection'}
[0.376798] (semantic_mcl) JobStarted: {'identifier': 'semantic_mcl'}
[0.400128] (-) TimerEvent: {}
[0.500377] (-) TimerEvent: {}
[0.600625] (-) TimerEvent: {}
[0.614156] (semantic_mcl) JobProgress: {'identifier': 'semantic_mcl', 'progress': 'cmake'}
[0.614463] (semantic_mcl) JobProgress: {'identifier': 'semantic_mcl', 'progress': 'build'}
[0.614969] (semantic_mcl) Command: {'cmd': ['/usr/bin/cmake', '--build', '/mnt/ssd/lsgloc_ws/build/semantic_mcl', '--', '-j16', '-l16'], 'cwd': '/mnt/ssd/lsgloc_ws/build/semantic_mcl', 'env': OrderedDict([('GJS_DEBUG_TOPICS', 'JS ERROR;JS LOG'), ('PYTHON_BASIC_REPL', '1'), ('LESSOPEN', '| /usr/bin/lesspipe %s'), ('LANGUAGE', 'en_SG:en'), ('USER', 'sensethreat'), ('XDG_SESSION_TYPE', 'x11'), ('GIT_ASKPASS', '/usr/share/code/resources/app/extensions/git/dist/askpass.sh'), ('SHLVL', '1'), ('LD_LIBRARY_PATH', '/mnt/ssd/lsgloc_ws/install/semantic_msgs/lib:/usr/local/cuda/lib64:/usr/lib/x86_64-linux-gnu/gazebo-11/plugins:/opt/ros/humble/opt/rviz_ogre_vendor/lib:/opt/ros/humble/lib/x86_64-linux-gnu:/opt/ros/humble/lib:/usr/local/cuda/lib64'), ('HOME', '/home/sensethreat'), ('CHROME_DESKTOP', 'code.desktop'), ('CONDA_SHLVL', '0'), ('TERM_PROGRAM_VERSION', '1.108.2'), ('DESKTOP_SESSION', 'ubuntu'), ('NVM_BIN', '/home/sensethreat/.nvm/versions/node/v20.20.1/bin'), ('NVM_INC', '/home/sensethreat/.nvm/versions/node/v20.20.1/include/node'), ('GIO_LAUNCHED_DESKTOP_FILE', '/usr/share/applications/code.desktop'), ('ROS_PYTHON_VERSION', '3'), ('GNOME_SHELL_SESSION_MODE', 'ubuntu'), ('GTK_MODULES', 'gail:atk-bridge'), ('VSCODE_GIT_ASKPASS_MAIN', '/usr/share/code/resources/app/extensions/git/dist/askpass-main.js'), ('VSCODE_GIT_ASKPASS_NODE', '/usr/share/code/code'), ('MANAGERPID', '4235'), ('PYDEVD_DISABLE_FILE_VALIDATION', '1'), ('SYSTEMD_EXEC_PID', '4526'), ('BUNDLED_DEBUGPY_PATH', '/home/sensethreat/.vscode/extensions/ms-python.debugpy-2025.18.0-linux-x64/bundled/libs/debugpy'), ('VSCODE_PYTHON_AUTOACTIVATE_GUARD', '1'), ('DBUS_SESSION_BUS_ADDRESS', 'unix:path=/run/user/1000/bus'), ('COLORTERM', 'truecolor'), ('_CE_M', ''), ('GIO_LAUNCHED_DESKTOP_FILE_PID', '1699102'), ('NVM_DIR', '/home/sensethreat/.nvm'), ('ROS_DISTRO', 'humble'), ('GTK_IM_MODULE', 'ibus'), ('LOGNAME', 'sensethreat'), ('JOURNAL_STREAM', '8:25865'), ('_', '/usr/bin/colcon'), ('ROS_VERSION', '2'), ('CLAUDE_CODE_SSE_PORT', '13146'), ('XDG_SESSION_CLASS', 'user'), ('GEMINI_CLI_IDE_WORKSPACE_PATH', '/mnt/ssd/lsgloc_ws'), ('USERNAME', 'sensethreat'), ('TERM', 'xterm-256color'), ('GNOME_DESKTOP_SESSION_ID', 'this-is-deprecated'), ('_CE_CONDA', ''), ('FC_FONTATIONS', '1'), ('ROS_LOCALHOST_ONLY', '0'), ('GEMINI_CLI_IDE_SERVER_PORT', '37737'), ('WINDOWPATH', '2'), ('PATH', '/usr/local/cuda/bin:/home/sensethreat/.config/Code/User/globalStorage/github.copilot-chat/debugCommand:/home/sensethreat/.config/Code/User/globalStorage/github.copilot-chat/copilotCli:/home/sensethreat/.local/bin:/home/sensethreat/.nvm/versions/node/v20.20.1/bin:/opt/ros/humble/bin:/home/sensethreat/anaconda3/condabin:/usr/local/cuda/bin:/home/sensethreat/.local/bin:/usr/local/sbin:/usr/local/bin:/usr/sbin:/usr/bin:/sbin:/bin:/usr/games:/usr/local/games:/snap/bin:/snap/bin:/home/sensethreat/.vscode/extensions/ms-python.debugpy-2025.18.0-linux-x64/bundled/scripts/noConfigScripts'), ('SESSION_MANAGER', 'local/gr00t-4090:@/tmp/.ICE-unix/4476,unix/gr00t-4090:/tmp/.ICE-unix/4476'), ('INVOCATION_ID', '2f188857ecf04eb188026dc287baa7cc'), ('XDG_MENU_PREFIX', 'gnome-'), ('XDG_RUNTIME_DIR', '/run/user/1000'), ('GDK_BACKEND', 'x11'), ('DISPLAY', ':1'), ('VSCODE_DEBUGPY_ADAPTER_ENDPOINTS', '/home/sensethreat/.vscode/extensions/ms-python.debugpy-2025.18.0-linux-x64/.noConfigDebugAdapterEndpoints/endpoint-9686078bbb06aef1.txt'), ('LANG', 'en_US.UTF-8'), ('XDG_CURRENT_DESKTOP', 'ubuntu:GNOME'), ('PYTHONSTARTUP', '/home/sensethreat/.config/Code/User/workspaceStorage/a1ba31dbdeff2a34003cc17b1390a45e/ms-python.python/pythonrc.py'), ('XMODIFIERS', '@im=ibus'), ('XDG_SESSION_DESKTOP', 'ubuntu'), ('XAUTHORITY', '/run/user/1000/gdm/Xauthority'), ('LS_COLORS', 'rs=0:di=01;34:ln=01;36:mh=00:pi=40;33:so=01;35:do=01;35:bd=40;33;01:cd=40;33;01:or=40;31;01:mi=00:su=37;41:sg=30;43:ca=30;41:tw=30;42:ow=34;42:st=37;44:ex=01;32:*.tar=01;31:*.tgz=01;31:*.arc=01;31:*.arj=01;31:*.taz=01;31:*.lha=01;31:*.lz4=01;31:*.lzh=01;31:*.lzma=01;31:*.tlz=01;31:*.txz=01;31:*.tzo=01;31:*.t7z=01;31:*.zip=01;31:*.z=01;31:*.dz=01;31:*.gz=01;31:*.lrz=01;31:*.lz=01;31:*.lzo=01;31:*.xz=01;31:*.zst=01;31:*.tzst=01;31:*.bz2=01;31:*.bz=01;31:*.tbz=01;31:*.tbz2=01;31:*.tz=01;31:*.deb=01;31:*.rpm=01;31:*.jar=01;31:*.war=01;31:*.ear=01;31:*.sar=01;31:*.rar=01;31:*.alz=01;31:*.ace=01;31:*.zoo=01;31:*.cpio=01;31:*.7z=01;31:*.rz=01;31:*.cab=01;31:*.wim=01;31:*.swm=01;31:*.dwm=01;31:*.esd=01;31:*.jpg=01;35:*.jpeg=01;35:*.mjpg=01;35:*.mjpeg=01;35:*.gif=01;35:*.bmp=01;35:*.pbm=01;35:*.pgm=01;35:*.ppm=01;35:*.tga=01;35:*.xbm=01;35:*.xpm=01;35:*.tif=01;35:*.tiff=01;35:*.png=01;35:*.svg=01;35:*.svgz=01;35:*.mng=01;35:*.pcx=01;35:*.mov=01;35:*.mpg=01;35:*.mpeg=01;35:*.m2v=01;35:*.mkv=01;35:*.webm=01;35:*.webp=01;35:*.ogm=01;35:*.mp4=01;35:*.m4v=01;35:*.mp4v=01;35:*.vob=01;35:*.qt=01;35:*.nuv=01;35:*.wmv=01;35:*.asf=01;35:*.rm=01;35:*.rmvb=01;35:*.flc=01;35:*.avi=01;35:*.fli=01;35:*.flv=01;35:*.gl=01;35:*.dl=01;35:*.xcf=01;35:*.xwd=01;35:*.yuv=01;35:*.cgm=01;35:*.emf=01;35:*.ogv=01;35:*.ogx=01;35:*.aac=00;36:*.au=00;36:*.flac=00;36:*.m4a=00;36:*.mid=00;36:*.midi=00;36:*.mka=00;36:*.mp3=00;36:*.mpc=00;36:*.ogg=00;36:*.ra=00;36:*.wav=00;36:*.oga=00;36:*.opus=00;36:*.spx=00;36:*.xspf=00;36:'), ('VSCODE_GIT_IPC_HANDLE', '/run/user/1000/vscode-git-e747b80a0c.sock'), ('TERM_PROGRAM', 'vscode'), ('SSH_AGENT_LAUNCHER', 'gnome-keyring'), ('SSH_AUTH_SOCK', '/run/user/1000/keyring/ssh'), ('ROS_DOMAIN_ID', '42'), ('AMENT_PREFIX_PATH', '/mnt/ssd/lsgloc_ws/install/semantic_msgs:/opt/ros/humble'), ('CONDA_PYTHON_EXE', '/home/sensethreat/anaconda3/bin/python'), ('SHELL', '/bin/bash'), ('QT_ACCESSIBILITY', '1'), ('GDMSESSION', 'ubuntu'), ('LESSCLOSE', '/usr/bin/lesspipe %s %s'), ('GPG_AGENT_INFO', '/run/user/1000/gnupg/S.gpg-agent:0:1'), ('GJS_DEBUG_OUTPUT', 'stderr'), ('VSCODE_GIT_ASKPASS_EXTRA_ARGS', ''), ('QT_IM_MODULE', 'ibus'), ('GEMINI_CLI_IDE_AUTH_TOKEN', '26413f97-634b-4051-b3bb-35b322666b9d'), ('PWD', '/mnt/ssd/lsgloc_ws/build/semantic_mcl'), ('TURTLEBOT3_MODEL', 'waffle'), ('LC_ALL', 'en_US.UTF-8'), ('XDG_CONFIG_DIRS', '/etc/xdg/xdg-ubuntu:/etc/xdg'), ('CONDA_EXE', '/home/sensethreat/anaconda3/bin/conda'), ('NVM_CD_FLAGS', ''), ('XDG_DATA_DIRS', '/usr/share/ubuntu:/usr/share/gnome:/usr/local/share/:/usr/share/:/var/lib/snapd/desktop'), ('LDS_MODEL', 'LDS-01'), ('PYTHONPATH', '/mnt/ssd/lsgloc_ws/install/semantic_msgs/local/lib/python3.10/dist-packages:/opt/ros/humble/lib/python3.10/site-packages:/opt/ros/humble/local/lib/python3.10/dist-packages'), ('COLCON', '1'), ('CMAKE_PREFIX_PATH', '/mnt/ssd/lsgloc_ws/install/semantic_msgs:/opt/ros/humble')]), 'shell': False}
[0.646193] (test_semantic_mcl) Command: {'cmd': ['/usr/bin/python3', '-W', 'ignore:setup.py install is deprecated', '-W', 'ignore:easy_install command is deprecated', 'setup.py', 'egg_info', '--egg-base', '../../build/test_semantic_mcl', 'build', '--build-base', '/mnt/ssd/lsgloc_ws/build/test_semantic_mcl/build', 'install', '--record', '/mnt/ssd/lsgloc_ws/build/test_semantic_mcl/install.log', '--single-version-externally-managed', 'install_data'], 'cwd': '/mnt/ssd/lsgloc_ws/src/test_semantic_mcl', 'env': {'GJS_DEBUG_TOPICS': 'JS ERROR;JS LOG', 'PYTHON_BASIC_REPL': '1', 'LESSOPEN': '| /usr/bin/lesspipe %s', 'LANGUAGE': 'en_SG:en', 'USER': 'sensethreat', 'XDG_SESSION_TYPE': 'x11', 'GIT_ASKPASS': '/usr/share/code/resources/app/extensions/git/dist/askpass.sh', 'SHLVL': '1', 'LD_LIBRARY_PATH': '/usr/local/cuda/lib64:/usr/lib/x86_64-linux-gnu/gazebo-11/plugins:/opt/ros/humble/opt/rviz_ogre_vendor/lib:/opt/ros/humble/lib/x86_64-linux-gnu:/opt/ros/humble/lib:/usr/local/cuda/lib64:', 'HOME': '/home/sensethreat', 'CHROME_DESKTOP': 'code.desktop', 'CONDA_SHLVL': '0', 'TERM_PROGRAM_VERSION': '1.108.2', 'DESKTOP_SESSION': 'ubuntu', 'NVM_BIN': '/home/sensethreat/.nvm/versions/node/v20.20.1/bin', 'NVM_INC': '/home/sensethreat/.nvm/versions/node/v20.20.1/include/node', 'GIO_LAUNCHED_DESKTOP_FILE': '/usr/share/applications/code.desktop', 'ROS_PYTHON_VERSION': '3', 'GNOME_SHELL_SESSION_MODE': 'ubuntu', 'GTK_MODULES': 'gail:atk-bridge', 'VSCODE_GIT_ASKPASS_MAIN': '/usr/share/code/resources/app/extensions/git/dist/askpass-main.js', 'VSCODE_GIT_ASKPASS_NODE': '/usr/share/code/code', 'MANAGERPID': '4235', 'PYDEVD_DISABLE_FILE_VALIDATION': '1', 'SYSTEMD_EXEC_PID': '4526', 'BUNDLED_DEBUGPY_PATH': '/home/sensethreat/.vscode/extensions/ms-python.debugpy-2025.18.0-linux-x64/bundled/libs/debugpy', 'VSCODE_PYTHON_AUTOACTIVATE_GUARD': '1', 'DBUS_SESSION_BUS_ADDRESS': 'unix:path=/run/user/1000/bus', 'COLORTERM': 'truecolor', '_CE_M': '', 'GIO_LAUNCHED_DESKTOP_FILE_PID': '1699102', 'NVM_DIR': '/home/sensethreat/.nvm', 'ROS_DISTRO': 'humble', 'GTK_IM_MODULE': 'ibus', 'LOGNAME': 'sensethreat', 'JOURNAL_STREAM': '8:25865', '_': '/usr/bin/colcon', 'ROS_VERSION': '2', 'CLAUDE_CODE_SSE_PORT': '13146', 'XDG_SESSION_CLASS': 'user', 'GEMINI_CLI_IDE_WORKSPACE_PATH': '/mnt/ssd/lsgloc_ws', 'USERNAME': 'sensethreat', 'TERM': 'xterm-256color', 'GNOME_DESKTOP_SESSION_ID': 'this-is-deprecated', '_CE_CONDA': '', 'FC_FONTATIONS': '1', 'ROS_LOCALHOST_ONLY': '0', 'GEMINI_CLI_IDE_SERVER_PORT': '37737', 'WINDOWPATH': '2', 'PATH': '/usr/local/cuda/bin:/home/sensethreat/.config/Code/User/globalStorage/github.copilot-chat/debugCommand:/home/sensethreat/.config/Code/User/globalStorage/github.copilot-chat/copilotCli:/home/sensethreat/.local/bin:/home/sensethreat/.nvm/versions/node/v20.20.1/bin:/opt/ros/humble/bin:/home/sensethreat/anaconda3/condabin:/usr/local/cuda/bin:/home/sensethreat/.local/bin:/usr/local/sbin:/usr/local/bin:/usr/sbin:/usr/bin:/sbin:/bin:/usr/games:/usr/local/games:/snap/bin:/snap/bin:/home/sensethreat/.vscode/extensions/ms-python.debugpy-2025.18.0-linux-x64/bundled/scripts/noConfigScripts', 'SESSION_MANAGER': 'local/gr00t-4090:@/tmp/.ICE-unix/4476,unix/gr00t-4090:/tmp/.ICE-unix/4476', 'INVOCATION_ID': '2f188857ecf04eb188026dc287baa7cc', 'XDG_MENU_PREFIX': 'gnome-', 'XDG_RUNTIME_DIR': '/run/user/1000', 'GDK_BACKEND': 'x11', 'DISPLAY': ':1', 'VSCODE_DEBUGPY_ADAPTER_ENDPOINTS': '/home/sensethreat/.vscode/extensions/ms-python.debugpy-2025.18.0-linux-x64/.noConfigDebugAdapterEndpoints/endpoint-9686078bbb06aef1.txt', 'LANG': 'en_US.UTF-8', 'XDG_CURRENT_DESKTOP': 'ubuntu:GNOME', 'PYTHONSTARTUP': '/home/sensethreat/.config/Code/User/workspaceStorage/a1ba31dbdeff2a34003cc17b1390a45e/ms-python.python/pythonrc.py', 'XMODIFIERS': '@im=ibus', 'XDG_SESSION_DESKTOP': 'ubuntu', 'XAUTHORITY': '/run/user/1000/gdm/Xauthority', 'LS_COLORS': 'rs=0:di=01;34:ln=01;36:mh=00:pi=40;33:so=01;35:do=01;35:bd=40;33;01:cd=40;33;01:or=40;31;01:mi=00:su=37;41:sg=30;43:ca=30;41:tw=30;42:ow=34;42:st=37;44:ex=01;32:*.tar=01;31:*.tgz=01;31:*.arc=01;31:*.arj=01;31:*.taz=01;31:*.lha=01;31:*.lz4=01;31:*.lzh=01;31:*.lzma=01;31:*.tlz=01;31:*.txz=01;31:*.tzo=01;31:*.t7z=01;31:*.zip=01;31:*.z=01;31:*.dz=01;31:*.gz=01;31:*.lrz=01;31:*.lz=01;31:*.lzo=01;31:*.xz=01;31:*.zst=01;31:*.tzst=01;31:*.bz2=01;31:*.bz=01;31:*.tbz=01;31:*.tbz2=01;31:*.tz=01;31:*.deb=01;31:*.rpm=01;31:*.jar=01;31:*.war=01;31:*.ear=01;31:*.sar=01;31:*.rar=01;31:*.alz=01;31:*.ace=01;31:*.zoo=01;31:*.cpio=01;31:*.7z=01;31:*.rz=01;31:*.cab=01;31:*.wim=01;31:*.swm=01;31:*.dwm=01;31:*.esd=01;31:*.jpg=01;35:*.jpeg=01;35:*.mjpg=01;35:*.mjpeg=01;35:*.gif=01;35:*.bmp=01;35:*.pbm=01;35:*.pgm=01;35:*.ppm=01;35:*.tga=01;35:*.xbm=01;35:*.xpm=01;35:*.tif=01;35:*.tiff=01;35:*.png=01;35:*.svg=01;35:*.svgz=01;35:*.mng=01;35:*.pcx=01;35:*.mov=01;35:*.mpg=01;35:*.mpeg=01;35:*.m2v=01;35:*.mkv=01;35:*.webm=01;35:*.webp=01;35:*.ogm=01;35:*.mp4=01;35:*.m4v=01;35:*.mp4v=01;35:*.vob=01;35:*.qt=01;35:*.nuv=01;35:*.wmv=01;35:*.asf=01;35:*.rm=01;35:*.rmvb=01;35:*.flc=01;35:*.avi=01;35:*.fli=01;35:*.flv=01;35:*.gl=01;35:*.dl=01;35:*.xcf=01;35:*.xwd=01;35:*.yuv=01;35:*.cgm=01;35:*.emf=01;35:*.ogv=01;35:*.ogx=01;35:*.aac=00;36:*.au=00;36:*.flac=00;36:*.m4a=00;36:*.mid=00;36:*.midi=00;36:*.mka=00;36:*.mp3=00;36:*.mpc=00;36:*.ogg=00;36:*.ra=00;36:*.wav=00;36:*.oga=00;36:*.opus=00;36:*.spx=00;36:*.xspf=00;36:', 'VSCODE_GIT_IPC_HANDLE': '/run/user/1000/vscode-git-e747b80a0c.sock', 'TERM_PROGRAM': 'vscode', 'SSH_AGENT_LAUNCHER': 'gnome-keyring', 'SSH_AUTH_SOCK': '/run/user/1000/keyring/ssh', 'ROS_DOMAIN_ID': '42', 'AMENT_PREFIX_PATH': '/opt/ros/humble', 'CONDA_PYTHON_EXE': '/home/sensethreat/anaconda3/bin/python', 'SHELL': '/bin/bash', 'QT_ACCESSIBILITY': '1', 'GDMSESSION': 'ubuntu', 'LESSCLOSE': '/usr/bin/lesspipe %s %s', 'GPG_AGENT_INFO': '/run/user/1000/gnupg/S.gpg-agent:0:1', 'GJS_DEBUG_OUTPUT': 'stderr', 'VSCODE_GIT_ASKPASS_EXTRA_ARGS': '', 'QT_IM_MODULE': 'ibus', 'GEMINI_CLI_IDE_AUTH_TOKEN': '26413f97-634b-4051-b3bb-35b322666b9d', 'PWD': '/mnt/ssd/lsgloc_ws/build/test_semantic_mcl', 'TURTLEBOT3_MODEL': 'waffle', 'LC_ALL': 'en_US.UTF-8', 'XDG_CONFIG_DIRS': '/etc/xdg/xdg-ubuntu:/etc/xdg', 'CONDA_EXE': '/home/sensethreat/anaconda3/bin/conda', 'NVM_CD_FLAGS': '', 'XDG_DATA_DIRS': '/usr/share/ubuntu:/usr/share/gnome:/usr/local/share/:/usr/share/:/var/lib/snapd/desktop', 'LDS_MODEL': 'LDS-01', 'PYTHONPATH': '/mnt/ssd/lsgloc_ws/build/test_semantic_mcl/prefix_override:/usr/lib/python3/dist-packages/colcon_core/task/python/colcon_distutils_commands:/mnt/ssd/lsgloc_ws/install/test_semantic_mcl/lib/python3.10/site-packages:/opt/ros/humble/lib/python3.10/site-packages:/opt/ros/humble/local/lib/python3.10/dist-packages', 'COLCON': '1'}, 'shell': False}
[0.651794] (semantic_mcl) StdoutLine: {'line': b'[ 15%] Built target gtest\n'}
[0.651915] (semantic_mcl) StdoutLine: {'line': b'[ 30%] Built target gtest_main\n'}
[0.652655] (semantic_mcl) StdoutLine: {'line': b'[ 69%] Built target semantic_mcl_core\n'}
[0.667078] (semantic_mcl) StdoutLine: {'line': b'[ 84%] Built target test_semantic_mcl\n'}
[0.669348] (semantic_mcl) StdoutLine: {'line': b'[100%] Built target semantic_mcl_node_exec\n'}
[0.676422] (semantic_mcl) CommandEnded: {'returncode': 0}
[0.677055] (semantic_mcl) JobProgress: {'identifier': 'semantic_mcl', 'progress': 'install'}
[0.677376] (semantic_mcl) Command: {'cmd': ['/usr/bin/cmake', '--install', '/mnt/ssd/lsgloc_ws/build/semantic_mcl'], 'cwd': '/mnt/ssd/lsgloc_ws/build/semantic_mcl', 'env': OrderedDict([('GJS_DEBUG_TOPICS', 'JS ERROR;JS LOG'), ('PYTHON_BASIC_REPL', '1'), ('LESSOPEN', '| /usr/bin/lesspipe %s'), ('LANGUAGE', 'en_SG:en'), ('USER', 'sensethreat'), ('XDG_SESSION_TYPE', 'x11'), ('GIT_ASKPASS', '/usr/share/code/resources/app/extensions/git/dist/askpass.sh'), ('SHLVL', '1'), ('LD_LIBRARY_PATH', '/mnt/ssd/lsgloc_ws/install/semantic_msgs/lib:/usr/local/cuda/lib64:/usr/lib/x86_64-linux-gnu/gazebo-11/plugins:/opt/ros/humble/opt/rviz_ogre_vendor/lib:/opt/ros/humble/lib/x86_64-linux-gnu:/opt/ros/humble/lib:/usr/local/cuda/lib64'), ('HOME', '/home/sensethreat'), ('CHROME_DESKTOP', 'code.desktop'), ('CONDA_SHLVL', '0'), ('TERM_PROGRAM_VERSION', '1.108.2'), ('DESKTOP_SESSION', 'ubuntu'), ('NVM_BIN', '/home/sensethreat/.nvm/versions/node/v20.20.1/bin'), ('NVM_INC', '/home/sensethreat/.nvm/versions/node/v20.20.1/include/node'), ('GIO_LAUNCHED_DESKTOP_FILE', '/usr/share/applications/code.desktop'), ('ROS_PYTHON_VERSION', '3'), ('GNOME_SHELL_SESSION_MODE', 'ubuntu'), ('GTK_MODULES', 'gail:atk-bridge'), ('VSCODE_GIT_ASKPASS_MAIN', '/usr/share/code/resources/app/extensions/git/dist/askpass-main.js'), ('VSCODE_GIT_ASKPASS_NODE', '/usr/share/code/code'), ('MANAGERPID', '4235'), ('PYDEVD_DISABLE_FILE_VALIDATION', '1'), ('SYSTEMD_EXEC_PID', '4526'), ('BUNDLED_DEBUGPY_PATH', '/home/sensethreat/.vscode/extensions/ms-python.debugpy-2025.18.0-linux-x64/bundled/libs/debugpy'), ('VSCODE_PYTHON_AUTOACTIVATE_GUARD', '1'), ('DBUS_SESSION_BUS_ADDRESS', 'unix:path=/run/user/1000/bus'), ('COLORTERM', 'truecolor'), ('_CE_M', ''), ('GIO_LAUNCHED_DESKTOP_FILE_PID', '1699102'), ('NVM_DIR', '/home/sensethreat/.nvm'), ('ROS_DISTRO', 'humble'), ('GTK_IM_MODULE', 'ibus'), ('LOGNAME', 'sensethreat'), ('JOURNAL_STREAM', '8:25865'), ('_', '/usr/bin/colcon'), ('ROS_VERSION', '2'), ('CLAUDE_CODE_SSE_PORT', '13146'), ('XDG_SESSION_CLASS', 'user'), ('GEMINI_CLI_IDE_WORKSPACE_PATH', '/mnt/ssd/lsgloc_ws'), ('USERNAME', 'sensethreat'), ('TERM', 'xterm-256color'), ('GNOME_DESKTOP_SESSION_ID', 'this-is-deprecated'), ('_CE_CONDA', ''), ('FC_FONTATIONS', '1'), ('ROS_LOCALHOST_ONLY', '0'), ('GEMINI_CLI_IDE_SERVER_PORT', '37737'), ('WINDOWPATH', '2'), ('PATH', '/usr/local/cuda/bin:/home/sensethreat/.config/Code/User/globalStorage/github.copilot-chat/debugCommand:/home/sensethreat/.config/Code/User/globalStorage/github.copilot-chat/copilotCli:/home/sensethreat/.local/bin:/home/sensethreat/.nvm/versions/node/v20.20.1/bin:/opt/ros/humble/bin:/home/sensethreat/anaconda3/condabin:/usr/local/cuda/bin:/home/sensethreat/.local/bin:/usr/local/sbin:/usr/local/bin:/usr/sbin:/usr/bin:/sbin:/bin:/usr/games:/usr/local/games:/snap/bin:/snap/bin:/home/sensethreat/.vscode/extensions/ms-python.debugpy-2025.18.0-linux-x64/bundled/scripts/noConfigScripts'), ('SESSION_MANAGER', 'local/gr00t-4090:@/tmp/.ICE-unix/4476,unix/gr00t-4090:/tmp/.ICE-unix/4476'), ('INVOCATION_ID', '2f188857ecf04eb188026dc287baa7cc'), ('XDG_MENU_PREFIX', 'gnome-'), ('XDG_RUNTIME_DIR', '/run/user/1000'), ('GDK_BACKEND', 'x11'), ('DISPLAY', ':1'), ('VSCODE_DEBUGPY_ADAPTER_ENDPOINTS', '/home/sensethreat/.vscode/extensions/ms-python.debugpy-2025.18.0-linux-x64/.noConfigDebugAdapterEndpoints/endpoint-9686078bbb06aef1.txt'), ('LANG', 'en_US.UTF-8'), ('XDG_CURRENT_DESKTOP', 'ubuntu:GNOME'), ('PYTHONSTARTUP', '/home/sensethreat/.config/Code/User/workspaceStorage/a1ba31dbdeff2a34003cc17b1390a45e/ms-python.python/pythonrc.py'), ('XMODIFIERS', '@im=ibus'), ('XDG_SESSION_DESKTOP', 'ubuntu'), ('XAUTHORITY', '/run/user/1000/gdm/Xauthority'), ('LS_COLORS', 'rs=0:di=01;34:ln=01;36:mh=00:pi=40;33:so=01;35:do=01;35:bd=40;33;01:cd=40;33;01:or=40;31;01:mi=00:su=37;41:sg=30;43:ca=30;41:tw=30;42:ow=34;42:st=37;44:ex=01;32:*.tar=01;31:*.tgz=01;31:*.arc=01;31:*.arj=01;31:*.taz=01;31:*.lha=01;31:*.lz4=01;31:*.lzh=01;31:*.lzma=01;31:*.tlz=01;31:*.txz=01;31:*.tzo=01;31:*.t7z=01;31:*.zip=01;31:*.z=01;31:*.dz=01;31:*.gz=01;31:*.lrz=01;31:*.lz=01;31:*.lzo=01;31:*.xz=01;31:*.zst=01;31:*.tzst=01;31:*.bz2=01;31:*.bz=01;31:*.tbz=01;31:*.tbz2=01;31:*.tz=01;31:*.deb=01;31:*.rpm=01;31:*.jar=01;31:*.war=01;31:*.ear=01;31:*.sar=01;31:*.rar=01;31:*.alz=01;31:*.ace=01;31:*.zoo=01;31:*.cpio=01;31:*.7z=01;31:*.rz=01;31:*.cab=01;31:*.wim=01;31:*.swm=01;31:*.dwm=01;31:*.esd=01;31:*.jpg=01;35:*.jpeg=01;35:*.mjpg=01;35:*.mjpeg=01;35:*.gif=01;35:*.bmp=01;35:*.pbm=01;35:*.pgm=01;35:*.ppm=01;35:*.tga=01;35:*.xbm=01;35:*.xpm=01;35:*.tif=01;35:*.tiff=01;35:*.png=01;35:*.svg=01;35:*.svgz=01;35:*.mng=01;35:*.pcx=01;35:*.mov=01;35:*.mpg=01;35:*.mpeg=01;35:*.m2v=01;35:*.mkv=01;35:*.webm=01;35:*.webp=01;35:*.ogm=01;35:*.mp4=01;35:*.m4v=01;35:*.mp4v=01;35:*.vob=01;35:*.qt=01;35:*.nuv=01;35:*.wmv=01;35:*.asf=01;35:*.rm=01;35:*.rmvb=01;35:*.flc=01;35:*.avi=01;35:*.fli=01;35:*.flv=01;35:*.gl=01;35:*.dl=01;35:*.xcf=01;35:*.xwd=01;35:*.yuv=01;35:*.cgm=01;35:*.emf=01;35:*.ogv=01;35:*.ogx=01;35:*.aac=00;36:*.au=00;36:*.flac=00;36:*.m4a=00;36:*.mid=00;36:*.midi=00;36:*.mka=00;36:*.mp3=00;36:*.mpc=00;36:*.ogg=00;36:*.ra=00;36:*.wav=00;36:*.oga=00;36:*.opus=00;36:*.spx=00;36:*.xspf=00;36:'), ('VSCODE_GIT_IPC_HANDLE', '/run/user/1000/vscode-git-e747b80a0c.sock'), ('TERM_PROGRAM', 'vscode'), ('SSH_AGENT_LAUNCHER', 'gnome-keyring'), ('SSH_AUTH_SOCK', '/run/user/1000/keyring/ssh'), ('ROS_DOMAIN_ID', '42'), ('AMENT_PREFIX_PATH', '/mnt/ssd/lsgloc_ws/install/semantic_msgs:/opt/ros/humble'), ('CONDA_PYTHON_EXE', '/home/sensethreat/anaconda3/bin/python'), ('SHELL', '/bin/bash'), ('QT_ACCESSIBILITY', '1'), ('GDMSESSION', 'ubuntu'), ('LESSCLOSE', '/usr/bin/lesspipe %s %s'), ('GPG_AGENT_INFO', '/run/user/1000/gnupg/S.gpg-agent:0:1'), ('GJS_DEBUG_OUTPUT', 'stderr'), ('VSCODE_GIT_ASKPASS_EXTRA_ARGS', ''), ('QT_IM_MODULE', 'ibus'), ('GEMINI_CLI_IDE_AUTH_TOKEN', '26413f97-634b-4051-b3bb-35b322666b9d'), ('PWD', '/mnt/ssd/lsgloc_ws/build/semantic_mcl'), ('TURTLEBOT3_MODEL', 'waffle'), ('LC_ALL', 'en_US.UTF-8'), ('XDG_CONFIG_DIRS', '/etc/xdg/xdg-ubuntu:/etc/xdg'), ('CONDA_EXE', '/home/sensethreat/anaconda3/bin/conda'), ('NVM_CD_FLAGS', ''), ('XDG_DATA_DIRS', '/usr/share/ubuntu:/usr/share/gnome:/usr/local/share/:/usr/share/:/var/lib/snapd/desktop'), ('LDS_MODEL', 'LDS-01'), ('PYTHONPATH', '/mnt/ssd/lsgloc_ws/install/semantic_msgs/local/lib/python3.10/dist-packages:/opt/ros/humble/lib/python3.10/site-packages:/opt/ros/humble/local/lib/python3.10/dist-packages'), ('COLCON', '1'), ('CMAKE_PREFIX_PATH', '/mnt/ssd/lsgloc_ws/install/semantic_msgs:/opt/ros/humble')]), 'shell': False}
[0.682710] (semantic_mcl) StdoutLine: {'line': b'-- Install configuration: ""\n'}
[0.682883] (semantic_mcl) StdoutLine: {'line': b'-- Up-to-date: /mnt/ssd/lsgloc_ws/install/semantic_mcl/lib/semantic_mcl/semantic_mcl_node_exec\n'}
[0.683031] (semantic_mcl) StdoutLine: {'line': b'-- Up-to-date: /mnt/ssd/lsgloc_ws/install/semantic_mcl/share/ament_index/resource_index/package_run_dependencies/semantic_mcl\n'}
[0.683097] (semantic_mcl) StdoutLine: {'line': b'-- Up-to-date: /mnt/ssd/lsgloc_ws/install/semantic_mcl/share/ament_index/resource_index/parent_prefix_path/semantic_mcl\n'}
[0.683163] (semantic_mcl) StdoutLine: {'line': b'-- Up-to-date: /mnt/ssd/lsgloc_ws/install/semantic_mcl/share/semantic_mcl/environment/ament_prefix_path.sh\n'}
[0.683220] (semantic_mcl) StdoutLine: {'line': b'-- Up-to-date: /mnt/ssd/lsgloc_ws/install/semantic_mcl/share/semantic_mcl/environment/ament_prefix_path.dsv\n'}
[0.683264] (semantic_mcl) StdoutLine: {'line': b'-- Up-to-date: /mnt/ssd/lsgloc_ws/install/semantic_mcl/share/semantic_mcl/environment/path.sh\n'}
[0.683324] (semantic_mcl) StdoutLine: {'line': b'-- Up-to-date: /mnt/ssd/lsgloc_ws/install/semantic_mcl/share/semantic_mcl/environment/path.dsv\n'}
[0.683391] (semantic_mcl) StdoutLine: {'line': b'-- Up-to-date: /mnt/ssd/lsgloc_ws/install/semantic_mcl/share/semantic_mcl/local_setup.bash\n'}
[0.683435] (semantic_mcl) StdoutLine: {'line': b'-- Up-to-date: /mnt/ssd/lsgloc_ws/install/semantic_mcl/share/semantic_mcl/local_setup.sh\n'}
[0.683483] (semantic_mcl) StdoutLine: {'line': b'-- Up-to-date: /mnt/ssd/lsgloc_ws/install/semantic_mcl/share/semantic_mcl/local_setup.zsh\n'}
[0.683524] (semantic_mcl) StdoutLine: {'line': b'-- Up-to-date: /mnt/ssd/lsgloc_ws/install/semantic_mcl/share/semantic_mcl/local_setup.dsv\n'}
[0.683563] (semantic_mcl) StdoutLine: {'line': b'-- Installing: /mnt/ssd/lsgloc_ws/install/semantic_mcl/share/semantic_mcl/package.dsv\n'}
[0.683629] (semantic_mcl) StdoutLine: {'line': b'-- Up-to-date: /mnt/ssd/lsgloc_ws/install/semantic_mcl/share/ament_index/resource_index/packages/semantic_mcl\n'}
[0.683685] (semantic_mcl) StdoutLine: {'line': b'-- Up-to-date: /mnt/ssd/lsgloc_ws/install/semantic_mcl/share/semantic_mcl/cmake/semantic_mclConfig.cmake\n'}
[0.683726] (semantic_mcl) StdoutLine: {'line': b'-- Up-to-date: /mnt/ssd/lsgloc_ws/install/semantic_mcl/share/semantic_mcl/cmake/semantic_mclConfig-version.cmake\n'}
[0.683780] (semantic_mcl) StdoutLine: {'line': b'-- Up-to-date: /mnt/ssd/lsgloc_ws/install/semantic_mcl/share/semantic_mcl/package.xml\n'}
[0.684839] (semantic_mcl) CommandEnded: {'returncode': 0}
[0.691534] (semantic_mcl) JobEnded: {'identifier': 'semantic_mcl', 'rc': 0}
[0.700684] (-) TimerEvent: {}
[0.800842] (-) TimerEvent: {}
[0.885835] (test_semantic_mcl) StdoutLine: {'line': b'running egg_info\n'}
[0.894531] (test_semantic_mcl) StdoutLine: {'line': b'writing ../../build/test_semantic_mcl/test_semantic_mcl.egg-info/PKG-INFO\n'}
[0.894646] (test_semantic_mcl) StdoutLine: {'line': b'writing dependency_links to ../../build/test_semantic_mcl/test_semantic_mcl.egg-info/dependency_links.txt\n'}
[0.894787] (test_semantic_mcl) StdoutLine: {'line': b'writing requirements to ../../build/test_semantic_mcl/test_semantic_mcl.egg-info/requires.txt\n'}
[0.894883] (test_semantic_mcl) StdoutLine: {'line': b'writing top-level names to ../../build/test_semantic_mcl/test_semantic_mcl.egg-info/top_level.txt\n'}
[0.900900] (-) TimerEvent: {}
[0.912418] (test_semantic_mcl) StdoutLine: {'line': b"reading manifest file '../../build/test_semantic_mcl/test_semantic_mcl.egg-info/SOURCES.txt'\n"}
[0.912883] (test_semantic_mcl) StdoutLine: {'line': b"writing manifest file '../../build/test_semantic_mcl/test_semantic_mcl.egg-info/SOURCES.txt'\n"}
[0.912989] (test_semantic_mcl) StdoutLine: {'line': b'running build\n'}
[0.913036] (test_semantic_mcl) StdoutLine: {'line': b'running build_py\n'}
[0.913096] (test_semantic_mcl) StdoutLine: {'line': b'running install\n'}
[0.915992] (test_semantic_mcl) StdoutLine: {'line': b'running install_lib\n'}
[0.924904] (test_semantic_mcl) StdoutLine: {'line': b'running install_data\n'}
[0.925073] (test_semantic_mcl) StdoutLine: {'line': b'running install_egg_info\n'}
[0.934463] (test_semantic_mcl) StdoutLine: {'line': b"removing '/mnt/ssd/lsgloc_ws/install/test_semantic_mcl/lib/python3.10/site-packages/test_semantic_mcl-0.0.0-py3.10.egg-info' (and everything under it)\n"}
[0.934652] (test_semantic_mcl) StdoutLine: {'line': b'Copying ../../build/test_semantic_mcl/test_semantic_mcl.egg-info to /mnt/ssd/lsgloc_ws/install/test_semantic_mcl/lib/python3.10/site-packages/test_semantic_mcl-0.0.0-py3.10.egg-info\n'}
[0.935055] (test_semantic_mcl) StdoutLine: {'line': b'running install_scripts\n'}
[0.970007] (test_semantic_mcl) StdoutLine: {'line': b"writing list of installed files to '/mnt/ssd/lsgloc_ws/build/test_semantic_mcl/install.log'\n"}
[0.988927] (test_semantic_mcl) CommandEnded: {'returncode': 0}
[0.992470] (test_semantic_mcl) JobEnded: {'identifier': 'test_semantic_mcl', 'rc': 0}
[1.000968] (-) TimerEvent: {}
[1.002565] (obj_detection) Command: {'cmd': ['/usr/bin/python3', '-W', 'ignore:setup.py install is deprecated', '-W', 'ignore:easy_install command is deprecated', 'setup.py', 'egg_info', '--egg-base', '../../build/obj_detection', 'build', '--build-base', '/mnt/ssd/lsgloc_ws/build/obj_detection/build', 'install', '--record', '/mnt/ssd/lsgloc_ws/build/obj_detection/install.log', '--single-version-externally-managed', 'install_data'], 'cwd': '/mnt/ssd/lsgloc_ws/src/obj_detection', 'env': {'GJS_DEBUG_TOPICS': 'JS ERROR;JS LOG', 'PYTHON_BASIC_REPL': '1', 'LESSOPEN': '| /usr/bin/lesspipe %s', 'LANGUAGE': 'en_SG:en', 'USER': 'sensethreat', 'XDG_SESSION_TYPE': 'x11', 'GIT_ASKPASS': '/usr/share/code/resources/app/extensions/git/dist/askpass.sh', 'SHLVL': '1', 'LD_LIBRARY_PATH': '/mnt/ssd/lsgloc_ws/install/semantic_msgs/lib:/usr/local/cuda/lib64:/usr/lib/x86_64-linux-gnu/gazebo-11/plugins:/opt/ros/humble/opt/rviz_ogre_vendor/lib:/opt/ros/humble/lib/x86_64-linux-gnu:/opt/ros/humble/lib:/usr/local/cuda/lib64', 'HOME': '/home/sensethreat', 'CHROME_DESKTOP': 'code.desktop', 'CONDA_SHLVL': '0', 'TERM_PROGRAM_VERSION': '1.108.2', 'DESKTOP_SESSION': 'ubuntu', 'NVM_BIN': '/home/sensethreat/.nvm/versions/node/v20.20.1/bin', 'NVM_INC': '/home/sensethreat/.nvm/versions/node/v20.20.1/include/node', 'GIO_LAUNCHED_DESKTOP_FILE': '/usr/share/applications/code.desktop', 'ROS_PYTHON_VERSION': '3', 'GNOME_SHELL_SESSION_MODE': 'ubuntu', 'GTK_MODULES': 'gail:atk-bridge', 'VSCODE_GIT_ASKPASS_MAIN': '/usr/share/code/resources/app/extensions/git/dist/askpass-main.js', 'VSCODE_GIT_ASKPASS_NODE': '/usr/share/code/code', 'MANAGERPID': '4235', 'PYDEVD_DISABLE_FILE_VALIDATION': '1', 'SYSTEMD_EXEC_PID': '4526', 'BUNDLED_DEBUGPY_PATH': '/home/sensethreat/.vscode/extensions/ms-python.debugpy-2025.18.0-linux-x64/bundled/libs/debugpy', 'VSCODE_PYTHON_AUTOACTIVATE_GUARD': '1', 'DBUS_SESSION_BUS_ADDRESS': 'unix:path=/run/user/1000/bus', 'COLORTERM': 'truecolor', '_CE_M': '', 'GIO_LAUNCHED_DESKTOP_FILE_PID': '1699102', 'NVM_DIR': '/home/sensethreat/.nvm', 'ROS_DISTRO': 'humble', 'GTK_IM_MODULE': 'ibus', 'LOGNAME': 'sensethreat', 'JOURNAL_STREAM': '8:25865', '_': '/usr/bin/colcon', 'ROS_VERSION': '2', 'CLAUDE_CODE_SSE_PORT': '13146', 'XDG_SESSION_CLASS': 'user', 'GEMINI_CLI_IDE_WORKSPACE_PATH': '/mnt/ssd/lsgloc_ws', 'USERNAME': 'sensethreat', 'TERM': 'xterm-256color', 'GNOME_DESKTOP_SESSION_ID': 'this-is-deprecated', '_CE_CONDA': '', 'FC_FONTATIONS': '1', 'ROS_LOCALHOST_ONLY': '0', 'GEMINI_CLI_IDE_SERVER_PORT': '37737', 'WINDOWPATH': '2', 'PATH': '/usr/local/cuda/bin:/home/sensethreat/.config/Code/User/globalStorage/github.copilot-chat/debugCommand:/home/sensethreat/.config/Code/User/globalStorage/github.copilot-chat/copilotCli:/home/sensethreat/.local/bin:/home/sensethreat/.nvm/versions/node/v20.20.1/bin:/opt/ros/humble/bin:/home/sensethreat/anaconda3/condabin:/usr/local/cuda/bin:/home/sensethreat/.local/bin:/usr/local/sbin:/usr/local/bin:/usr/sbin:/usr/bin:/sbin:/bin:/usr/games:/usr/local/games:/snap/bin:/snap/bin:/home/sensethreat/.vscode/extensions/ms-python.debugpy-2025.18.0-linux-x64/bundled/scripts/noConfigScripts', 'SESSION_MANAGER': 'local/gr00t-4090:@/tmp/.ICE-unix/4476,unix/gr00t-4090:/tmp/.ICE-unix/4476', 'INVOCATION_ID': '2f188857ecf04eb188026dc287baa7cc', 'XDG_MENU_PREFIX': 'gnome-', 'XDG_RUNTIME_DIR': '/run/user/1000', 'GDK_BACKEND': 'x11', 'DISPLAY': ':1', 'VSCODE_DEBUGPY_ADAPTER_ENDPOINTS': '/home/sensethreat/.vscode/extensions/ms-python.debugpy-2025.18.0-linux-x64/.noConfigDebugAdapterEndpoints/endpoint-9686078bbb06aef1.txt', 'LANG': 'en_US.UTF-8', 'XDG_CURRENT_DESKTOP': 'ubuntu:GNOME', 'PYTHONSTARTUP': '/home/sensethreat/.config/Code/User/workspaceStorage/a1ba31dbdeff2a34003cc17b1390a45e/ms-python.python/pythonrc.py', 'XMODIFIERS': '@im=ibus', 'XDG_SESSION_DESKTOP': 'ubuntu', 'XAUTHORITY': '/run/user/1000/gdm/Xauthority', 'LS_COLORS': 'rs=0:di=01;34:ln=01;36:mh=00:pi=40;33:so=01;35:do=01;35:bd=40;33;01:cd=40;33;01:or=40;31;01:mi=00:su=37;41:sg=30;43:ca=30;41:tw=30;42:ow=34;42:st=37;44:ex=01;32:*.tar=01;31:*.tgz=01;31:*.arc=01;31:*.arj=01;31:*.taz=01;31:*.lha=01;31:*.lz4=01;31:*.lzh=01;31:*.lzma=01;31:*.tlz=01;31:*.txz=01;31:*.tzo=01;31:*.t7z=01;31:*.zip=01;31:*.z=01;31:*.dz=01;31:*.gz=01;31:*.lrz=01;31:*.lz=01;31:*.lzo=01;31:*.xz=01;31:*.zst=01;31:*.tzst=01;31:*.bz2=01;31:*.bz=01;31:*.tbz=01;31:*.tbz2=01;31:*.tz=01;31:*.deb=01;31:*.rpm=01;31:*.jar=01;31:*.war=01;31:*.ear=01;31:*.sar=01;31:*.rar=01;31:*.alz=01;31:*.ace=01;31:*.zoo=01;31:*.cpio=01;31:*.7z=01;31:*.rz=01;31:*.cab=01;31:*.wim=01;31:*.swm=01;31:*.dwm=01;31:*.esd=01;31:*.jpg=01;35:*.jpeg=01;35:*.mjpg=01;35:*.mjpeg=01;35:*.gif=01;35:*.bmp=01;35:*.pbm=01;35:*.pgm=01;35:*.ppm=01;35:*.tga=01;35:*.xbm=01;35:*.xpm=01;35:*.tif=01;35:*.tiff=01;35:*.png=01;35:*.svg=01;35:*.svgz=01;35:*.mng=01;35:*.pcx=01;35:*.mov=01;35:*.mpg=01;35:*.mpeg=01;35:*.m2v=01;35:*.mkv=01;35:*.webm=01;35:*.webp=01;35:*.ogm=01;35:*.mp4=01;35:*.m4v=01;35:*.mp4v=01;35:*.vob=01;35:*.qt=01;35:*.nuv=01;35:*.wmv=01;35:*.asf=01;35:*.rm=01;35:*.rmvb=01;35:*.flc=01;35:*.avi=01;35:*.fli=01;35:*.flv=01;35:*.gl=01;35:*.dl=01;35:*.xcf=01;35:*.xwd=01;35:*.yuv=01;35:*.cgm=01;35:*.emf=01;35:*.ogv=01;35:*.ogx=01;35:*.aac=00;36:*.au=00;36:*.flac=00;36:*.m4a=00;36:*.mid=00;36:*.midi=00;36:*.mka=00;36:*.mp3=00;36:*.mpc=00;36:*.ogg=00;36:*.ra=00;36:*.wav=00;36:*.oga=00;36:*.opus=00;36:*.spx=00;36:*.xspf=00;36:', 'VSCODE_GIT_IPC_HANDLE': '/run/user/1000/vscode-git-e747b80a0c.sock', 'TERM_PROGRAM': 'vscode', 'SSH_AGENT_LAUNCHER': 'gnome-keyring', 'SSH_AUTH_SOCK': '/run/user/1000/keyring/ssh', 'ROS_DOMAIN_ID': '42', 'AMENT_PREFIX_PATH': '/mnt/ssd/lsgloc_ws/install/semantic_msgs:/opt/ros/humble', 'CONDA_PYTHON_EXE': '/home/sensethreat/anaconda3/bin/python', 'SHELL': '/bin/bash', 'QT_ACCESSIBILITY': '1', 'GDMSESSION': 'ubuntu', 'LESSCLOSE': '/usr/bin/lesspipe %s %s', 'GPG_AGENT_INFO': '/run/user/1000/gnupg/S.gpg-agent:0:1', 'GJS_DEBUG_OUTPUT': 'stderr', 'VSCODE_GIT_ASKPASS_EXTRA_ARGS': '', 'QT_IM_MODULE': 'ibus', 'GEMINI_CLI_IDE_AUTH_TOKEN': '26413f97-634b-4051-b3bb-35b322666b9d', 'PWD': '/mnt/ssd/lsgloc_ws/build/obj_detection', 'TURTLEBOT3_MODEL': 'waffle', 'LC_ALL': 'en_US.UTF-8', 'XDG_CONFIG_DIRS': '/etc/xdg/xdg-ubuntu:/etc/xdg', 'CONDA_EXE': '/home/sensethreat/anaconda3/bin/conda', 'NVM_CD_FLAGS': '', 'XDG_DATA_DIRS': '/usr/share/ubuntu:/usr/share/gnome:/usr/local/share/:/usr/share/:/var/lib/snapd/desktop', 'LDS_MODEL': 'LDS-01', 'PYTHONPATH': '/mnt/ssd/lsgloc_ws/build/obj_detection/prefix_override:/usr/lib/python3/dist-packages/colcon_core/task/python/colcon_distutils_commands:/mnt/ssd/lsgloc_ws/install/obj_detection/lib/python3.10/site-packages:/mnt/ssd/lsgloc_ws/install/semantic_msgs/local/lib/python3.10/dist-packages:/opt/ros/humble/lib/python3.10/site-packages:/opt/ros/humble/local/lib/python3.10/dist-packages', 'COLCON': '1', 'CMAKE_PREFIX_PATH': '/mnt/ssd/lsgloc_ws/install/semantic_msgs'}, 'shell': False}
[1.101050] (-) TimerEvent: {}
[1.201238] (-) TimerEvent: {}
[1.240405] (obj_detection) StdoutLine: {'line': b'running egg_info\n'}
[1.249453] (obj_detection) StdoutLine: {'line': b'writing ../../build/obj_detection/obj_detection.egg-info/PKG-INFO\n'}
[1.249581] (obj_detection) StdoutLine: {'line': b'writing dependency_links to ../../build/obj_detection/obj_detection.egg-info/dependency_links.txt\n'}
[1.249712] (obj_detection) StdoutLine: {'line': b'writing entry points to ../../build/obj_detection/obj_detection.egg-info/entry_points.txt\n'}
[1.249791] (obj_detection) StdoutLine: {'line': b'writing requirements to ../../build/obj_detection/obj_detection.egg-info/requires.txt\n'}
[1.249852] (obj_detection) StdoutLine: {'line': b'writing top-level names to ../../build/obj_detection/obj_detection.egg-info/top_level.txt\n'}
[1.267984] (obj_detection) StdoutLine: {'line': b"reading manifest file '../../build/obj_detection/obj_detection.egg-info/SOURCES.txt'\n"}
[1.268428] (obj_detection) StdoutLine: {'line': b"writing manifest file '../../build/obj_detection/obj_detection.egg-info/SOURCES.txt'\n"}
[1.268497] (obj_detection) StdoutLine: {'line': b'running build\n'}
[1.268563] (obj_detection) StdoutLine: {'line': b'running build_py\n'}
[1.268749] (obj_detection) StdoutLine: {'line': b'running install\n'}
[1.271700] (obj_detection) StdoutLine: {'line': b'running install_lib\n'}
[1.281087] (obj_detection) StdoutLine: {'line': b'running install_data\n'}
[1.281164] (obj_detection) StdoutLine: {'line': b'running install_egg_info\n'}
[1.290710] (obj_detection) StdoutLine: {'line': b"removing '/mnt/ssd/lsgloc_ws/install/obj_detection/lib/python3.10/site-packages/obj_detection-0.0.0-py3.10.egg-info' (and everything under it)\n"}
[1.290952] (obj_detection) StdoutLine: {'line': b'Copying ../../build/obj_detection/obj_detection.egg-info to /mnt/ssd/lsgloc_ws/install/obj_detection/lib/python3.10/site-packages/obj_detection-0.0.0-py3.10.egg-info\n'}
[1.291424] (obj_detection) StdoutLine: {'line': b'running install_scripts\n'}
[1.301297] (-) TimerEvent: {}
[1.330140] (obj_detection) StdoutLine: {'line': b'Installing vlm_service_node script to /mnt/ssd/lsgloc_ws/install/obj_detection/lib/obj_detection\n'}
[1.330242] (obj_detection) StdoutLine: {'line': b'Installing vlm_streaming_node script to /mnt/ssd/lsgloc_ws/install/obj_detection/lib/obj_detection\n'}
[1.330316] (obj_detection) StdoutLine: {'line': b'Installing yolo_node script to /mnt/ssd/lsgloc_ws/install/obj_detection/lib/obj_detection\n'}
[1.330468] (obj_detection) StdoutLine: {'line': b"writing list of installed files to '/mnt/ssd/lsgloc_ws/build/obj_detection/install.log'\n"}
[1.349387] (obj_detection) CommandEnded: {'returncode': 0}
[1.353221] (obj_detection) JobEnded: {'identifier': 'obj_detection', 'rc': 0}
[1.353598] (-) EventReactorShutdown: {}
