[0.000000] (-) TimerEvent: {}
[0.000223] (bcr_bot) JobQueued: {'identifier': 'bcr_bot', 'dependencies': OrderedDict()}
[0.000272] (semantic_msgs) JobQueued: {'identifier': 'semantic_msgs', 'dependencies': OrderedDict()}
[0.000285] (test_semantic_mcl) JobQueued: {'identifier': 'test_semantic_mcl', 'dependencies': OrderedDict()}
[0.000294] (obj_detection) JobQueued: {'identifier': 'obj_detection', 'dependencies': OrderedDict([('semantic_msgs', '/mnt/ssd/lsgloc_ws/install/semantic_msgs')])}
[0.000305] (semantic_mcl) JobQueued: {'identifier': 'semantic_mcl', 'dependencies': OrderedDict([('semantic_msgs', '/mnt/ssd/lsgloc_ws/install/semantic_msgs')])}
[0.000316] (semantic_msgs) JobStarted: {'identifier': 'semantic_msgs'}
[0.003548] (bcr_bot) JobStarted: {'identifier': 'bcr_bot'}
[0.005752] (test_semantic_mcl) JobStarted: {'identifier': 'test_semantic_mcl'}
[0.009483] (semantic_msgs) JobProgress: {'identifier': 'semantic_msgs', 'progress': 'cmake'}
[0.009816] (semantic_msgs) JobProgress: {'identifier': 'semantic_msgs', 'progress': 'build'}
[0.010283] (semantic_msgs) Command: {'cmd': ['/usr/bin/cmake', '--build', '/mnt/ssd/lsgloc_ws/build/semantic_msgs', '--', '-j16', '-l16'], 'cwd': '/mnt/ssd/lsgloc_ws/build/semantic_msgs', 'env': OrderedDict([('GJS_DEBUG_TOPICS', 'JS ERROR;JS LOG'), ('PYTHON_BASIC_REPL', '1'), ('LESSOPEN', '| /usr/bin/lesspipe %s'), ('LANGUAGE', 'en_SG:en'), ('USER', 'sensethreat'), ('XDG_SESSION_TYPE', 'x11'), ('GIT_ASKPASS', '/usr/share/code/resources/app/extensions/git/dist/askpass.sh'), ('SHLVL', '1'), ('LD_LIBRARY_PATH', '/usr/local/cuda/lib64:/usr/lib/x86_64-linux-gnu/gazebo-11/plugins:/opt/ros/humble/opt/rviz_ogre_vendor/lib:/opt/ros/humble/lib/x86_64-linux-gnu:/opt/ros/humble/lib:/usr/local/cuda/lib64:'), ('HOME', '/home/sensethreat'), ('CHROME_DESKTOP', 'code.desktop'), ('CONDA_SHLVL', '0'), ('TERM_PROGRAM_VERSION', '1.108.2'), ('DESKTOP_SESSION', 'ubuntu'), ('NVM_BIN', '/home/sensethreat/.nvm/versions/node/v20.20.1/bin'), ('NVM_INC', '/home/sensethreat/.nvm/versions/node/v20.20.1/include/node'), ('GIO_LAUNCHED_DESKTOP_FILE', '/usr/share/applications/code.desktop'), ('ROS_PYTHON_VERSION', '3'), ('GNOME_SHELL_SESSION_MODE', 'ubuntu'), ('GTK_MODULES', 'gail:atk-bridge'), ('VSCODE_GIT_ASKPASS_MAIN', '/usr/share/code/resources/app/extensions/git/dist/askpass-main.js'), ('VSCODE_GIT_ASKPASS_NODE', '/usr/share/code/code'), ('MANAGERPID', '4235'), ('PYDEVD_DISABLE_FILE_VALIDATION', '1'), ('SYSTEMD_EXEC_PID', '4526'), ('BUNDLED_DEBUGPY_PATH', '/home/sensethreat/.vscode/extensions/ms-python.debugpy-2025.18.0-linux-x64/bundled/libs/debugpy'), ('VSCODE_PYTHON_AUTOACTIVATE_GUARD', '1'), ('DBUS_SESSION_BUS_ADDRESS', 'unix:path=/run/user/1000/bus'), ('COLORTERM', 'truecolor'), ('_CE_M', ''), ('GIO_LAUNCHED_DESKTOP_FILE_PID', '1699102'), ('NVM_DIR', '/home/sensethreat/.nvm'), ('ROS_DISTRO', 'humble'), ('GTK_IM_MODULE', 'ibus'), ('LOGNAME', 'sensethreat'), ('JOURNAL_STREAM', '8:25865'), ('_', '/usr/bin/colcon'), ('ROS_VERSION', '2'), ('CLAUDE_CODE_SSE_PORT', '13146'), ('XDG_SESSION_CLASS', 'user'), ('GEMINI_CLI_IDE_WORKSPACE_PATH', '/mnt/ssd/lsgloc_ws'), ('USERNAME', 'sensethreat'), ('TERM', 'xterm-256color'), ('GNOME_DESKTOP_SESSION_ID', 'this-is-deprecated'), ('_CE_CONDA', ''), ('FC_FONTATIONS', '1'), ('ROS_LOCALHOST_ONLY', '0'), ('GEMINI_CLI_IDE_SERVER_PORT', '37737'), ('WINDOWPATH', '2'), ('PATH', '/usr/local/cuda/bin:/home/sensethreat/.config/Code/User/globalStorage/github.copilot-chat/debugCommand:/home/sensethreat/.config/Code/User/globalStorage/github.copilot-chat/copilotCli:/home/sensethreat/.local/bin:/home/sensethreat/.nvm/versions/node/v20.20.1/bin:/opt/ros/humble/bin:/home/sensethreat/anaconda3/condabin:/usr/local/cuda/bin:/home/sensethreat/.local/bin:/usr/local/sbin:/usr/local/bin:/usr/sbin:/usr/bin:/sbin:/bin:/usr/games:/usr/local/games:/snap/bin:/snap/bin:/home/sensethreat/.vscode/extensions/ms-python.debugpy-2025.18.0-linux-x64/bundled/scripts/noConfigScripts'), ('SESSION_MANAGER', 'local/gr00t-4090:@/tmp/.ICE-unix/4476,unix/gr00t-4090:/tmp/.ICE-unix/4476'), ('INVOCATION_ID', '2f188857ecf04eb188026dc287baa7cc'), ('XDG_MENU_PREFIX', 'gnome-'), ('XDG_RUNTIME_DIR', '/run/user/1000'), ('GDK_BACKEND', 'x11'), ('DISPLAY', ':1'), ('VSCODE_DEBUGPY_ADAPTER_ENDPOINTS', '/home/sensethreat/.vscode/extensions/ms-python.debugpy-2025.18.0-linux-x64/.noConfigDebugAdapterEndpoints/endpoint-9686078bbb06aef1.txt'), ('LANG', 'en_US.UTF-8'), ('XDG_CURRENT_DESKTOP', 'ubuntu:GNOME'), ('PYTHONSTARTUP', '/home/sensethreat/.config/Code/User/workspaceStorage/a1ba31dbdeff2a34003cc17b1390a45e/ms-python.python/pythonrc.py'), ('XMODIFIERS', '@im=ibus'), ('XDG_SESSION_DESKTOP', 'ubuntu'), ('XAUTHORITY', '/run/user/1000/gdm/Xauthority'), ('LS_COLORS', 'rs=0:di=01;34:ln=01;36:mh=00:pi=40;33:so=01;35:do=01;35:bd=40;33;01:cd=40;33;01:or=40;31;01:mi=00:su=37;41:sg=30;43:ca=30;41:tw=30;42:ow=34;42:st=37;44:ex=01;32:*.tar=01;31:*.tgz=01;31:*.arc=01;31:*.arj=01;31:*.taz=01;31:*.lha=01;31:*.lz4=01;31:*.lzh=01;31:*.lzma=01;31:*.tlz=01;31:*.txz=01;31:*.tzo=01;31:*.t7z=01;31:*.zip=01;31:*.z=01;31:*.dz=01;31:*.gz=01;31:*.lrz=01;31:*.lz=01;31:*.lzo=01;31:*.xz=01;31:*.zst=01;31:*.tzst=01;31:*.bz2=01;31:*.bz=01;31:*.tbz=01;31:*.tbz2=01;31:*.tz=01;31:*.deb=01;31:*.rpm=01;31:*.jar=01;31:*.war=01;31:*.ear=01;31:*.sar=01;31:*.rar=01;31:*.alz=01;31:*.ace=01;31:*.zoo=01;31:*.cpio=01;31:*.7z=01;31:*.rz=01;31:*.cab=01;31:*.wim=01;31:*.swm=01;31:*.dwm=01;31:*.esd=01;31:*.jpg=01;35:*.jpeg=01;35:*.mjpg=01;35:*.mjpeg=01;35:*.gif=01;35:*.bmp=01;35:*.pbm=01;35:*.pgm=01;35:*.ppm=01;35:*.tga=01;35:*.xbm=01;35:*.xpm=01;35:*.tif=01;35:*.tiff=01;35:*.png=01;35:*.svg=01;35:*.svgz=01;35:*.mng=01;35:*.pcx=01;35:*.mov=01;35:*.mpg=01;35:*.mpeg=01;35:*.m2v=01;35:*.mkv=01;35:*.webm=01;35:*.webp=01;35:*.ogm=01;35:*.mp4=01;35:*.m4v=01;35:*.mp4v=01;35:*.vob=01;35:*.qt=01;35:*.nuv=01;35:*.wmv=01;35:*.asf=01;35:*.rm=01;35:*.rmvb=01;35:*.flc=01;35:*.avi=01;35:*.fli=01;35:*.flv=01;35:*.gl=01;35:*.dl=01;35:*.xcf=01;35:*.xwd=01;35:*.yuv=01;35:*.cgm=01;35:*.emf=01;35:*.ogv=01;35:*.ogx=01;35:*.aac=00;36:*.au=00;36:*.flac=00;36:*.m4a=00;36:*.mid=00;36:*.midi=00;36:*.mka=00;36:*.mp3=00;36:*.mpc=00;36:*.ogg=00;36:*.ra=00;36:*.wav=00;36:*.oga=00;36:*.opus=00;36:*.spx=00;36:*.xspf=00;36:'), ('VSCODE_GIT_IPC_HANDLE', '/run/user/1000/vscode-git-e747b80a0c.sock'), ('TERM_PROGRAM', 'vscode'), ('SSH_AGENT_LAUNCHER', 'gnome-keyring'), ('SSH_AUTH_SOCK', '/run/user/1000/keyring/ssh'), ('ROS_DOMAIN_ID', '42'), ('AMENT_PREFIX_PATH', '/opt/ros/humble'), ('CONDA_PYTHON_EXE', '/home/sensethreat/anaconda3/bin/python'), ('SHELL', '/bin/bash'), ('QT_ACCESSIBILITY', '1'), ('GDMSESSION', 'ubuntu'), ('LESSCLOSE', '/usr/bin/lesspipe %s %s'), ('GPG_AGENT_INFO', '/run/user/1000/gnupg/S.gpg-agent:0:1'), ('GJS_DEBUG_OUTPUT', 'stderr'), ('VSCODE_GIT_ASKPASS_EXTRA_ARGS', ''), ('QT_IM_MODULE', 'ibus'), ('GEMINI_CLI_IDE_AUTH_TOKEN', '26413f97-634b-4051-b3bb-35b322666b9d'), ('PWD', '/mnt/ssd/lsgloc_ws/build/semantic_msgs'), ('TURTLEBOT3_MODEL', 'waffle'), ('LC_ALL', 'en_US.UTF-8'), ('XDG_CONFIG_DIRS', '/etc/xdg/xdg-ubuntu:/etc/xdg'), ('CONDA_EXE', '/home/sensethreat/anaconda3/bin/conda'), ('NVM_CD_FLAGS', ''), ('XDG_DATA_DIRS', '/usr/share/ubuntu:/usr/share/gnome:/usr/local/share/:/usr/share/:/var/lib/snapd/desktop'), ('LDS_MODEL', 'LDS-01'), ('PYTHONPATH', '/opt/ros/humble/lib/python3.10/site-packages:/opt/ros/humble/local/lib/python3.10/dist-packages'), ('COLCON', '1'), ('CMAKE_PREFIX_PATH', '/opt/ros/humble')]), 'shell': False}
[0.011526] (bcr_bot) JobProgress: {'identifier': 'bcr_bot', 'progress': 'cmake'}
[0.011834] (bcr_bot) JobProgress: {'identifier': 'bcr_bot', 'progress': 'build'}
[0.012015] (bcr_bot) Command: {'cmd': ['/usr/bin/cmake', '--build', '/mnt/ssd/lsgloc_ws/build/bcr_bot', '--', '-j16', '-l16'], 'cwd': '/mnt/ssd/lsgloc_ws/build/bcr_bot', 'env': OrderedDict([('GJS_DEBUG_TOPICS', 'JS ERROR;JS LOG'), ('PYTHON_BASIC_REPL', '1'), ('LESSOPEN', '| /usr/bin/lesspipe %s'), ('LANGUAGE', 'en_SG:en'), ('USER', 'sensethreat'), ('XDG_SESSION_TYPE', 'x11'), ('GIT_ASKPASS', '/usr/share/code/resources/app/extensions/git/dist/askpass.sh'), ('SHLVL', '1'), ('LD_LIBRARY_PATH', '/usr/local/cuda/lib64:/usr/lib/x86_64-linux-gnu/gazebo-11/plugins:/opt/ros/humble/opt/rviz_ogre_vendor/lib:/opt/ros/humble/lib/x86_64-linux-gnu:/opt/ros/humble/lib:/usr/local/cuda/lib64:'), ('HOME', '/home/sensethreat'), ('CHROME_DESKTOP', 'code.desktop'), ('CONDA_SHLVL', '0'), ('TERM_PROGRAM_VERSION', '1.108.2'), ('DESKTOP_SESSION', 'ubuntu'), ('NVM_BIN', '/home/sensethreat/.nvm/versions/node/v20.20.1/bin'), ('NVM_INC', '/home/sensethreat/.nvm/versions/node/v20.20.1/include/node'), ('GIO_LAUNCHED_DESKTOP_FILE', '/usr/share/applications/code.desktop'), ('ROS_PYTHON_VERSION', '3'), ('GNOME_SHELL_SESSION_MODE', 'ubuntu'), ('GTK_MODULES', 'gail:atk-bridge'), ('VSCODE_GIT_ASKPASS_MAIN', '/usr/share/code/resources/app/extensions/git/dist/askpass-main.js'), ('VSCODE_GIT_ASKPASS_NODE', '/usr/share/code/code'), ('MANAGERPID', '4235'), ('PYDEVD_DISABLE_FILE_VALIDATION', '1'), ('SYSTEMD_EXEC_PID', '4526'), ('BUNDLED_DEBUGPY_PATH', '/home/sensethreat/.vscode/extensions/ms-python.debugpy-2025.18.0-linux-x64/bundled/libs/debugpy'), ('VSCODE_PYTHON_AUTOACTIVATE_GUARD', '1'), ('DBUS_SESSION_BUS_ADDRESS', 'unix:path=/run/user/1000/bus'), ('COLORTERM', 'truecolor'), ('_CE_M', ''), ('GIO_LAUNCHED_DESKTOP_FILE_PID', '1699102'), ('NVM_DIR', '/home/sensethreat/.nvm'), ('ROS_DISTRO', 'humble'), ('GTK_IM_MODULE', 'ibus'), ('LOGNAME', 'sensethreat'), ('JOURNAL_STREAM', '8:25865'), ('_', '/usr/bin/colcon'), ('ROS_VERSION', '2'), ('CLAUDE_CODE_SSE_PORT', '13146'), ('XDG_SESSION_CLASS', 'user'), ('GEMINI_CLI_IDE_WORKSPACE_PATH', '/mnt/ssd/lsgloc_ws'), ('USERNAME', 'sensethreat'), ('TERM', 'xterm-256color'), ('GNOME_DESKTOP_SESSION_ID', 'this-is-deprecated'), ('_CE_CONDA', ''), ('FC_FONTATIONS', '1'), ('ROS_LOCALHOST_ONLY', '0'), ('GEMINI_CLI_IDE_SERVER_PORT', '37737'), ('WINDOWPATH', '2'), ('PATH', '/usr/local/cuda/bin:/home/sensethreat/.config/Code/User/globalStorage/github.copilot-chat/debugCommand:/home/sensethreat/.config/Code/User/globalStorage/github.copilot-chat/copilotCli:/home/sensethreat/.local/bin:/home/sensethreat/.nvm/versions/node/v20.20.1/bin:/opt/ros/humble/bin:/home/sensethreat/anaconda3/condabin:/usr/local/cuda/bin:/home/sensethreat/.local/bin:/usr/local/sbin:/usr/local/bin:/usr/sbin:/usr/bin:/sbin:/bin:/usr/games:/usr/local/games:/snap/bin:/snap/bin:/home/sensethreat/.vscode/extensions/ms-python.debugpy-2025.18.0-linux-x64/bundled/scripts/noConfigScripts'), ('SESSION_MANAGER', 'local/gr00t-4090:@/tmp/.ICE-unix/4476,unix/gr00t-4090:/tmp/.ICE-unix/4476'), ('INVOCATION_ID', '2f188857ecf04eb188026dc287baa7cc'), ('XDG_MENU_PREFIX', 'gnome-'), ('XDG_RUNTIME_DIR', '/run/user/1000'), ('GDK_BACKEND', 'x11'), ('DISPLAY', ':1'), ('VSCODE_DEBUGPY_ADAPTER_ENDPOINTS', '/home/sensethreat/.vscode/extensions/ms-python.debugpy-2025.18.0-linux-x64/.noConfigDebugAdapterEndpoints/endpoint-9686078bbb06aef1.txt'), ('LANG', 'en_US.UTF-8'), ('XDG_CURRENT_DESKTOP', 'ubuntu:GNOME'), ('PYTHONSTARTUP', '/home/sensethreat/.config/Code/User/workspaceStorage/a1ba31dbdeff2a34003cc17b1390a45e/ms-python.python/pythonrc.py'), ('XMODIFIERS', '@im=ibus'), ('XDG_SESSION_DESKTOP', 'ubuntu'), ('XAUTHORITY', '/run/user/1000/gdm/Xauthority'), ('LS_COLORS', 'rs=0:di=01;34:ln=01;36:mh=00:pi=40;33:so=01;35:do=01;35:bd=40;33;01:cd=40;33;01:or=40;31;01:mi=00:su=37;41:sg=30;43:ca=30;41:tw=30;42:ow=34;42:st=37;44:ex=01;32:*.tar=01;31:*.tgz=01;31:*.arc=01;31:*.arj=01;31:*.taz=01;31:*.lha=01;31:*.lz4=01;31:*.lzh=01;31:*.lzma=01;31:*.tlz=01;31:*.txz=01;31:*.tzo=01;31:*.t7z=01;31:*.zip=01;31:*.z=01;31:*.dz=01;31:*.gz=01;31:*.lrz=01;31:*.lz=01;31:*.lzo=01;31:*.xz=01;31:*.zst=01;31:*.tzst=01;31:*.bz2=01;31:*.bz=01;31:*.tbz=01;31:*.tbz2=01;31:*.tz=01;31:*.deb=01;31:*.rpm=01;31:*.jar=01;31:*.war=01;31:*.ear=01;31:*.sar=01;31:*.rar=01;31:*.alz=01;31:*.ace=01;31:*.zoo=01;31:*.cpio=01;31:*.7z=01;31:*.rz=01;31:*.cab=01;31:*.wim=01;31:*.swm=01;31:*.dwm=01;31:*.esd=01;31:*.jpg=01;35:*.jpeg=01;35:*.mjpg=01;35:*.mjpeg=01;35:*.gif=01;35:*.bmp=01;35:*.pbm=01;35:*.pgm=01;35:*.ppm=01;35:*.tga=01;35:*.xbm=01;35:*.xpm=01;35:*.tif=01;35:*.tiff=01;35:*.png=01;35:*.svg=01;35:*.svgz=01;35:*.mng=01;35:*.pcx=01;35:*.mov=01;35:*.mpg=01;35:*.mpeg=01;35:*.m2v=01;35:*.mkv=01;35:*.webm=01;35:*.webp=01;35:*.ogm=01;35:*.mp4=01;35:*.m4v=01;35:*.mp4v=01;35:*.vob=01;35:*.qt=01;35:*.nuv=01;35:*.wmv=01;35:*.asf=01;35:*.rm=01;35:*.rmvb=01;35:*.flc=01;35:*.avi=01;35:*.fli=01;35:*.flv=01;35:*.gl=01;35:*.dl=01;35:*.xcf=01;35:*.xwd=01;35:*.yuv=01;35:*.cgm=01;35:*.emf=01;35:*.ogv=01;35:*.ogx=01;35:*.aac=00;36:*.au=00;36:*.flac=00;36:*.m4a=00;36:*.mid=00;36:*.midi=00;36:*.mka=00;36:*.mp3=00;36:*.mpc=00;36:*.ogg=00;36:*.ra=00;36:*.wav=00;36:*.oga=00;36:*.opus=00;36:*.spx=00;36:*.xspf=00;36:'), ('VSCODE_GIT_IPC_HANDLE', '/run/user/1000/vscode-git-e747b80a0c.sock'), ('TERM_PROGRAM', 'vscode'), ('SSH_AGENT_LAUNCHER', 'gnome-keyring'), ('SSH_AUTH_SOCK', '/run/user/1000/keyring/ssh'), ('ROS_DOMAIN_ID', '42'), ('AMENT_PREFIX_PATH', '/opt/ros/humble'), ('CONDA_PYTHON_EXE', '/home/sensethreat/anaconda3/bin/python'), ('SHELL', '/bin/bash'), ('QT_ACCESSIBILITY', '1'), ('GDMSESSION', 'ubuntu'), ('LESSCLOSE', '/usr/bin/lesspipe %s %s'), ('GPG_AGENT_INFO', '/run/user/1000/gnupg/S.gpg-agent:0:1'), ('GJS_DEBUG_OUTPUT', 'stderr'), ('VSCODE_GIT_ASKPASS_EXTRA_ARGS', ''), ('QT_IM_MODULE', 'ibus'), ('GEMINI_CLI_IDE_AUTH_TOKEN', '26413f97-634b-4051-b3bb-35b322666b9d'), ('PWD', '/mnt/ssd/lsgloc_ws/build/bcr_bot'), ('TURTLEBOT3_MODEL', 'waffle'), ('LC_ALL', 'en_US.UTF-8'), ('XDG_CONFIG_DIRS', '/etc/xdg/xdg-ubuntu:/etc/xdg'), ('CONDA_EXE', '/home/sensethreat/anaconda3/bin/conda'), ('NVM_CD_FLAGS', ''), ('XDG_DATA_DIRS', '/usr/share/ubuntu:/usr/share/gnome:/usr/local/share/:/usr/share/:/var/lib/snapd/desktop'), ('LDS_MODEL', 'LDS-01'), ('PYTHONPATH', '/opt/ros/humble/lib/python3.10/site-packages:/opt/ros/humble/local/lib/python3.10/dist-packages'), ('COLCON', '1'), ('CMAKE_PREFIX_PATH', '/opt/ros/humble')]), 'shell': False}
[0.046476] (semantic_msgs) StdoutLine: {'line': b'[  2%] Built target semantic_msgs__cpp\n'}
[0.047506] (semantic_msgs) StdoutLine: {'line': b'[ 12%] Built target semantic_msgs__rosidl_generator_c\n'}
[0.053050] (semantic_msgs) StdoutLine: {'line': b'[ 12%] Built target ament_cmake_python_copy_semantic_msgs\n'}
[0.062004] (semantic_msgs) StdoutLine: {'line': b'[ 28%] Built target semantic_msgs__rosidl_typesupport_cpp\n'}
[0.062103] (semantic_msgs) StdoutLine: {'line': b'[ 33%] Built target semantic_msgs__rosidl_typesupport_introspection_cpp\n'}
[0.062219] (semantic_msgs) StdoutLine: {'line': b'[ 48%] Built target semantic_msgs__rosidl_typesupport_c\n'}
[0.062296] (semantic_msgs) StdoutLine: {'line': b'[ 53%] Built target semantic_msgs__rosidl_typesupport_fastrtps_cpp\n'}
[0.062376] (semantic_msgs) StdoutLine: {'line': b'[ 64%] Built target semantic_msgs__rosidl_typesupport_introspection_c\n'}
[0.062918] (semantic_msgs) StdoutLine: {'line': b'[ 74%] Built target semantic_msgs__rosidl_typesupport_fastrtps_c\n'}
[0.076649] (semantic_msgs) StdoutLine: {'line': b'[ 74%] Built target semantic_msgs\n'}
[0.090830] (semantic_msgs) StdoutLine: {'line': b'[ 76%] Built target semantic_msgs__py\n'}
[0.099700] (-) TimerEvent: {}
[0.105903] (semantic_msgs) StdoutLine: {'line': b'[ 84%] Built target semantic_msgs__rosidl_generator_py\n'}
[0.120856] (semantic_msgs) StdoutLine: {'line': b'[ 89%] Built target semantic_msgs__rosidl_typesupport_fastrtps_c__pyext\n'}
[0.121117] (semantic_msgs) StdoutLine: {'line': b'[ 94%] Built target semantic_msgs__rosidl_typesupport_introspection_c__pyext\n'}
[0.121196] (semantic_msgs) StdoutLine: {'line': b'[100%] Built target semantic_msgs__rosidl_typesupport_c__pyext\n'}
[0.199778] (-) TimerEvent: {}
[0.254769] (bcr_bot) CommandEnded: {'returncode': 0}
[0.255199] (bcr_bot) JobProgress: {'identifier': 'bcr_bot', 'progress': 'install'}
[0.262051] (bcr_bot) Command: {'cmd': ['/usr/bin/cmake', '--install', '/mnt/ssd/lsgloc_ws/build/bcr_bot'], 'cwd': '/mnt/ssd/lsgloc_ws/build/bcr_bot', 'env': OrderedDict([('GJS_DEBUG_TOPICS', 'JS ERROR;JS LOG'), ('PYTHON_BASIC_REPL', '1'), ('LESSOPEN', '| /usr/bin/lesspipe %s'), ('LANGUAGE', 'en_SG:en'), ('USER', 'sensethreat'), ('XDG_SESSION_TYPE', 'x11'), ('GIT_ASKPASS', '/usr/share/code/resources/app/extensions/git/dist/askpass.sh'), ('SHLVL', '1'), ('LD_LIBRARY_PATH', '/usr/local/cuda/lib64:/usr/lib/x86_64-linux-gnu/gazebo-11/plugins:/opt/ros/humble/opt/rviz_ogre_vendor/lib:/opt/ros/humble/lib/x86_64-linux-gnu:/opt/ros/humble/lib:/usr/local/cuda/lib64:'), ('HOME', '/home/sensethreat'), ('CHROME_DESKTOP', 'code.desktop'), ('CONDA_SHLVL', '0'), ('TERM_PROGRAM_VERSION', '1.108.2'), ('DESKTOP_SESSION', 'ubuntu'), ('NVM_BIN', '/home/sensethreat/.nvm/versions/node/v20.20.1/bin'), ('NVM_INC', '/home/sensethreat/.nvm/versions/node/v20.20.1/include/node'), ('GIO_LAUNCHED_DESKTOP_FILE', '/usr/share/applications/code.desktop'), ('ROS_PYTHON_VERSION', '3'), ('GNOME_SHELL_SESSION_MODE', 'ubuntu'), ('GTK_MODULES', 'gail:atk-bridge'), ('VSCODE_GIT_ASKPASS_MAIN', '/usr/share/code/resources/app/extensions/git/dist/askpass-main.js'), ('VSCODE_GIT_ASKPASS_NODE', '/usr/share/code/code'), ('MANAGERPID', '4235'), ('PYDEVD_DISABLE_FILE_VALIDATION', '1'), ('SYSTEMD_EXEC_PID', '4526'), ('BUNDLED_DEBUGPY_PATH', '/home/sensethreat/.vscode/extensions/ms-python.debugpy-2025.18.0-linux-x64/bundled/libs/debugpy'), ('VSCODE_PYTHON_AUTOACTIVATE_GUARD', '1'), ('DBUS_SESSION_BUS_ADDRESS', 'unix:path=/run/user/1000/bus'), ('COLORTERM', 'truecolor'), ('_CE_M', ''), ('GIO_LAUNCHED_DESKTOP_FILE_PID', '1699102'), ('NVM_DIR', '/home/sensethreat/.nvm'), ('ROS_DISTRO', 'humble'), ('GTK_IM_MODULE', 'ibus'), ('LOGNAME', 'sensethreat'), ('JOURNAL_STREAM', '8:25865'), ('_', '/usr/bin/colcon'), ('ROS_VERSION', '2'), ('CLAUDE_CODE_SSE_PORT', '13146'), ('XDG_SESSION_CLASS', 'user'), ('GEMINI_CLI_IDE_WORKSPACE_PATH', '/mnt/ssd/lsgloc_ws'), ('USERNAME', 'sensethreat'), ('TERM', 'xterm-256color'), ('GNOME_DESKTOP_SESSION_ID', 'this-is-deprecated'), ('_CE_CONDA', ''), ('FC_FONTATIONS', '1'), ('ROS_LOCALHOST_ONLY', '0'), ('GEMINI_CLI_IDE_SERVER_PORT', '37737'), ('WINDOWPATH', '2'), ('PATH', '/usr/local/cuda/bin:/home/sensethreat/.config/Code/User/globalStorage/github.copilot-chat/debugCommand:/home/sensethreat/.config/Code/User/globalStorage/github.copilot-chat/copilotCli:/home/sensethreat/.local/bin:/home/sensethreat/.nvm/versions/node/v20.20.1/bin:/opt/ros/humble/bin:/home/sensethreat/anaconda3/condabin:/usr/local/cuda/bin:/home/sensethreat/.local/bin:/usr/local/sbin:/usr/local/bin:/usr/sbin:/usr/bin:/sbin:/bin:/usr/games:/usr/local/games:/snap/bin:/snap/bin:/home/sensethreat/.vscode/extensions/ms-python.debugpy-2025.18.0-linux-x64/bundled/scripts/noConfigScripts'), ('SESSION_MANAGER', 'local/gr00t-4090:@/tmp/.ICE-unix/4476,unix/gr00t-4090:/tmp/.ICE-unix/4476'), ('INVOCATION_ID', '2f188857ecf04eb188026dc287baa7cc'), ('XDG_MENU_PREFIX', 'gnome-'), ('XDG_RUNTIME_DIR', '/run/user/1000'), ('GDK_BACKEND', 'x11'), ('DISPLAY', ':1'), ('VSCODE_DEBUGPY_ADAPTER_ENDPOINTS', '/home/sensethreat/.vscode/extensions/ms-python.debugpy-2025.18.0-linux-x64/.noConfigDebugAdapterEndpoints/endpoint-9686078bbb06aef1.txt'), ('LANG', 'en_US.UTF-8'), ('XDG_CURRENT_DESKTOP', 'ubuntu:GNOME'), ('PYTHONSTARTUP', '/home/sensethreat/.config/Code/User/workspaceStorage/a1ba31dbdeff2a34003cc17b1390a45e/ms-python.python/pythonrc.py'), ('XMODIFIERS', '@im=ibus'), ('XDG_SESSION_DESKTOP', 'ubuntu'), ('XAUTHORITY', '/run/user/1000/gdm/Xauthority'), ('LS_COLORS', 'rs=0:di=01;34:ln=01;36:mh=00:pi=40;33:so=01;35:do=01;35:bd=40;33;01:cd=40;33;01:or=40;31;01:mi=00:su=37;41:sg=30;43:ca=30;41:tw=30;42:ow=34;42:st=37;44:ex=01;32:*.tar=01;31:*.tgz=01;31:*.arc=01;31:*.arj=01;31:*.taz=01;31:*.lha=01;31:*.lz4=01;31:*.lzh=01;31:*.lzma=01;31:*.tlz=01;31:*.txz=01;31:*.tzo=01;31:*.t7z=01;31:*.zip=01;31:*.z=01;31:*.dz=01;31:*.gz=01;31:*.lrz=01;31:*.lz=01;31:*.lzo=01;31:*.xz=01;31:*.zst=01;31:*.tzst=01;31:*.bz2=01;31:*.bz=01;31:*.tbz=01;31:*.tbz2=01;31:*.tz=01;31:*.deb=01;31:*.rpm=01;31:*.jar=01;31:*.war=01;31:*.ear=01;31:*.sar=01;31:*.rar=01;31:*.alz=01;31:*.ace=01;31:*.zoo=01;31:*.cpio=01;31:*.7z=01;31:*.rz=01;31:*.cab=01;31:*.wim=01;31:*.swm=01;31:*.dwm=01;31:*.esd=01;31:*.jpg=01;35:*.jpeg=01;35:*.mjpg=01;35:*.mjpeg=01;35:*.gif=01;35:*.bmp=01;35:*.pbm=01;35:*.pgm=01;35:*.ppm=01;35:*.tga=01;35:*.xbm=01;35:*.xpm=01;35:*.tif=01;35:*.tiff=01;35:*.png=01;35:*.svg=01;35:*.svgz=01;35:*.mng=01;35:*.pcx=01;35:*.mov=01;35:*.mpg=01;35:*.mpeg=01;35:*.m2v=01;35:*.mkv=01;35:*.webm=01;35:*.webp=01;35:*.ogm=01;35:*.mp4=01;35:*.m4v=01;35:*.mp4v=01;35:*.vob=01;35:*.qt=01;35:*.nuv=01;35:*.wmv=01;35:*.asf=01;35:*.rm=01;35:*.rmvb=01;35:*.flc=01;35:*.avi=01;35:*.fli=01;35:*.flv=01;35:*.gl=01;35:*.dl=01;35:*.xcf=01;35:*.xwd=01;35:*.yuv=01;35:*.cgm=01;35:*.emf=01;35:*.ogv=01;35:*.ogx=01;35:*.aac=00;36:*.au=00;36:*.flac=00;36:*.m4a=00;36:*.mid=00;36:*.midi=00;36:*.mka=00;36:*.mp3=00;36:*.mpc=00;36:*.ogg=00;36:*.ra=00;36:*.wav=00;36:*.oga=00;36:*.opus=00;36:*.spx=00;36:*.xspf=00;36:'), ('VSCODE_GIT_IPC_HANDLE', '/run/user/1000/vscode-git-e747b80a0c.sock'), ('TERM_PROGRAM', 'vscode'), ('SSH_AGENT_LAUNCHER', 'gnome-keyring'), ('SSH_AUTH_SOCK', '/run/user/1000/keyring/ssh'), ('ROS_DOMAIN_ID', '42'), ('AMENT_PREFIX_PATH', '/opt/ros/humble'), ('CONDA_PYTHON_EXE', '/home/sensethreat/anaconda3/bin/python'), ('SHELL', '/bin/bash'), ('QT_ACCESSIBILITY', '1'), ('GDMSESSION', 'ubuntu'), ('LESSCLOSE', '/usr/bin/lesspipe %s %s'), ('GPG_AGENT_INFO', '/run/user/1000/gnupg/S.gpg-agent:0:1'), ('GJS_DEBUG_OUTPUT', 'stderr'), ('VSCODE_GIT_ASKPASS_EXTRA_ARGS', ''), ('QT_IM_MODULE', 'ibus'), ('GEMINI_CLI_IDE_AUTH_TOKEN', '26413f97-634b-4051-b3bb-35b322666b9d'), ('PWD', '/mnt/ssd/lsgloc_ws/build/bcr_bot'), ('TURTLEBOT3_MODEL', 'waffle'), ('LC_ALL', 'en_US.UTF-8'), ('XDG_CONFIG_DIRS', '/etc/xdg/xdg-ubuntu:/etc/xdg'), ('CONDA_EXE', '/home/sensethreat/anaconda3/bin/conda'), ('NVM_CD_FLAGS', ''), ('XDG_DATA_DIRS', '/usr/share/ubuntu:/usr/share/gnome:/usr/local/share/:/usr/share/:/var/lib/snapd/desktop'), ('LDS_MODEL', 'LDS-01'), ('PYTHONPATH', '/opt/ros/humble/lib/python3.10/site-packages:/opt/ros/humble/local/lib/python3.10/dist-packages'), ('COLCON', '1'), ('CMAKE_PREFIX_PATH', '/opt/ros/humble')]), 'shell': False}
[0.267507] (bcr_bot) StdoutLine: {'line': b'-- Install configuration: ""\n'}
[0.267654] (bcr_bot) StdoutLine: {'line': b'-- Up-to-date: /mnt/ssd/lsgloc_ws/install/bcr_bot/share/bcr_bot//launch\n'}
[0.267716] (bcr_bot) StdoutLine: {'line': b'-- Up-to-date: /mnt/ssd/lsgloc_ws/install/bcr_bot/share/bcr_bot//launch/bcr_bot_gz_spawn.launch.py\n'}
[0.267768] (bcr_bot) StdoutLine: {'line': b'-- Up-to-date: /mnt/ssd/lsgloc_ws/install/bcr_bot/share/bcr_bot//launch/bcr_bot_gazebo_spawn.launch.py\n'}
[0.267836] (bcr_bot) StdoutLine: {'line': b'-- Up-to-date: /mnt/ssd/lsgloc_ws/install/bcr_bot/share/bcr_bot//launch/nav2.launch.py\n'}
[0.267932] (bcr_bot) StdoutLine: {'line': b'-- Up-to-date: /mnt/ssd/lsgloc_ws/install/bcr_bot/share/bcr_bot//launch/rviz.launch.py\n'}
[0.267984] (bcr_bot) StdoutLine: {'line': b'-- Up-to-date: /mnt/ssd/lsgloc_ws/install/bcr_bot/share/bcr_bot//launch/gz.launch.py\n'}
[0.268028] (bcr_bot) StdoutLine: {'line': b'-- Up-to-date: /mnt/ssd/lsgloc_ws/install/bcr_bot/share/bcr_bot//launch/ign.launch.py\n'}
[0.268072] (bcr_bot) StdoutLine: {'line': b'-- Up-to-date: /mnt/ssd/lsgloc_ws/install/bcr_bot/share/bcr_bot//launch/mapping.launch.py\n'}
[0.268115] (bcr_bot) StdoutLine: {'line': b'-- Up-to-date: /mnt/ssd/lsgloc_ws/install/bcr_bot/share/bcr_bot//launch/gazebo.launch.py\n'}
[0.268160] (bcr_bot) StdoutLine: {'line': b'-- Up-to-date: /mnt/ssd/lsgloc_ws/install/bcr_bot/share/bcr_bot//launch/bcr_bot_ign_spawn.launch.py\n'}
[0.268203] (bcr_bot) StdoutLine: {'line': b'-- Up-to-date: /mnt/ssd/lsgloc_ws/install/bcr_bot/share/bcr_bot//launch/teleop.launch.py\n'}
[0.268273] (bcr_bot) StdoutLine: {'line': b'-- Up-to-date: /mnt/ssd/lsgloc_ws/install/bcr_bot/share/bcr_bot//meshes\n'}
[0.268319] (bcr_bot) StdoutLine: {'line': b'-- Up-to-date: /mnt/ssd/lsgloc_ws/install/bcr_bot/share/bcr_bot//meshes/kinect\n'}
[0.268391] (bcr_bot) StdoutLine: {'line': b'-- Up-to-date: /mnt/ssd/lsgloc_ws/install/bcr_bot/share/bcr_bot//meshes/kinect/kinect.jpg\n'}
[0.268436] (bcr_bot) StdoutLine: {'line': b'-- Up-to-date: /mnt/ssd/lsgloc_ws/install/bcr_bot/share/bcr_bot//meshes/kinect/kinect.dae\n'}
[0.268479] (bcr_bot) StdoutLine: {'line': b'-- Up-to-date: /mnt/ssd/lsgloc_ws/install/bcr_bot/share/bcr_bot//meshes/kinect/d415.dae\n'}
[0.268521] (bcr_bot) StdoutLine: {'line': b'-- Up-to-date: /mnt/ssd/lsgloc_ws/install/bcr_bot/share/bcr_bot//meshes/kinect/kinect.tga\n'}
[0.268590] (bcr_bot) StdoutLine: {'line': b'-- Up-to-date: /mnt/ssd/lsgloc_ws/install/bcr_bot/share/bcr_bot//meshes/logo.png\n'}
[0.268640] (bcr_bot) StdoutLine: {'line': b'-- Up-to-date: /mnt/ssd/lsgloc_ws/install/bcr_bot/share/bcr_bot//meshes/realsense_texture.png\n'}
[0.268683] (bcr_bot) StdoutLine: {'line': b'-- Up-to-date: /mnt/ssd/lsgloc_ws/install/bcr_bot/share/bcr_bot//meshes/bcr_bot_mesh.dae\n'}
[0.268725] (bcr_bot) StdoutLine: {'line': b'-- Up-to-date: /mnt/ssd/lsgloc_ws/install/bcr_bot/share/bcr_bot//models\n'}
[0.268767] (bcr_bot) StdoutLine: {'line': b'-- Up-to-date: /mnt/ssd/lsgloc_ws/install/bcr_bot/share/bcr_bot//models/aws_robomaker_warehouse_WallB_01\n'}
[0.268809] (bcr_bot) StdoutLine: {'line': b'-- Up-to-date: /mnt/ssd/lsgloc_ws/install/bcr_bot/share/bcr_bot//models/aws_robomaker_warehouse_WallB_01/model.config\n'}
[0.268851] (bcr_bot) StdoutLine: {'line': b'-- Up-to-date: /mnt/ssd/lsgloc_ws/install/bcr_bot/share/bcr_bot//models/aws_robomaker_warehouse_WallB_01/model.sdf\n'}
[0.268893] (bcr_bot) StdoutLine: {'line': b'-- Up-to-date: /mnt/ssd/lsgloc_ws/install/bcr_bot/share/bcr_bot//models/aws_robomaker_warehouse_WallB_01/meshes\n'}
[0.268935] (bcr_bot) StdoutLine: {'line': b'-- Up-to-date: /mnt/ssd/lsgloc_ws/install/bcr_bot/share/bcr_bot//models/aws_robomaker_warehouse_WallB_01/meshes/aws_robomaker_warehouse_WallB_01_collision.DAE\n'}
[0.268979] (bcr_bot) StdoutLine: {'line': b'-- Up-to-date: /mnt/ssd/lsgloc_ws/install/bcr_bot/share/bcr_bot//models/aws_robomaker_warehouse_WallB_01/meshes/aws_robomaker_warehouse_WallB_01_visual.DAE\n'}
[0.269021] (bcr_bot) StdoutLine: {'line': b'-- Up-to-date: /mnt/ssd/lsgloc_ws/install/bcr_bot/share/bcr_bot//models/aws_robomaker_warehouse_WallB_01/materials\n'}
[0.269074] (bcr_bot) StdoutLine: {'line': b'-- Up-to-date: /mnt/ssd/lsgloc_ws/install/bcr_bot/share/bcr_bot//models/aws_robomaker_warehouse_WallB_01/materials/textures\n'}
[0.269116] (bcr_bot) StdoutLine: {'line': b'-- Up-to-date: /mnt/ssd/lsgloc_ws/install/bcr_bot/share/bcr_bot//models/aws_robomaker_warehouse_WallB_01/materials/textures/aws_robomaker_warehouse_WallB_01.png\n'}
[0.269158] (bcr_bot) StdoutLine: {'line': b'-- Up-to-date: /mnt/ssd/lsgloc_ws/install/bcr_bot/share/bcr_bot//models/aws_robomaker_warehouse_ClutteringA_01\n'}
[0.269200] (bcr_bot) StdoutLine: {'line': b'-- Up-to-date: /mnt/ssd/lsgloc_ws/install/bcr_bot/share/bcr_bot//models/aws_robomaker_warehouse_ClutteringA_01/model.config\n'}
[0.269242] (bcr_bot) StdoutLine: {'line': b'-- Up-to-date: /mnt/ssd/lsgloc_ws/install/bcr_bot/share/bcr_bot//models/aws_robomaker_warehouse_ClutteringA_01/model.sdf\n'}
[0.269330] (bcr_bot) StdoutLine: {'line': b'-- Up-to-date: /mnt/ssd/lsgloc_ws/install/bcr_bot/share/bcr_bot//models/aws_robomaker_warehouse_ClutteringA_01/meshes\n'}
[0.269396] (bcr_bot) StdoutLine: {'line': b'-- Up-to-date: /mnt/ssd/lsgloc_ws/install/bcr_bot/share/bcr_bot//models/aws_robomaker_warehouse_ClutteringA_01/meshes/aws_robomaker_warehouse_ClutteringA_01_collision.DAE\n'}
[0.269455] (bcr_bot) StdoutLine: {'line': b'-- Up-to-date: /mnt/ssd/lsgloc_ws/install/bcr_bot/share/bcr_bot//models/aws_robomaker_warehouse_ClutteringA_01/meshes/aws_robomaker_warehouse_ClutteringA_01_visual.DAE\n'}
[0.269499] (bcr_bot) StdoutLine: {'line': b'-- Up-to-date: /mnt/ssd/lsgloc_ws/install/bcr_bot/share/bcr_bot//models/aws_robomaker_warehouse_ClutteringA_01/.DS_Store\n'}
[0.269561] (bcr_bot) StdoutLine: {'line': b'-- Up-to-date: /mnt/ssd/lsgloc_ws/install/bcr_bot/share/bcr_bot//models/aws_robomaker_warehouse_ClutteringA_01/materials\n'}
[0.269604] (bcr_bot) StdoutLine: {'line': b'-- Up-to-date: /mnt/ssd/lsgloc_ws/install/bcr_bot/share/bcr_bot//models/aws_robomaker_warehouse_ClutteringA_01/materials/textures\n'}
[0.269663] (bcr_bot) StdoutLine: {'line': b'-- Up-to-date: /mnt/ssd/lsgloc_ws/install/bcr_bot/share/bcr_bot//models/aws_robomaker_warehouse_ClutteringA_01/materials/textures/aws_robomaker_warehouse_ClutteringA_03.png\n'}
[0.269707] (bcr_bot) StdoutLine: {'line': b'-- Up-to-date: /mnt/ssd/lsgloc_ws/install/bcr_bot/share/bcr_bot//models/aws_robomaker_warehouse_ClutteringA_01/materials/textures/aws_robomaker_warehouse_ClutteringA_01.png\n'}
[0.269756] (bcr_bot) StdoutLine: {'line': b'-- Up-to-date: /mnt/ssd/lsgloc_ws/install/bcr_bot/share/bcr_bot//models/aws_robomaker_warehouse_ClutteringA_01/materials/textures/aws_robomaker_warehouse_ClutteringA_02.png\n'}
[0.269799] (bcr_bot) StdoutLine: {'line': b'-- Up-to-date: /mnt/ssd/lsgloc_ws/install/bcr_bot/share/bcr_bot//models/aws_robomaker_warehouse_ClutteringA_01/materials/textures/.DS_Store\n'}
[0.269842] (bcr_bot) StdoutLine: {'line': b'-- Up-to-date: /mnt/ssd/lsgloc_ws/install/bcr_bot/share/bcr_bot//models/aws_robomaker_warehouse_ClutteringA_01/materials/.DS_Store\n'}
[0.269883] (bcr_bot) StdoutLine: {'line': b'-- Up-to-date: /mnt/ssd/lsgloc_ws/install/bcr_bot/share/bcr_bot//models/aws_robomaker_warehouse_ShelfF_01\n'}
[0.269925] (bcr_bot) StdoutLine: {'line': b'-- Up-to-date: /mnt/ssd/lsgloc_ws/install/bcr_bot/share/bcr_bot//models/aws_robomaker_warehouse_ShelfF_01/model.config\n'}
[0.269967] (bcr_bot) StdoutLine: {'line': b'-- Up-to-date: /mnt/ssd/lsgloc_ws/install/bcr_bot/share/bcr_bot//models/aws_robomaker_warehouse_ShelfF_01/model.sdf\n'}
[0.270009] (bcr_bot) StdoutLine: {'line': b'-- Up-to-date: /mnt/ssd/lsgloc_ws/install/bcr_bot/share/bcr_bot//models/aws_robomaker_warehouse_ShelfF_01/meshes\n'}
[0.270050] (bcr_bot) StdoutLine: {'line': b'-- Up-to-date: /mnt/ssd/lsgloc_ws/install/bcr_bot/share/bcr_bot//models/aws_robomaker_warehouse_ShelfF_01/meshes/aws_robomaker_warehouse_ShelfF_01_collision.DAE\n'}
[0.270093] (bcr_bot) StdoutLine: {'line': b'-- Up-to-date: /mnt/ssd/lsgloc_ws/install/bcr_bot/share/bcr_bot//models/aws_robomaker_warehouse_ShelfF_01/meshes/aws_robomaker_warehouse_ShelfF_01_visual.DAE\n'}
[0.270145] (bcr_bot) StdoutLine: {'line': b'-- Up-to-date: /mnt/ssd/lsgloc_ws/install/bcr_bot/share/bcr_bot//models/aws_robomaker_warehouse_ShelfF_01/materials\n'}
[0.270187] (bcr_bot) StdoutLine: {'line': b'-- Up-to-date: /mnt/ssd/lsgloc_ws/install/bcr_bot/share/bcr_bot//models/aws_robomaker_warehouse_ShelfF_01/materials/textures\n'}
[0.270228] (bcr_bot) StdoutLine: {'line': b'-- Up-to-date: /mnt/ssd/lsgloc_ws/install/bcr_bot/share/bcr_bot//models/aws_robomaker_warehouse_ShelfF_01/materials/textures/aws_robomaker_warehouse_ShelfF_03.png\n'}
[0.270271] (bcr_bot) StdoutLine: {'line': b'-- Up-to-date: /mnt/ssd/lsgloc_ws/install/bcr_bot/share/bcr_bot//models/aws_robomaker_warehouse_ShelfF_01/materials/textures/aws_robomaker_warehouse_ShelfF_01.png\n'}
[0.270313] (bcr_bot) StdoutLine: {'line': b'-- Up-to-date: /mnt/ssd/lsgloc_ws/install/bcr_bot/share/bcr_bot//models/aws_robomaker_warehouse_ShelfF_01/materials/textures/aws_robomaker_warehouse_ShelfF_02.png\n'}
[0.270402] (bcr_bot) StdoutLine: {'line': b'-- Up-to-date: /mnt/ssd/lsgloc_ws/install/bcr_bot/share/bcr_bot//models/aws_robomaker_warehouse_DeskC_01\n'}
[0.270463] (bcr_bot) StdoutLine: {'line': b'-- Up-to-date: /mnt/ssd/lsgloc_ws/install/bcr_bot/share/bcr_bot//models/aws_robomaker_warehouse_DeskC_01/model.config\n'}
[0.270506] (bcr_bot) StdoutLine: {'line': b'-- Up-to-date: /mnt/ssd/lsgloc_ws/install/bcr_bot/share/bcr_bot//models/aws_robomaker_warehouse_DeskC_01/model.sdf\n'}
[0.270548] (bcr_bot) StdoutLine: {'line': b'-- Up-to-date: /mnt/ssd/lsgloc_ws/install/bcr_bot/share/bcr_bot//models/aws_robomaker_warehouse_DeskC_01/meshes\n'}
[0.270589] (bcr_bot) StdoutLine: {'line': b'-- Up-to-date: /mnt/ssd/lsgloc_ws/install/bcr_bot/share/bcr_bot//models/aws_robomaker_warehouse_DeskC_01/meshes/aws_robomaker_warehouse_DeskC_01_visual.DAE\n'}
[0.270652] (bcr_bot) StdoutLine: {'line': b'-- Up-to-date: /mnt/ssd/lsgloc_ws/install/bcr_bot/share/bcr_bot//models/aws_robomaker_warehouse_DeskC_01/meshes/aws_robomaker_warehouse_DeskC_01_collision.DAE\n'}
[0.270702] (bcr_bot) StdoutLine: {'line': b'-- Up-to-date: /mnt/ssd/lsgloc_ws/install/bcr_bot/share/bcr_bot//models/aws_robomaker_warehouse_DeskC_01/materials\n'}
[0.270744] (bcr_bot) StdoutLine: {'line': b'-- Up-to-date: /mnt/ssd/lsgloc_ws/install/bcr_bot/share/bcr_bot//models/aws_robomaker_warehouse_DeskC_01/materials/textures\n'}
[0.270792] (bcr_bot) StdoutLine: {'line': b'-- Up-to-date: /mnt/ssd/lsgloc_ws/install/bcr_bot/share/bcr_bot//models/aws_robomaker_warehouse_DeskC_01/materials/textures/aws_robomaker_warehouse_DeskC_01.png\n'}
[0.270854] (bcr_bot) StdoutLine: {'line': b'-- Up-to-date: /mnt/ssd/lsgloc_ws/install/bcr_bot/share/bcr_bot//models/aws_robomaker_warehouse_DeskC_01/materials/textures/aws_robomaker_warehouse_DeskC_04.png\n'}
[0.270898] (bcr_bot) StdoutLine: {'line': b'-- Up-to-date: /mnt/ssd/lsgloc_ws/install/bcr_bot/share/bcr_bot//models/aws_robomaker_warehouse_DeskC_01/materials/textures/aws_robomaker_warehouse_DeskC_03.psd\n'}
[0.270940] (bcr_bot) StdoutLine: {'line': b'-- Up-to-date: /mnt/ssd/lsgloc_ws/install/bcr_bot/share/bcr_bot//models/aws_robomaker_warehouse_DeskC_01/materials/textures/aws_robomaker_warehouse_DeskC_03.png\n'}
[0.270982] (bcr_bot) StdoutLine: {'line': b'-- Up-to-date: /mnt/ssd/lsgloc_ws/install/bcr_bot/share/bcr_bot//models/aws_robomaker_warehouse_DeskC_01/materials/textures/aws_robomaker_warehouse_DeskC_02.png\n'}
[0.271046] (bcr_bot) StdoutLine: {'line': b'-- Up-to-date: /mnt/ssd/lsgloc_ws/install/bcr_bot/share/bcr_bot//models/aws_robomaker_warehouse_DeskC_01/materials/.DS_Store\n'}
[0.271089] (bcr_bot) StdoutLine: {'line': b'-- Up-to-date: /mnt/ssd/lsgloc_ws/install/bcr_bot/share/bcr_bot//models/aws_robomaker_warehouse_Lamp_01\n'}
[0.271132] (bcr_bot) StdoutLine: {'line': b'-- Up-to-date: /mnt/ssd/lsgloc_ws/install/bcr_bot/share/bcr_bot//models/aws_robomaker_warehouse_Lamp_01/model.config\n'}
[0.271175] (bcr_bot) StdoutLine: {'line': b'-- Up-to-date: /mnt/ssd/lsgloc_ws/install/bcr_bot/share/bcr_bot//models/aws_robomaker_warehouse_Lamp_01/model.sdf\n'}
[0.271216] (bcr_bot) StdoutLine: {'line': b'-- Up-to-date: /mnt/ssd/lsgloc_ws/install/bcr_bot/share/bcr_bot//models/aws_robomaker_warehouse_Lamp_01/meshes\n'}
[0.271259] (bcr_bot) StdoutLine: {'line': b'-- Up-to-date: /mnt/ssd/lsgloc_ws/install/bcr_bot/share/bcr_bot//models/aws_robomaker_warehouse_Lamp_01/meshes/aws_robomaker_warehouse_Lamp_01_collision.DAE\n'}
[0.271301] (bcr_bot) StdoutLine: {'line': b'-- Up-to-date: /mnt/ssd/lsgloc_ws/install/bcr_bot/share/bcr_bot//models/aws_robomaker_warehouse_Lamp_01/meshes/aws_robomaker_warehouse_Lamp_01_visual.DAE\n'}
[0.271378] (bcr_bot) StdoutLine: {'line': b'-- Up-to-date: /mnt/ssd/lsgloc_ws/install/bcr_bot/share/bcr_bot//models/aws_robomaker_warehouse_Lamp_01/materials\n'}
[0.271436] (bcr_bot) StdoutLine: {'line': b'-- Up-to-date: /mnt/ssd/lsgloc_ws/install/bcr_bot/share/bcr_bot//models/aws_robomaker_warehouse_Lamp_01/materials/textures\n'}
[0.271478] (bcr_bot) StdoutLine: {'line': b'-- Up-to-date: /mnt/ssd/lsgloc_ws/install/bcr_bot/share/bcr_bot//models/aws_robomaker_warehouse_Lamp_01/materials/textures/aws_robomaker_warehouse_Lamp_01.png\n'}
[0.271537] (bcr_bot) StdoutLine: {'line': b'-- Up-to-date: /mnt/ssd/lsgloc_ws/install/bcr_bot/share/bcr_bot//models/aws_robomaker_warehouse_PalletJackB_01\n'}
[0.271580] (bcr_bot) StdoutLine: {'line': b'-- Up-to-date: /mnt/ssd/lsgloc_ws/install/bcr_bot/share/bcr_bot//models/aws_robomaker_warehouse_PalletJackB_01/model.config\n'}
[0.271622] (bcr_bot) StdoutLine: {'line': b'-- Up-to-date: /mnt/ssd/lsgloc_ws/install/bcr_bot/share/bcr_bot//models/aws_robomaker_warehouse_PalletJackB_01/model.sdf\n'}
[0.271664] (bcr_bot) StdoutLine: {'line': b'-- Up-to-date: /mnt/ssd/lsgloc_ws/install/bcr_bot/share/bcr_bot//models/aws_robomaker_warehouse_PalletJackB_01/meshes\n'}
[0.271705] (bcr_bot) StdoutLine: {'line': b'-- Up-to-date: /mnt/ssd/lsgloc_ws/install/bcr_bot/share/bcr_bot//models/aws_robomaker_warehouse_PalletJackB_01/meshes/aws_robomaker_warehouse_PalletJackB_01_collision.DAE\n'}
[0.271747] (bcr_bot) StdoutLine: {'line': b'-- Up-to-date: /mnt/ssd/lsgloc_ws/install/bcr_bot/share/bcr_bot//models/aws_robomaker_warehouse_PalletJackB_01/meshes/aws_robomaker_warehouse_PalletJackB_01_visual.DAE\n'}
[0.271789] (bcr_bot) StdoutLine: {'line': b'-- Up-to-date: /mnt/ssd/lsgloc_ws/install/bcr_bot/share/bcr_bot//models/aws_robomaker_warehouse_PalletJackB_01/.DS_Store\n'}
[0.271837] (bcr_bot) StdoutLine: {'line': b'-- Up-to-date: /mnt/ssd/lsgloc_ws/install/bcr_bot/share/bcr_bot//models/aws_robomaker_warehouse_PalletJackB_01/materials\n'}
[0.271880] (bcr_bot) StdoutLine: {'line': b'-- Up-to-date: /mnt/ssd/lsgloc_ws/install/bcr_bot/share/bcr_bot//models/aws_robomaker_warehouse_PalletJackB_01/materials/textures\n'}
[0.271945] (bcr_bot) StdoutLine: {'line': b'-- Up-to-date: /mnt/ssd/lsgloc_ws/install/bcr_bot/share/bcr_bot//models/aws_robomaker_warehouse_PalletJackB_01/materials/textures/aws_robomaker_warehouse_PalletJackB_01.png\n'}
[0.271976] (bcr_bot) StdoutLine: {'line': b'-- Up-to-date: /mnt/ssd/lsgloc_ws/install/bcr_bot/share/bcr_bot//models/aws_robomaker_warehouse_PalletJackB_01/materials/textures/aws_robomaker_warehouse_PalletJackB_02.png\n'}
[0.272043] (bcr_bot) StdoutLine: {'line': b'-- Up-to-date: /mnt/ssd/lsgloc_ws/install/bcr_bot/share/bcr_bot//models/aws_robomaker_warehouse_PalletJackB_01/materials/.DS_Store\n'}
[0.272073] (bcr_bot) StdoutLine: {'line': b'-- Up-to-date: /mnt/ssd/lsgloc_ws/install/bcr_bot/share/bcr_bot//models/aws_robomaker_warehouse_ClutteringC_01\n'}
[0.272103] (bcr_bot) StdoutLine: {'line': b'-- Up-to-date: /mnt/ssd/lsgloc_ws/install/bcr_bot/share/bcr_bot//models/aws_robomaker_warehouse_ClutteringC_01/model.config\n'}
[0.272134] (bcr_bot) StdoutLine: {'line': b'-- Up-to-date: /mnt/ssd/lsgloc_ws/install/bcr_bot/share/bcr_bot//models/aws_robomaker_warehouse_ClutteringC_01/model.sdf\n'}
[0.272171] (bcr_bot) StdoutLine: {'line': b'-- Up-to-date: /mnt/ssd/lsgloc_ws/install/bcr_bot/share/bcr_bot//models/aws_robomaker_warehouse_ClutteringC_01/meshes\n'}
[0.272218] (bcr_bot) StdoutLine: {'line': b'-- Up-to-date: /mnt/ssd/lsgloc_ws/install/bcr_bot/share/bcr_bot//models/aws_robomaker_warehouse_ClutteringC_01/meshes/aws_robomaker_warehouse_ClutteringC_01_collision.DAE\n'}
[0.272250] (bcr_bot) StdoutLine: {'line': b'-- Up-to-date: /mnt/ssd/lsgloc_ws/install/bcr_bot/share/bcr_bot//models/aws_robomaker_warehouse_ClutteringC_01/meshes/aws_robomaker_warehouse_ClutteringC_01_visual.DAE\n'}
[0.272283] (bcr_bot) StdoutLine: {'line': b'-- Up-to-date: /mnt/ssd/lsgloc_ws/install/bcr_bot/share/bcr_bot//models/aws_robomaker_warehouse_ClutteringC_01/materials\n'}
[0.272314] (bcr_bot) StdoutLine: {'line': b'-- Up-to-date: /mnt/ssd/lsgloc_ws/install/bcr_bot/share/bcr_bot//models/aws_robomaker_warehouse_ClutteringC_01/materials/textures\n'}
[0.272420] (bcr_bot) StdoutLine: {'line': b'-- Up-to-date: /mnt/ssd/lsgloc_ws/install/bcr_bot/share/bcr_bot//models/aws_robomaker_warehouse_ClutteringC_01/materials/textures/aws_robomaker_warehouse_ClutteringC_02.png\n'}
[0.272454] (bcr_bot) StdoutLine: {'line': b'-- Up-to-date: /mnt/ssd/lsgloc_ws/install/bcr_bot/share/bcr_bot//models/aws_robomaker_warehouse_ClutteringC_01/materials/textures/aws_robomaker_warehouse_ClutteringC_01.png\n'}
[0.272484] (bcr_bot) StdoutLine: {'line': b'-- Up-to-date: /mnt/ssd/lsgloc_ws/install/bcr_bot/share/bcr_bot//models/aws_robomaker_warehouse_Bucket_01\n'}
[0.272513] (bcr_bot) StdoutLine: {'line': b'-- Up-to-date: /mnt/ssd/lsgloc_ws/install/bcr_bot/share/bcr_bot//models/aws_robomaker_warehouse_Bucket_01/model.config\n'}
[0.272542] (bcr_bot) StdoutLine: {'line': b'-- Up-to-date: /mnt/ssd/lsgloc_ws/install/bcr_bot/share/bcr_bot//models/aws_robomaker_warehouse_Bucket_01/model.sdf\n'}
[0.272572] (bcr_bot) StdoutLine: {'line': b'-- Up-to-date: /mnt/ssd/lsgloc_ws/install/bcr_bot/share/bcr_bot//models/aws_robomaker_warehouse_Bucket_01/meshes\n'}
[0.272601] (bcr_bot) StdoutLine: {'line': b'-- Up-to-date: /mnt/ssd/lsgloc_ws/install/bcr_bot/share/bcr_bot//models/aws_robomaker_warehouse_Bucket_01/meshes/aws_robomaker_warehouse_Bucket_01_visual.DAE\n'}
[0.272630] (bcr_bot) StdoutLine: {'line': b'-- Up-to-date: /mnt/ssd/lsgloc_ws/install/bcr_bot/share/bcr_bot//models/aws_robomaker_warehouse_Bucket_01/meshes/aws_robomaker_warehouse_Bucket_01_collision.DAE\n'}
[0.272660] (bcr_bot) StdoutLine: {'line': b'-- Up-to-date: /mnt/ssd/lsgloc_ws/install/bcr_bot/share/bcr_bot//models/aws_robomaker_warehouse_Bucket_01/.DS_Store\n'}
[0.272705] (bcr_bot) StdoutLine: {'line': b'-- Up-to-date: /mnt/ssd/lsgloc_ws/install/bcr_bot/share/bcr_bot//models/aws_robomaker_warehouse_Bucket_01/materials\n'}
[0.272735] (bcr_bot) StdoutLine: {'line': b'-- Up-to-date: /mnt/ssd/lsgloc_ws/install/bcr_bot/share/bcr_bot//models/aws_robomaker_warehouse_Bucket_01/materials/textures\n'}
[0.272765] (bcr_bot) StdoutLine: {'line': b'-- Up-to-date: /mnt/ssd/lsgloc_ws/install/bcr_bot/share/bcr_bot//models/aws_robomaker_warehouse_Bucket_01/materials/textures/aws_robomaker_warehouse_Bucket_01.png\n'}
[0.272794] (bcr_bot) StdoutLine: {'line': b'-- Up-to-date: /mnt/ssd/lsgloc_ws/install/bcr_bot/share/bcr_bot//models/aws_robomaker_warehouse_Bucket_01/materials/.DS_Store\n'}
[0.272823] (bcr_bot) StdoutLine: {'line': b'-- Up-to-date: /mnt/ssd/lsgloc_ws/install/bcr_bot/share/bcr_bot//models/aws_robomaker_warehouse_TrashCanC_01\n'}
[0.272853] (bcr_bot) StdoutLine: {'line': b'-- Up-to-date: /mnt/ssd/lsgloc_ws/install/bcr_bot/share/bcr_bot//models/aws_robomaker_warehouse_TrashCanC_01/model.config\n'}
[0.272882] (bcr_bot) StdoutLine: {'line': b'-- Up-to-date: /mnt/ssd/lsgloc_ws/install/bcr_bot/share/bcr_bot//models/aws_robomaker_warehouse_TrashCanC_01/model.sdf\n'}
[0.272911] (bcr_bot) StdoutLine: {'line': b'-- Up-to-date: /mnt/ssd/lsgloc_ws/install/bcr_bot/share/bcr_bot//models/aws_robomaker_warehouse_TrashCanC_01/meshes\n'}
[0.272942] (bcr_bot) StdoutLine: {'line': b'-- Up-to-date: /mnt/ssd/lsgloc_ws/install/bcr_bot/share/bcr_bot//models/aws_robomaker_warehouse_TrashCanC_01/meshes/aws_robomaker_warehouse_TrashCanC_01_collision.DAE\n'}
[0.272972] (bcr_bot) StdoutLine: {'line': b'-- Up-to-date: /mnt/ssd/lsgloc_ws/install/bcr_bot/share/bcr_bot//models/aws_robomaker_warehouse_TrashCanC_01/meshes/aws_robomaker_warehouse_TrashCanC_01_visual.DAE\n'}
[0.273036] (bcr_bot) StdoutLine: {'line': b'-- Up-to-date: /mnt/ssd/lsgloc_ws/install/bcr_bot/share/bcr_bot//models/aws_robomaker_warehouse_TrashCanC_01/materials\n'}
[0.273066] (bcr_bot) StdoutLine: {'line': b'-- Up-to-date: /mnt/ssd/lsgloc_ws/install/bcr_bot/share/bcr_bot//models/aws_robomaker_warehouse_TrashCanC_01/materials/textures\n'}
[0.273095] (bcr_bot) StdoutLine: {'line': b'-- Up-to-date: /mnt/ssd/lsgloc_ws/install/bcr_bot/share/bcr_bot//models/aws_robomaker_warehouse_TrashCanC_01/materials/textures/aws_robomaker_warehouse_TrashCanC_01.png\n'}
[0.273124] (bcr_bot) StdoutLine: {'line': b'-- Up-to-date: /mnt/ssd/lsgloc_ws/install/bcr_bot/share/bcr_bot//models/aws_robomaker_warehouse_ShelfE_01\n'}
[0.273154] (bcr_bot) StdoutLine: {'line': b'-- Up-to-date: /mnt/ssd/lsgloc_ws/install/bcr_bot/share/bcr_bot//models/aws_robomaker_warehouse_ShelfE_01/model.config\n'}
[0.273183] (bcr_bot) StdoutLine: {'line': b'-- Up-to-date: /mnt/ssd/lsgloc_ws/install/bcr_bot/share/bcr_bot//models/aws_robomaker_warehouse_ShelfE_01/model.sdf\n'}
[0.273212] (bcr_bot) StdoutLine: {'line': b'-- Up-to-date: /mnt/ssd/lsgloc_ws/install/bcr_bot/share/bcr_bot//models/aws_robomaker_warehouse_ShelfE_01/meshes\n'}
[0.273241] (bcr_bot) StdoutLine: {'line': b'-- Up-to-date: /mnt/ssd/lsgloc_ws/install/bcr_bot/share/bcr_bot//models/aws_robomaker_warehouse_ShelfE_01/meshes/aws_robomaker_warehouse_ShelfE_01_collision.DAE\n'}
[0.273270] (bcr_bot) StdoutLine: {'line': b'-- Up-to-date: /mnt/ssd/lsgloc_ws/install/bcr_bot/share/bcr_bot//models/aws_robomaker_warehouse_ShelfE_01/meshes/aws_robomaker_warehouse_ShelfE_01_visual.DAE\n'}
[0.273299] (bcr_bot) StdoutLine: {'line': b'-- Up-to-date: /mnt/ssd/lsgloc_ws/install/bcr_bot/share/bcr_bot//models/aws_robomaker_warehouse_ShelfE_01/.DS_Store\n'}
[0.273328] (bcr_bot) StdoutLine: {'line': b'-- Up-to-date: /mnt/ssd/lsgloc_ws/install/bcr_bot/share/bcr_bot//models/aws_robomaker_warehouse_ShelfE_01/materials\n'}
[0.273412] (bcr_bot) StdoutLine: {'line': b'-- Up-to-date: /mnt/ssd/lsgloc_ws/install/bcr_bot/share/bcr_bot//models/aws_robomaker_warehouse_ShelfE_01/materials/textures\n'}
[0.273445] (bcr_bot) StdoutLine: {'line': b'-- Up-to-date: /mnt/ssd/lsgloc_ws/install/bcr_bot/share/bcr_bot//models/aws_robomaker_warehouse_ShelfE_01/materials/textures/aws_robomaker_warehouse_ShelfE_03.png\n'}
[0.273489] (bcr_bot) StdoutLine: {'line': b'-- Up-to-date: /mnt/ssd/lsgloc_ws/install/bcr_bot/share/bcr_bot//models/aws_robomaker_warehouse_ShelfE_01/materials/textures/aws_robomaker_warehouse_ShelfE_02.png\n'}
[0.273516] (bcr_bot) StdoutLine: {'line': b'-- Up-to-date: /mnt/ssd/lsgloc_ws/install/bcr_bot/share/bcr_bot//models/aws_robomaker_warehouse_ShelfE_01/materials/textures/aws_robomaker_warehouse_ShelfE_04.png\n'}
[0.273543] (bcr_bot) StdoutLine: {'line': b'-- Up-to-date: /mnt/ssd/lsgloc_ws/install/bcr_bot/share/bcr_bot//models/aws_robomaker_warehouse_ShelfE_01/materials/textures/aws_robomaker_warehouse_ShelfE_01.png\n'}
[0.273570] (bcr_bot) StdoutLine: {'line': b'-- Up-to-date: /mnt/ssd/lsgloc_ws/install/bcr_bot/share/bcr_bot//models/aws_robomaker_warehouse_ShelfE_01/materials/.DS_Store\n'}
[0.273597] (bcr_bot) StdoutLine: {'line': b'-- Up-to-date: /mnt/ssd/lsgloc_ws/install/bcr_bot/share/bcr_bot//models/aws_robomaker_warehouse_ClutteringD_01\n'}
[0.273623] (bcr_bot) StdoutLine: {'line': b'-- Up-to-date: /mnt/ssd/lsgloc_ws/install/bcr_bot/share/bcr_bot//models/aws_robomaker_warehouse_ClutteringD_01/model.config\n'}
[0.273650] (bcr_bot) StdoutLine: {'line': b'-- Up-to-date: /mnt/ssd/lsgloc_ws/install/bcr_bot/share/bcr_bot//models/aws_robomaker_warehouse_ClutteringD_01/model.sdf\n'}
[0.273677] (bcr_bot) StdoutLine: {'line': b'-- Up-to-date: /mnt/ssd/lsgloc_ws/install/bcr_bot/share/bcr_bot//models/aws_robomaker_warehouse_ClutteringD_01/meshes\n'}
[0.273703] (bcr_bot) StdoutLine: {'line': b'-- Up-to-date: /mnt/ssd/lsgloc_ws/install/bcr_bot/share/bcr_bot//models/aws_robomaker_warehouse_ClutteringD_01/meshes/aws_robomaker_warehouse_ClutteringD_01_visual.DAE\n'}
[0.273730] (bcr_bot) StdoutLine: {'line': b'-- Up-to-date: /mnt/ssd/lsgloc_ws/install/bcr_bot/share/bcr_bot//models/aws_robomaker_warehouse_ClutteringD_01/meshes/aws_robomaker_warehouse_ClutteringD_01_collision.DAE\n'}
[0.273756] (bcr_bot) StdoutLine: {'line': b'-- Up-to-date: /mnt/ssd/lsgloc_ws/install/bcr_bot/share/bcr_bot//models/aws_robomaker_warehouse_ClutteringD_01/materials\n'}
[0.273782] (bcr_bot) StdoutLine: {'line': b'-- Up-to-date: /mnt/ssd/lsgloc_ws/install/bcr_bot/share/bcr_bot//models/aws_robomaker_warehouse_ClutteringD_01/materials/textures\n'}
[0.273809] (bcr_bot) StdoutLine: {'line': b'-- Up-to-date: /mnt/ssd/lsgloc_ws/install/bcr_bot/share/bcr_bot//models/aws_robomaker_warehouse_ClutteringD_01/materials/textures/aws_robomaker_warehouse_ClutteringD_01.png\n'}
[0.273836] (bcr_bot) StdoutLine: {'line': b'-- Up-to-date: /mnt/ssd/lsgloc_ws/install/bcr_bot/share/bcr_bot//models/aws_robomaker_warehouse_ClutteringD_01/materials/textures/aws_robomaker_warehouse_ClutteringD_02.png\n'}
[0.273863] (bcr_bot) StdoutLine: {'line': b'-- Up-to-date: /mnt/ssd/lsgloc_ws/install/bcr_bot/share/bcr_bot//models/aws_robomaker_warehouse_ShelfD_01\n'}
[0.273894] (bcr_bot) StdoutLine: {'line': b'-- Up-to-date: /mnt/ssd/lsgloc_ws/install/bcr_bot/share/bcr_bot//models/aws_robomaker_warehouse_ShelfD_01/model.config\n'}
[0.273922] (bcr_bot) StdoutLine: {'line': b'-- Up-to-date: /mnt/ssd/lsgloc_ws/install/bcr_bot/share/bcr_bot//models/aws_robomaker_warehouse_ShelfD_01/model.sdf\n'}
[0.273950] (bcr_bot) StdoutLine: {'line': b'-- Up-to-date: /mnt/ssd/lsgloc_ws/install/bcr_bot/share/bcr_bot//models/aws_robomaker_warehouse_ShelfD_01/meshes\n'}
[0.273977] (bcr_bot) StdoutLine: {'line': b'-- Up-to-date: /mnt/ssd/lsgloc_ws/install/bcr_bot/share/bcr_bot//models/aws_robomaker_warehouse_ShelfD_01/meshes/aws_robomaker_warehouse_ShelfD_01_collision.DAE\n'}
[0.274004] (bcr_bot) StdoutLine: {'line': b'-- Up-to-date: /mnt/ssd/lsgloc_ws/install/bcr_bot/share/bcr_bot//models/aws_robomaker_warehouse_ShelfD_01/meshes/aws_robomaker_warehouse_ShelfD_01_visual.DAE\n'}
[0.274031] (bcr_bot) StdoutLine: {'line': b'-- Up-to-date: /mnt/ssd/lsgloc_ws/install/bcr_bot/share/bcr_bot//models/aws_robomaker_warehouse_ShelfD_01/materials\n'}
[0.274077] (bcr_bot) StdoutLine: {'line': b'-- Up-to-date: /mnt/ssd/lsgloc_ws/install/bcr_bot/share/bcr_bot//models/aws_robomaker_warehouse_ShelfD_01/materials/textures\n'}
[0.274142] (bcr_bot) StdoutLine: {'line': b'-- Up-to-date: /mnt/ssd/lsgloc_ws/install/bcr_bot/share/bcr_bot//models/aws_robomaker_warehouse_ShelfD_01/materials/textures/aws_robomaker_warehouse_ShelfD_02.png\n'}
[0.274180] (bcr_bot) StdoutLine: {'line': b'-- Up-to-date: /mnt/ssd/lsgloc_ws/install/bcr_bot/share/bcr_bot//models/aws_robomaker_warehouse_ShelfD_01/materials/textures/aws_robomaker_warehouse_ShelfD_01.png\n'}
[0.274266] (bcr_bot) StdoutLine: {'line': b'-- Up-to-date: /mnt/ssd/lsgloc_ws/install/bcr_bot/share/bcr_bot//models/aws_robomaker_warehouse_ShelfD_01/materials/textures/aws_robomaker_warehouse_ShelfD_03.png\n'}
[0.274301] (bcr_bot) StdoutLine: {'line': b'-- Up-to-date: /mnt/ssd/lsgloc_ws/install/bcr_bot/share/bcr_bot//models/aws_robomaker_warehouse_ShelfD_01/materials/textures/aws_robomaker_warehouse_ShelfD_04.png\n'}
[0.274339] (bcr_bot) StdoutLine: {'line': b'-- Up-to-date: /mnt/ssd/lsgloc_ws/install/bcr_bot/share/bcr_bot//models/aws_robomaker_warehouse_GroundB_01\n'}
[0.274472] (bcr_bot) StdoutLine: {'line': b'-- Up-to-date: /mnt/ssd/lsgloc_ws/install/bcr_bot/share/bcr_bot//models/aws_robomaker_warehouse_GroundB_01/model.config\n'}
[0.274545] (bcr_bot) StdoutLine: {'line': b'-- Up-to-date: /mnt/ssd/lsgloc_ws/install/bcr_bot/share/bcr_bot//models/aws_robomaker_warehouse_GroundB_01/model.sdf\n'}
[0.274581] (bcr_bot) StdoutLine: {'line': b'-- Up-to-date: /mnt/ssd/lsgloc_ws/install/bcr_bot/share/bcr_bot//models/aws_robomaker_warehouse_GroundB_01/meshes\n'}
[0.274614] (bcr_bot) StdoutLine: {'line': b'-- Up-to-date: /mnt/ssd/lsgloc_ws/install/bcr_bot/share/bcr_bot//models/aws_robomaker_warehouse_GroundB_01/meshes/aws_robomaker_warehouse_GroundB_01_visual.DAE\n'}
[0.274649] (bcr_bot) StdoutLine: {'line': b'-- Up-to-date: /mnt/ssd/lsgloc_ws/install/bcr_bot/share/bcr_bot//models/aws_robomaker_warehouse_GroundB_01/meshes/aws_robomaker_warehouse_GroundB_01_collision.DAE\n'}
[0.274681] (bcr_bot) StdoutLine: {'line': b'-- Up-to-date: /mnt/ssd/lsgloc_ws/install/bcr_bot/share/bcr_bot//models/aws_robomaker_warehouse_GroundB_01/materials\n'}
[0.274713] (bcr_bot) StdoutLine: {'line': b'-- Up-to-date: /mnt/ssd/lsgloc_ws/install/bcr_bot/share/bcr_bot//models/aws_robomaker_warehouse_GroundB_01/materials/textures\n'}
[0.274746] (bcr_bot) StdoutLine: {'line': b'-- Up-to-date: /mnt/ssd/lsgloc_ws/install/bcr_bot/share/bcr_bot//models/aws_robomaker_warehouse_GroundB_01/materials/textures/aws_robomaker_warehouse_GroundB_02.png\n'}
[0.274776] (bcr_bot) StdoutLine: {'line': b'-- Up-to-date: /mnt/ssd/lsgloc_ws/install/bcr_bot/share/bcr_bot//models/aws_robomaker_warehouse_GroundB_01/materials/textures/aws_robomaker_warehouse_GroundB_01.png\n'}
[0.274806] (bcr_bot) StdoutLine: {'line': b'-- Up-to-date: /mnt/ssd/lsgloc_ws/install/bcr_bot/share/bcr_bot//models/aws_robomaker_warehouse_RoofB_01\n'}
[0.274837] (bcr_bot) StdoutLine: {'line': b'-- Up-to-date: /mnt/ssd/lsgloc_ws/install/bcr_bot/share/bcr_bot//models/aws_robomaker_warehouse_RoofB_01/model.config\n'}
[0.274867] (bcr_bot) StdoutLine: {'line': b'-- Up-to-date: /mnt/ssd/lsgloc_ws/install/bcr_bot/share/bcr_bot//models/aws_robomaker_warehouse_RoofB_01/model.sdf\n'}
[0.274897] (bcr_bot) StdoutLine: {'line': b'-- Up-to-date: /mnt/ssd/lsgloc_ws/install/bcr_bot/share/bcr_bot//models/aws_robomaker_warehouse_RoofB_01/meshes\n'}
[0.274927] (bcr_bot) StdoutLine: {'line': b'-- Up-to-date: /mnt/ssd/lsgloc_ws/install/bcr_bot/share/bcr_bot//models/aws_robomaker_warehouse_RoofB_01/meshes/aws_robomaker_warehouse_RoofB_01_collision.DAE\n'}
[0.274956] (bcr_bot) StdoutLine: {'line': b'-- Up-to-date: /mnt/ssd/lsgloc_ws/install/bcr_bot/share/bcr_bot//models/aws_robomaker_warehouse_RoofB_01/meshes/aws_robomaker_warehouse_RoofB_01_visual.DAE\n'}
[0.274989] (bcr_bot) StdoutLine: {'line': b'-- Up-to-date: /mnt/ssd/lsgloc_ws/install/bcr_bot/share/bcr_bot//models/aws_robomaker_warehouse_RoofB_01/materials\n'}
[0.275093] (bcr_bot) StdoutLine: {'line': b'-- Up-to-date: /mnt/ssd/lsgloc_ws/install/bcr_bot/share/bcr_bot//models/aws_robomaker_warehouse_RoofB_01/materials/textures\n'}
[0.275355] (bcr_bot) StdoutLine: {'line': b'-- Up-to-date: /mnt/ssd/lsgloc_ws/install/bcr_bot/share/bcr_bot//models/aws_robomaker_warehouse_RoofB_01/materials/textures/aws_robomaker_warehouse_RoofB_01.png\n'}
[0.275391] (bcr_bot) StdoutLine: {'line': b'-- Up-to-date: /mnt/ssd/lsgloc_ws/install/bcr_bot/share/bcr_bot//urdf\n'}
[0.275421] (bcr_bot) StdoutLine: {'line': b'-- Up-to-date: /mnt/ssd/lsgloc_ws/install/bcr_bot/share/bcr_bot//urdf/macros.xacro\n'}
[0.275451] (bcr_bot) StdoutLine: {'line': b'-- Up-to-date: /mnt/ssd/lsgloc_ws/install/bcr_bot/share/bcr_bot//urdf/ign.xacro\n'}
[0.275480] (bcr_bot) StdoutLine: {'line': b'-- Up-to-date: /mnt/ssd/lsgloc_ws/install/bcr_bot/share/bcr_bot//urdf/gazebo.xacro\n'}
[0.275509] (bcr_bot) StdoutLine: {'line': b'-- Up-to-date: /mnt/ssd/lsgloc_ws/install/bcr_bot/share/bcr_bot//urdf/materials.xacro\n'}
[0.275538] (bcr_bot) StdoutLine: {'line': b'-- Up-to-date: /mnt/ssd/lsgloc_ws/install/bcr_bot/share/bcr_bot//urdf/bcr_bot.xacro\n'}
[0.275567] (bcr_bot) StdoutLine: {'line': b'-- Up-to-date: /mnt/ssd/lsgloc_ws/install/bcr_bot/share/bcr_bot//urdf/gz.xacro\n'}
[0.275597] (bcr_bot) StdoutLine: {'line': b'-- Up-to-date: /mnt/ssd/lsgloc_ws/install/bcr_bot/share/bcr_bot//worlds\n'}
[0.275628] (bcr_bot) StdoutLine: {'line': b'-- Up-to-date: /mnt/ssd/lsgloc_ws/install/bcr_bot/share/bcr_bot//worlds/small_warehouse.sdf\n'}
[0.275657] (bcr_bot) StdoutLine: {'line': b'-- Up-to-date: /mnt/ssd/lsgloc_ws/install/bcr_bot/share/bcr_bot//worlds/empty.sdf\n'}
[0.275685] (bcr_bot) StdoutLine: {'line': b'-- Up-to-date: /mnt/ssd/lsgloc_ws/install/bcr_bot/share/bcr_bot//rviz\n'}
[0.275715] (bcr_bot) StdoutLine: {'line': b'-- Up-to-date: /mnt/ssd/lsgloc_ws/install/bcr_bot/share/bcr_bot//rviz/map.rviz\n'}
[0.275744] (bcr_bot) StdoutLine: {'line': b'-- Up-to-date: /mnt/ssd/lsgloc_ws/install/bcr_bot/share/bcr_bot//rviz/entire_setup.rviz\n'}
[0.275773] (bcr_bot) StdoutLine: {'line': b'-- Up-to-date: /mnt/ssd/lsgloc_ws/install/bcr_bot/share/bcr_bot/config\n'}
[0.275801] (bcr_bot) StdoutLine: {'line': b'-- Up-to-date: /mnt/ssd/lsgloc_ws/install/bcr_bot/share/bcr_bot/config/bcr_map.yaml\n'}
[0.275830] (bcr_bot) StdoutLine: {'line': b'-- Up-to-date: /mnt/ssd/lsgloc_ws/install/bcr_bot/share/bcr_bot/config/bcr_map.pgm\n'}
[0.275859] (bcr_bot) StdoutLine: {'line': b'-- Up-to-date: /mnt/ssd/lsgloc_ws/install/bcr_bot/share/bcr_bot/config/nav2_params.yaml\n'}
[0.275888] (bcr_bot) StdoutLine: {'line': b'-- Up-to-date: /mnt/ssd/lsgloc_ws/install/bcr_bot/share/bcr_bot/config/mapper_params_online_async.yaml\n'}
[0.275917] (bcr_bot) StdoutLine: {'line': b'-- Up-to-date: /mnt/ssd/lsgloc_ws/install/bcr_bot/lib/bcr_bot/remapper.py\n'}
[0.275945] (bcr_bot) StdoutLine: {'line': b'-- Up-to-date: /mnt/ssd/lsgloc_ws/install/bcr_bot/share/ament_index/resource_index/package_run_dependencies/bcr_bot\n'}
[0.275974] (bcr_bot) StdoutLine: {'line': b'-- Up-to-date: /mnt/ssd/lsgloc_ws/install/bcr_bot/share/ament_index/resource_index/parent_prefix_path/bcr_bot\n'}
[0.276003] (bcr_bot) StdoutLine: {'line': b'-- Up-to-date: /mnt/ssd/lsgloc_ws/install/bcr_bot/share/bcr_bot/environment/ament_prefix_path.sh\n'}
[0.276070] (bcr_bot) StdoutLine: {'line': b'-- Up-to-date: /mnt/ssd/lsgloc_ws/install/bcr_bot/share/bcr_bot/environment/ament_prefix_path.dsv\n'}
[0.276099] (bcr_bot) StdoutLine: {'line': b'-- Up-to-date: /mnt/ssd/lsgloc_ws/install/bcr_bot/share/bcr_bot/environment/path.sh\n'}
[0.276128] (bcr_bot) StdoutLine: {'line': b'-- Up-to-date: /mnt/ssd/lsgloc_ws/install/bcr_bot/share/bcr_bot/environment/path.dsv\n'}
[0.276157] (bcr_bot) StdoutLine: {'line': b'-- Up-to-date: /mnt/ssd/lsgloc_ws/install/bcr_bot/share/bcr_bot/local_setup.bash\n'}
[0.276185] (bcr_bot) StdoutLine: {'line': b'-- Up-to-date: /mnt/ssd/lsgloc_ws/install/bcr_bot/share/bcr_bot/local_setup.sh\n'}
[0.276214] (bcr_bot) StdoutLine: {'line': b'-- Up-to-date: /mnt/ssd/lsgloc_ws/install/bcr_bot/share/bcr_bot/local_setup.zsh\n'}
[0.276243] (bcr_bot) StdoutLine: {'line': b'-- Up-to-date: /mnt/ssd/lsgloc_ws/install/bcr_bot/share/bcr_bot/local_setup.dsv\n'}
[0.276284] (bcr_bot) StdoutLine: {'line': b'-- Installing: /mnt/ssd/lsgloc_ws/install/bcr_bot/share/bcr_bot/package.dsv\n'}
[0.276313] (bcr_bot) StdoutLine: {'line': b'-- Up-to-date: /mnt/ssd/lsgloc_ws/install/bcr_bot/share/ament_index/resource_index/packages/bcr_bot\n'}
[0.276357] (bcr_bot) StdoutLine: {'line': b'-- Up-to-date: /mnt/ssd/lsgloc_ws/install/bcr_bot/share/bcr_bot/cmake/bcr_botConfig.cmake\n'}
[0.276395] (bcr_bot) StdoutLine: {'line': b'-- Up-to-date: /mnt/ssd/lsgloc_ws/install/bcr_bot/share/bcr_bot/cmake/bcr_botConfig-version.cmake\n'}
[0.276424] (bcr_bot) StdoutLine: {'line': b'-- Up-to-date: /mnt/ssd/lsgloc_ws/install/bcr_bot/share/bcr_bot/package.xml\n'}
[0.276453] (bcr_bot) CommandEnded: {'returncode': 0}
[0.283243] (semantic_msgs) StdoutLine: {'line': b'running egg_info\n'}
[0.285673] (bcr_bot) JobEnded: {'identifier': 'bcr_bot', 'rc': 0}
[0.297911] (semantic_msgs) StdoutLine: {'line': b'writing semantic_msgs.egg-info/PKG-INFO\n'}
[0.298025] (semantic_msgs) StdoutLine: {'line': b'writing dependency_links to semantic_msgs.egg-info/dependency_links.txt\n'}
[0.298148] (semantic_msgs) StdoutLine: {'line': b'writing top-level names to semantic_msgs.egg-info/top_level.txt\n'}
[0.299833] (-) TimerEvent: {}
[0.328571] (semantic_msgs) StdoutLine: {'line': b"reading manifest file 'semantic_msgs.egg-info/SOURCES.txt'\n"}
[0.328924] (semantic_msgs) StdoutLine: {'line': b"writing manifest file 'semantic_msgs.egg-info/SOURCES.txt'\n"}
[0.352343] (semantic_msgs) StdoutLine: {'line': b'[100%] Built target ament_cmake_python_build_semantic_msgs_egg\n'}
[0.360676] (semantic_msgs) CommandEnded: {'returncode': 0}
[0.361074] (semantic_msgs) JobProgress: {'identifier': 'semantic_msgs', 'progress': 'install'}
[0.361315] (semantic_msgs) Command: {'cmd': ['/usr/bin/cmake', '--install', '/mnt/ssd/lsgloc_ws/build/semantic_msgs'], 'cwd': '/mnt/ssd/lsgloc_ws/build/semantic_msgs', 'env': OrderedDict([('GJS_DEBUG_TOPICS', 'JS ERROR;JS LOG'), ('PYTHON_BASIC_REPL', '1'), ('LESSOPEN', '| /usr/bin/lesspipe %s'), ('LANGUAGE', 'en_SG:en'), ('USER', 'sensethreat'), ('XDG_SESSION_TYPE', 'x11'), ('GIT_ASKPASS', '/usr/share/code/resources/app/extensions/git/dist/askpass.sh'), ('SHLVL', '1'), ('LD_LIBRARY_PATH', '/usr/local/cuda/lib64:/usr/lib/x86_64-linux-gnu/gazebo-11/plugins:/opt/ros/humble/opt/rviz_ogre_vendor/lib:/opt/ros/humble/lib/x86_64-linux-gnu:/opt/ros/humble/lib:/usr/local/cuda/lib64:'), ('HOME', '/home/sensethreat'), ('CHROME_DESKTOP', 'code.desktop'), ('CONDA_SHLVL', '0'), ('TERM_PROGRAM_VERSION', '1.108.2'), ('DESKTOP_SESSION', 'ubuntu'), ('NVM_BIN', '/home/sensethreat/.nvm/versions/node/v20.20.1/bin'), ('NVM_INC', '/home/sensethreat/.nvm/versions/node/v20.20.1/include/node'), ('GIO_LAUNCHED_DESKTOP_FILE', '/usr/share/applications/code.desktop'), ('ROS_PYTHON_VERSION', '3'), ('GNOME_SHELL_SESSION_MODE', 'ubuntu'), ('GTK_MODULES', 'gail:atk-bridge'), ('VSCODE_GIT_ASKPASS_MAIN', '/usr/share/code/resources/app/extensions/git/dist/askpass-main.js'), ('VSCODE_GIT_ASKPASS_NODE', '/usr/share/code/code'), ('MANAGERPID', '4235'), ('PYDEVD_DISABLE_FILE_VALIDATION', '1'), ('SYSTEMD_EXEC_PID', '4526'), ('BUNDLED_DEBUGPY_PATH', '/home/sensethreat/.vscode/extensions/ms-python.debugpy-2025.18.0-linux-x64/bundled/libs/debugpy'), ('VSCODE_PYTHON_AUTOACTIVATE_GUARD', '1'), ('DBUS_SESSION_BUS_ADDRESS', 'unix:path=/run/user/1000/bus'), ('COLORTERM', 'truecolor'), ('_CE_M', ''), ('GIO_LAUNCHED_DESKTOP_FILE_PID', '1699102'), ('NVM_DIR', '/home/sensethreat/.nvm'), ('ROS_DISTRO', 'humble'), ('GTK_IM_MODULE', 'ibus'), ('LOGNAME', 'sensethreat'), ('JOURNAL_STREAM', '8:25865'), ('_', '/usr/bin/colcon'), ('ROS_VERSION', '2'), ('CLAUDE_CODE_SSE_PORT', '13146'), ('XDG_SESSION_CLASS', 'user'), ('GEMINI_CLI_IDE_WORKSPACE_PATH', '/mnt/ssd/lsgloc_ws'), ('USERNAME', 'sensethreat'), ('TERM', 'xterm-256color'), ('GNOME_DESKTOP_SESSION_ID', 'this-is-deprecated'), ('_CE_CONDA', ''), ('FC_FONTATIONS', '1'), ('ROS_LOCALHOST_ONLY', '0'), ('GEMINI_CLI_IDE_SERVER_PORT', '37737'), ('WINDOWPATH', '2'), ('PATH', '/usr/local/cuda/bin:/home/sensethreat/.config/Code/User/globalStorage/github.copilot-chat/debugCommand:/home/sensethreat/.config/Code/User/globalStorage/github.copilot-chat/copilotCli:/home/sensethreat/.local/bin:/home/sensethreat/.nvm/versions/node/v20.20.1/bin:/opt/ros/humble/bin:/home/sensethreat/anaconda3/condabin:/usr/local/cuda/bin:/home/sensethreat/.local/bin:/usr/local/sbin:/usr/local/bin:/usr/sbin:/usr/bin:/sbin:/bin:/usr/games:/usr/local/games:/snap/bin:/snap/bin:/home/sensethreat/.vscode/extensions/ms-python.debugpy-2025.18.0-linux-x64/bundled/scripts/noConfigScripts'), ('SESSION_MANAGER', 'local/gr00t-4090:@/tmp/.ICE-unix/4476,unix/gr00t-4090:/tmp/.ICE-unix/4476'), ('INVOCATION_ID', '2f188857ecf04eb188026dc287baa7cc'), ('XDG_MENU_PREFIX', 'gnome-'), ('XDG_RUNTIME_DIR', '/run/user/1000'), ('GDK_BACKEND', 'x11'), ('DISPLAY', ':1'), ('VSCODE_DEBUGPY_ADAPTER_ENDPOINTS', '/home/sensethreat/.vscode/extensions/ms-python.debugpy-2025.18.0-linux-x64/.noConfigDebugAdapterEndpoints/endpoint-9686078bbb06aef1.txt'), ('LANG', 'en_US.UTF-8'), ('XDG_CURRENT_DESKTOP', 'ubuntu:GNOME'), ('PYTHONSTARTUP', '/home/sensethreat/.config/Code/User/workspaceStorage/a1ba31dbdeff2a34003cc17b1390a45e/ms-python.python/pythonrc.py'), ('XMODIFIERS', '@im=ibus'), ('XDG_SESSION_DESKTOP', 'ubuntu'), ('XAUTHORITY', '/run/user/1000/gdm/Xauthority'), ('LS_COLORS', 'rs=0:di=01;34:ln=01;36:mh=00:pi=40;33:so=01;35:do=01;35:bd=40;33;01:cd=40;33;01:or=40;31;01:mi=00:su=37;41:sg=30;43:ca=30;41:tw=30;42:ow=34;42:st=37;44:ex=01;32:*.tar=01;31:*.tgz=01;31:*.arc=01;31:*.arj=01;31:*.taz=01;31:*.lha=01;31:*.lz4=01;31:*.lzh=01;31:*.lzma=01;31:*.tlz=01;31:*.txz=01;31:*.tzo=01;31:*.t7z=01;31:*.zip=01;31:*.z=01;31:*.dz=01;31:*.gz=01;31:*.lrz=01;31:*.lz=01;31:*.lzo=01;31:*.xz=01;31:*.zst=01;31:*.tzst=01;31:*.bz2=01;31:*.bz=01;31:*.tbz=01;31:*.tbz2=01;31:*.tz=01;31:*.deb=01;31:*.rpm=01;31:*.jar=01;31:*.war=01;31:*.ear=01;31:*.sar=01;31:*.rar=01;31:*.alz=01;31:*.ace=01;31:*.zoo=01;31:*.cpio=01;31:*.7z=01;31:*.rz=01;31:*.cab=01;31:*.wim=01;31:*.swm=01;31:*.dwm=01;31:*.esd=01;31:*.jpg=01;35:*.jpeg=01;35:*.mjpg=01;35:*.mjpeg=01;35:*.gif=01;35:*.bmp=01;35:*.pbm=01;35:*.pgm=01;35:*.ppm=01;35:*.tga=01;35:*.xbm=01;35:*.xpm=01;35:*.tif=01;35:*.tiff=01;35:*.png=01;35:*.svg=01;35:*.svgz=01;35:*.mng=01;35:*.pcx=01;35:*.mov=01;35:*.mpg=01;35:*.mpeg=01;35:*.m2v=01;35:*.mkv=01;35:*.webm=01;35:*.webp=01;35:*.ogm=01;35:*.mp4=01;35:*.m4v=01;35:*.mp4v=01;35:*.vob=01;35:*.qt=01;35:*.nuv=01;35:*.wmv=01;35:*.asf=01;35:*.rm=01;35:*.rmvb=01;35:*.flc=01;35:*.avi=01;35:*.fli=01;35:*.flv=01;35:*.gl=01;35:*.dl=01;35:*.xcf=01;35:*.xwd=01;35:*.yuv=01;35:*.cgm=01;35:*.emf=01;35:*.ogv=01;35:*.ogx=01;35:*.aac=00;36:*.au=00;36:*.flac=00;36:*.m4a=00;36:*.mid=00;36:*.midi=00;36:*.mka=00;36:*.mp3=00;36:*.mpc=00;36:*.ogg=00;36:*.ra=00;36:*.wav=00;36:*.oga=00;36:*.opus=00;36:*.spx=00;36:*.xspf=00;36:'), ('VSCODE_GIT_IPC_HANDLE', '/run/user/1000/vscode-git-e747b80a0c.sock'), ('TERM_PROGRAM', 'vscode'), ('SSH_AGENT_LAUNCHER', 'gnome-keyring'), ('SSH_AUTH_SOCK', '/run/user/1000/keyring/ssh'), ('ROS_DOMAIN_ID', '42'), ('AMENT_PREFIX_PATH', '/opt/ros/humble'), ('CONDA_PYTHON_EXE', '/home/sensethreat/anaconda3/bin/python'), ('SHELL', '/bin/bash'), ('QT_ACCESSIBILITY', '1'), ('GDMSESSION', 'ubuntu'), ('LESSCLOSE', '/usr/bin/lesspipe %s %s'), ('GPG_AGENT_INFO', '/run/user/1000/gnupg/S.gpg-agent:0:1'), ('GJS_DEBUG_OUTPUT', 'stderr'), ('VSCODE_GIT_ASKPASS_EXTRA_ARGS', ''), ('QT_IM_MODULE', 'ibus'), ('GEMINI_CLI_IDE_AUTH_TOKEN', '26413f97-634b-4051-b3bb-35b322666b9d'), ('PWD', '/mnt/ssd/lsgloc_ws/build/semantic_msgs'), ('TURTLEBOT3_MODEL', 'waffle'), ('LC_ALL', 'en_US.UTF-8'), ('XDG_CONFIG_DIRS', '/etc/xdg/xdg-ubuntu:/etc/xdg'), ('CONDA_EXE', '/home/sensethreat/anaconda3/bin/conda'), ('NVM_CD_FLAGS', ''), ('XDG_DATA_DIRS', '/usr/share/ubuntu:/usr/share/gnome:/usr/local/share/:/usr/share/:/var/lib/snapd/desktop'), ('LDS_MODEL', 'LDS-01'), ('PYTHONPATH', '/opt/ros/humble/lib/python3.10/site-packages:/opt/ros/humble/local/lib/python3.10/dist-packages'), ('COLCON', '1'), ('CMAKE_PREFIX_PATH', '/opt/ros/humble')]), 'shell': False}
[0.367105] (semantic_msgs) StdoutLine: {'line': b'-- Install configuration: ""\n'}
[0.367180] (semantic_msgs) StdoutLine: {'line': b'-- Up-to-date: /mnt/ssd/lsgloc_ws/install/semantic_msgs/share/ament_index/resource_index/rosidl_interfaces/semantic_msgs\n'}
[0.367240] (semantic_msgs) StdoutLine: {'line': b'-- Up-to-date: /mnt/ssd/lsgloc_ws/install/semantic_msgs/include/semantic_msgs/semantic_msgs\n'}
[0.367295] (semantic_msgs) StdoutLine: {'line': b'-- Up-to-date: /mnt/ssd/lsgloc_ws/install/semantic_msgs/include/semantic_msgs/semantic_msgs/msg\n'}
[0.367338] (semantic_msgs) StdoutLine: {'line': b'-- Up-to-date: /mnt/ssd/lsgloc_ws/install/semantic_msgs/include/semantic_msgs/semantic_msgs/msg/semantic_detection_array.h\n'}
[0.367423] (semantic_msgs) StdoutLine: {'line': b'-- Up-to-date: /mnt/ssd/lsgloc_ws/install/semantic_msgs/include/semantic_msgs/semantic_msgs/msg/semantic_detection.h\n'}
[0.367472] (semantic_msgs) StdoutLine: {'line': b'-- Up-to-date: /mnt/ssd/lsgloc_ws/install/semantic_msgs/include/semantic_msgs/semantic_msgs/msg/detail\n'}
[0.367511] (semantic_msgs) StdoutLine: {'line': b'-- Up-to-date: /mnt/ssd/lsgloc_ws/install/semantic_msgs/include/semantic_msgs/semantic_msgs/msg/detail/semantic_detection_array__functions.h\n'}
[0.367549] (semantic_msgs) StdoutLine: {'line': b'-- Up-to-date: /mnt/ssd/lsgloc_ws/install/semantic_msgs/include/semantic_msgs/semantic_msgs/msg/detail/semantic_detection__type_support.h\n'}
[0.367586] (semantic_msgs) StdoutLine: {'line': b'-- Up-to-date: /mnt/ssd/lsgloc_ws/install/semantic_msgs/include/semantic_msgs/semantic_msgs/msg/detail/semantic_detection__functions.c\n'}
[0.367623] (semantic_msgs) StdoutLine: {'line': b'-- Up-to-date: /mnt/ssd/lsgloc_ws/install/semantic_msgs/include/semantic_msgs/semantic_msgs/msg/detail/semantic_detection_array__functions.c\n'}
[0.367660] (semantic_msgs) StdoutLine: {'line': b'-- Up-to-date: /mnt/ssd/lsgloc_ws/install/semantic_msgs/include/semantic_msgs/semantic_msgs/msg/detail/semantic_detection_array__type_support.h\n'}
[0.367698] (semantic_msgs) StdoutLine: {'line': b'-- Up-to-date: /mnt/ssd/lsgloc_ws/install/semantic_msgs/include/semantic_msgs/semantic_msgs/msg/detail/semantic_detection__struct.h\n'}
[0.367735] (semantic_msgs) StdoutLine: {'line': b'-- Up-to-date: /mnt/ssd/lsgloc_ws/install/semantic_msgs/include/semantic_msgs/semantic_msgs/msg/detail/semantic_detection_array__struct.h\n'}
[0.367771] (semantic_msgs) StdoutLine: {'line': b'-- Up-to-date: /mnt/ssd/lsgloc_ws/install/semantic_msgs/include/semantic_msgs/semantic_msgs/msg/detail/semantic_detection__functions.h\n'}
[0.367828] (semantic_msgs) StdoutLine: {'line': b'-- Up-to-date: /mnt/ssd/lsgloc_ws/install/semantic_msgs/include/semantic_msgs/semantic_msgs/msg/rosidl_generator_c__visibility_control.h\n'}
[0.367897] (semantic_msgs) StdoutLine: {'line': b'-- Up-to-date: /mnt/ssd/lsgloc_ws/install/semantic_msgs/share/semantic_msgs/environment/library_path.sh\n'}
[0.367931] (semantic_msgs) StdoutLine: {'line': b'-- Up-to-date: /mnt/ssd/lsgloc_ws/install/semantic_msgs/share/semantic_msgs/environment/library_path.dsv\n'}
[0.367959] (semantic_msgs) StdoutLine: {'line': b'-- Up-to-date: /mnt/ssd/lsgloc_ws/install/semantic_msgs/lib/libsemantic_msgs__rosidl_generator_c.so\n'}
[0.367987] (semantic_msgs) StdoutLine: {'line': b'-- Up-to-date: /mnt/ssd/lsgloc_ws/install/semantic_msgs/include/semantic_msgs/semantic_msgs\n'}
[0.368024] (semantic_msgs) StdoutLine: {'line': b'-- Up-to-date: /mnt/ssd/lsgloc_ws/install/semantic_msgs/include/semantic_msgs/semantic_msgs/msg\n'}
[0.368061] (semantic_msgs) StdoutLine: {'line': b'-- Up-to-date: /mnt/ssd/lsgloc_ws/install/semantic_msgs/include/semantic_msgs/semantic_msgs/msg/rosidl_typesupport_fastrtps_c__visibility_control.h\n'}
[0.368098] (semantic_msgs) StdoutLine: {'line': b'-- Up-to-date: /mnt/ssd/lsgloc_ws/install/semantic_msgs/include/semantic_msgs/semantic_msgs/msg/detail\n'}
[0.368135] (semantic_msgs) StdoutLine: {'line': b'-- Up-to-date: /mnt/ssd/lsgloc_ws/install/semantic_msgs/include/semantic_msgs/semantic_msgs/msg/detail/semantic_detection_array__rosidl_typesupport_fastrtps_c.h\n'}
[0.368191] (semantic_msgs) StdoutLine: {'line': b'-- Up-to-date: /mnt/ssd/lsgloc_ws/install/semantic_msgs/include/semantic_msgs/semantic_msgs/msg/detail/semantic_detection__rosidl_typesupport_fastrtps_c.h\n'}
[0.368253] (semantic_msgs) StdoutLine: {'line': b'-- Up-to-date: /mnt/ssd/lsgloc_ws/install/semantic_msgs/lib/libsemantic_msgs__rosidl_typesupport_fastrtps_c.so\n'}
[0.368293] (semantic_msgs) StdoutLine: {'line': b'-- Up-to-date: /mnt/ssd/lsgloc_ws/install/semantic_msgs/include/semantic_msgs/semantic_msgs\n'}
[0.368331] (semantic_msgs) StdoutLine: {'line': b'-- Up-to-date: /mnt/ssd/lsgloc_ws/install/semantic_msgs/include/semantic_msgs/semantic_msgs/msg\n'}
[0.368408] (semantic_msgs) StdoutLine: {'line': b'-- Up-to-date: /mnt/ssd/lsgloc_ws/install/semantic_msgs/include/semantic_msgs/semantic_msgs/msg/semantic_detection.hpp\n'}
[0.368448] (semantic_msgs) StdoutLine: {'line': b'-- Up-to-date: /mnt/ssd/lsgloc_ws/install/semantic_msgs/include/semantic_msgs/semantic_msgs/msg/semantic_detection_array.hpp\n'}
[0.368485] (semantic_msgs) StdoutLine: {'line': b'-- Up-to-date: /mnt/ssd/lsgloc_ws/install/semantic_msgs/include/semantic_msgs/semantic_msgs/msg/detail\n'}
[0.368522] (semantic_msgs) StdoutLine: {'line': b'-- Up-to-date: /mnt/ssd/lsgloc_ws/install/semantic_msgs/include/semantic_msgs/semantic_msgs/msg/detail/semantic_detection_array__type_support.hpp\n'}
[0.368559] (semantic_msgs) StdoutLine: {'line': b'-- Up-to-date: /mnt/ssd/lsgloc_ws/install/semantic_msgs/include/semantic_msgs/semantic_msgs/msg/detail/semantic_detection__struct.hpp\n'}
[0.368596] (semantic_msgs) StdoutLine: {'line': b'-- Up-to-date: /mnt/ssd/lsgloc_ws/install/semantic_msgs/include/semantic_msgs/semantic_msgs/msg/detail/semantic_detection_array__traits.hpp\n'}
[0.368633] (semantic_msgs) StdoutLine: {'line': b'-- Up-to-date: /mnt/ssd/lsgloc_ws/install/semantic_msgs/include/semantic_msgs/semantic_msgs/msg/detail/semantic_detection_array__builder.hpp\n'}
[0.368670] (semantic_msgs) StdoutLine: {'line': b'-- Up-to-date: /mnt/ssd/lsgloc_ws/install/semantic_msgs/include/semantic_msgs/semantic_msgs/msg/detail/semantic_detection__traits.hpp\n'}
[0.368707] (semantic_msgs) StdoutLine: {'line': b'-- Up-to-date: /mnt/ssd/lsgloc_ws/install/semantic_msgs/include/semantic_msgs/semantic_msgs/msg/detail/semantic_detection__type_support.hpp\n'}
[0.368743] (semantic_msgs) StdoutLine: {'line': b'-- Up-to-date: /mnt/ssd/lsgloc_ws/install/semantic_msgs/include/semantic_msgs/semantic_msgs/msg/detail/semantic_detection_array__struct.hpp\n'}
[0.368780] (semantic_msgs) StdoutLine: {'line': b'-- Up-to-date: /mnt/ssd/lsgloc_ws/install/semantic_msgs/include/semantic_msgs/semantic_msgs/msg/detail/semantic_detection__builder.hpp\n'}
[0.368816] (semantic_msgs) StdoutLine: {'line': b'-- Up-to-date: /mnt/ssd/lsgloc_ws/install/semantic_msgs/include/semantic_msgs/semantic_msgs/msg/rosidl_generator_cpp__visibility_control.hpp\n'}
[0.368852] (semantic_msgs) StdoutLine: {'line': b'-- Up-to-date: /mnt/ssd/lsgloc_ws/install/semantic_msgs/include/semantic_msgs/semantic_msgs\n'}
[0.368902] (semantic_msgs) StdoutLine: {'line': b'-- Up-to-date: /mnt/ssd/lsgloc_ws/install/semantic_msgs/include/semantic_msgs/semantic_msgs/msg\n'}
[0.368987] (semantic_msgs) StdoutLine: {'line': b'-- Up-to-date: /mnt/ssd/lsgloc_ws/install/semantic_msgs/include/semantic_msgs/semantic_msgs/msg/rosidl_typesupport_fastrtps_cpp__visibility_control.h\n'}
[0.369047] (semantic_msgs) StdoutLine: {'line': b'-- Up-to-date: /mnt/ssd/lsgloc_ws/install/semantic_msgs/include/semantic_msgs/semantic_msgs/msg/detail\n'}
[0.369084] (semantic_msgs) StdoutLine: {'line': b'-- Up-to-date: /mnt/ssd/lsgloc_ws/install/semantic_msgs/include/semantic_msgs/semantic_msgs/msg/detail/semantic_detection_array__rosidl_typesupport_fastrtps_cpp.hpp\n'}
[0.369119] (semantic_msgs) StdoutLine: {'line': b'-- Up-to-date: /mnt/ssd/lsgloc_ws/install/semantic_msgs/include/semantic_msgs/semantic_msgs/msg/detail/semantic_detection__rosidl_typesupport_fastrtps_cpp.hpp\n'}
[0.369153] (semantic_msgs) StdoutLine: {'line': b'-- Up-to-date: /mnt/ssd/lsgloc_ws/install/semantic_msgs/include/semantic_msgs/semantic_msgs/msg/detail/dds_fastrtps\n'}
[0.369206] (semantic_msgs) StdoutLine: {'line': b'-- Up-to-date: /mnt/ssd/lsgloc_ws/install/semantic_msgs/lib/libsemantic_msgs__rosidl_typesupport_fastrtps_cpp.so\n'}
[0.369240] (semantic_msgs) StdoutLine: {'line': b'-- Up-to-date: /mnt/ssd/lsgloc_ws/install/semantic_msgs/include/semantic_msgs/semantic_msgs\n'}
[0.369273] (semantic_msgs) StdoutLine: {'line': b'-- Up-to-date: /mnt/ssd/lsgloc_ws/install/semantic_msgs/include/semantic_msgs/semantic_msgs/msg\n'}
[0.369302] (semantic_msgs) StdoutLine: {'line': b'-- Up-to-date: /mnt/ssd/lsgloc_ws/install/semantic_msgs/include/semantic_msgs/semantic_msgs/msg/rosidl_typesupport_introspection_c__visibility_control.h\n'}
[0.369331] (semantic_msgs) StdoutLine: {'line': b'-- Up-to-date: /mnt/ssd/lsgloc_ws/install/semantic_msgs/include/semantic_msgs/semantic_msgs/msg/detail\n'}
[0.369389] (semantic_msgs) StdoutLine: {'line': b'-- Up-to-date: /mnt/ssd/lsgloc_ws/install/semantic_msgs/include/semantic_msgs/semantic_msgs/msg/detail/semantic_detection_array__type_support.c\n'}
[0.369419] (semantic_msgs) StdoutLine: {'line': b'-- Up-to-date: /mnt/ssd/lsgloc_ws/install/semantic_msgs/include/semantic_msgs/semantic_msgs/msg/detail/semantic_detection__rosidl_typesupport_introspection_c.h\n'}
[0.369448] (semantic_msgs) StdoutLine: {'line': b'-- Up-to-date: /mnt/ssd/lsgloc_ws/install/semantic_msgs/include/semantic_msgs/semantic_msgs/msg/detail/semantic_detection_array__rosidl_typesupport_introspection_c.h\n'}
[0.369475] (semantic_msgs) StdoutLine: {'line': b'-- Up-to-date: /mnt/ssd/lsgloc_ws/install/semantic_msgs/include/semantic_msgs/semantic_msgs/msg/detail/semantic_detection__type_support.c\n'}
[0.369503] (semantic_msgs) StdoutLine: {'line': b'-- Up-to-date: /mnt/ssd/lsgloc_ws/install/semantic_msgs/lib/libsemantic_msgs__rosidl_typesupport_introspection_c.so\n'}
[0.369564] (semantic_msgs) StdoutLine: {'line': b'-- Up-to-date: /mnt/ssd/lsgloc_ws/install/semantic_msgs/lib/libsemantic_msgs__rosidl_typesupport_c.so\n'}
[0.369597] (semantic_msgs) StdoutLine: {'line': b'-- Up-to-date: /mnt/ssd/lsgloc_ws/install/semantic_msgs/include/semantic_msgs/semantic_msgs\n'}
[0.369644] (semantic_msgs) StdoutLine: {'line': b'-- Up-to-date: /mnt/ssd/lsgloc_ws/install/semantic_msgs/include/semantic_msgs/semantic_msgs/msg\n'}
[0.369677] (semantic_msgs) StdoutLine: {'line': b'-- Up-to-date: /mnt/ssd/lsgloc_ws/install/semantic_msgs/include/semantic_msgs/semantic_msgs/msg/detail\n'}
[0.369732] (semantic_msgs) StdoutLine: {'line': b'-- Up-to-date: /mnt/ssd/lsgloc_ws/install/semantic_msgs/include/semantic_msgs/semantic_msgs/msg/detail/semantic_detection_array__rosidl_typesupport_introspection_cpp.hpp\n'}
[0.369763] (semantic_msgs) StdoutLine: {'line': b'-- Up-to-date: /mnt/ssd/lsgloc_ws/install/semantic_msgs/include/semantic_msgs/semantic_msgs/msg/detail/semantic_detection__type_support.cpp\n'}
[0.369791] (semantic_msgs) StdoutLine: {'line': b'-- Up-to-date: /mnt/ssd/lsgloc_ws/install/semantic_msgs/include/semantic_msgs/semantic_msgs/msg/detail/semantic_detection_array__type_support.cpp\n'}
[0.369819] (semantic_msgs) StdoutLine: {'line': b'-- Up-to-date: /mnt/ssd/lsgloc_ws/install/semantic_msgs/include/semantic_msgs/semantic_msgs/msg/detail/semantic_detection__rosidl_typesupport_introspection_cpp.hpp\n'}
[0.369862] (semantic_msgs) StdoutLine: {'line': b'-- Up-to-date: /mnt/ssd/lsgloc_ws/install/semantic_msgs/lib/libsemantic_msgs__rosidl_typesupport_introspection_cpp.so\n'}
[0.370060] (semantic_msgs) StdoutLine: {'line': b'-- Up-to-date: /mnt/ssd/lsgloc_ws/install/semantic_msgs/lib/libsemantic_msgs__rosidl_typesupport_cpp.so\n'}
[0.370170] (semantic_msgs) StdoutLine: {'line': b'-- Up-to-date: /mnt/ssd/lsgloc_ws/install/semantic_msgs/share/semantic_msgs/environment/pythonpath.sh\n'}
[0.370233] (semantic_msgs) StdoutLine: {'line': b'-- Up-to-date: /mnt/ssd/lsgloc_ws/install/semantic_msgs/share/semantic_msgs/environment/pythonpath.dsv\n'}
[0.370265] (semantic_msgs) StdoutLine: {'line': b'-- Up-to-date: /mnt/ssd/lsgloc_ws/install/semantic_msgs/local/lib/python3.10/dist-packages/semantic_msgs-0.0.0-py3.10.egg-info\n'}
[0.370303] (semantic_msgs) StdoutLine: {'line': b'-- Installing: /mnt/ssd/lsgloc_ws/install/semantic_msgs/local/lib/python3.10/dist-packages/semantic_msgs-0.0.0-py3.10.egg-info/SOURCES.txt\n'}
[0.370380] (semantic_msgs) StdoutLine: {'line': b'-- Installing: /mnt/ssd/lsgloc_ws/install/semantic_msgs/local/lib/python3.10/dist-packages/semantic_msgs-0.0.0-py3.10.egg-info/top_level.txt\n'}
[0.370482] (semantic_msgs) StdoutLine: {'line': b'-- Installing: /mnt/ssd/lsgloc_ws/install/semantic_msgs/local/lib/python3.10/dist-packages/semantic_msgs-0.0.0-py3.10.egg-info/PKG-INFO\n'}
[0.370594] (semantic_msgs) StdoutLine: {'line': b'-- Installing: /mnt/ssd/lsgloc_ws/install/semantic_msgs/local/lib/python3.10/dist-packages/semantic_msgs-0.0.0-py3.10.egg-info/dependency_links.txt\n'}
[0.370714] (semantic_msgs) StdoutLine: {'line': b'-- Up-to-date: /mnt/ssd/lsgloc_ws/install/semantic_msgs/local/lib/python3.10/dist-packages/semantic_msgs\n'}
[0.370756] (semantic_msgs) StdoutLine: {'line': b'-- Up-to-date: /mnt/ssd/lsgloc_ws/install/semantic_msgs/local/lib/python3.10/dist-packages/semantic_msgs/libsemantic_msgs__rosidl_generator_py.so\n'}
[0.370792] (semantic_msgs) StdoutLine: {'line': b'-- Up-to-date: /mnt/ssd/lsgloc_ws/install/semantic_msgs/local/lib/python3.10/dist-packages/semantic_msgs/semantic_msgs_s__rosidl_typesupport_c.cpython-310-x86_64-linux-gnu.so\n'}
[0.370846] (semantic_msgs) StdoutLine: {'line': b'-- Up-to-date: /mnt/ssd/lsgloc_ws/install/semantic_msgs/local/lib/python3.10/dist-packages/semantic_msgs/_semantic_msgs_s.ep.rosidl_typesupport_introspection_c.c\n'}
[0.370890] (semantic_msgs) StdoutLine: {'line': b'-- Up-to-date: /mnt/ssd/lsgloc_ws/install/semantic_msgs/local/lib/python3.10/dist-packages/semantic_msgs/__init__.py\n'}
[0.370920] (semantic_msgs) StdoutLine: {'line': b'-- Up-to-date: /mnt/ssd/lsgloc_ws/install/semantic_msgs/local/lib/python3.10/dist-packages/semantic_msgs/msg\n'}
[0.370950] (semantic_msgs) StdoutLine: {'line': b'-- Up-to-date: /mnt/ssd/lsgloc_ws/install/semantic_msgs/local/lib/python3.10/dist-packages/semantic_msgs/msg/__init__.py\n'}
[0.370979] (semantic_msgs) StdoutLine: {'line': b'-- Up-to-date: /mnt/ssd/lsgloc_ws/install/semantic_msgs/local/lib/python3.10/dist-packages/semantic_msgs/msg/_semantic_detection.py\n'}
[0.371009] (semantic_msgs) StdoutLine: {'line': b'-- Up-to-date: /mnt/ssd/lsgloc_ws/install/semantic_msgs/local/lib/python3.10/dist-packages/semantic_msgs/msg/_semantic_detection_s.c\n'}
[0.371060] (semantic_msgs) StdoutLine: {'line': b'-- Up-to-date: /mnt/ssd/lsgloc_ws/install/semantic_msgs/local/lib/python3.10/dist-packages/semantic_msgs/msg/_semantic_detection_array_s.c\n'}
[0.371089] (semantic_msgs) StdoutLine: {'line': b'-- Up-to-date: /mnt/ssd/lsgloc_ws/install/semantic_msgs/local/lib/python3.10/dist-packages/semantic_msgs/msg/_semantic_detection_array.py\n'}
[0.371116] (semantic_msgs) StdoutLine: {'line': b'-- Up-to-date: /mnt/ssd/lsgloc_ws/install/semantic_msgs/local/lib/python3.10/dist-packages/semantic_msgs/_semantic_msgs_s.ep.rosidl_typesupport_fastrtps_c.c\n'}
[0.371143] (semantic_msgs) StdoutLine: {'line': b'-- Up-to-date: /mnt/ssd/lsgloc_ws/install/semantic_msgs/local/lib/python3.10/dist-packages/semantic_msgs/_semantic_msgs_s.ep.rosidl_typesupport_c.c\n'}
[0.371170] (semantic_msgs) StdoutLine: {'line': b'-- Up-to-date: /mnt/ssd/lsgloc_ws/install/semantic_msgs/local/lib/python3.10/dist-packages/semantic_msgs/semantic_msgs_s__rosidl_typesupport_fastrtps_c.cpython-310-x86_64-linux-gnu.so\n'}
[0.371206] (semantic_msgs) StdoutLine: {'line': b'-- Up-to-date: /mnt/ssd/lsgloc_ws/install/semantic_msgs/local/lib/python3.10/dist-packages/semantic_msgs/semantic_msgs_s__rosidl_typesupport_introspection_c.cpython-310-x86_64-linux-gnu.so\n'}
[0.390840] (semantic_msgs) StdoutLine: {'line': b"Listing '/mnt/ssd/lsgloc_ws/install/semantic_msgs/local/lib/python3.10/dist-packages/semantic_msgs'...\n"}
[0.390924] (semantic_msgs) StdoutLine: {'line': b"Listing '/mnt/ssd/lsgloc_ws/install/semantic_msgs/local/lib/python3.10/dist-packages/semantic_msgs/msg'...\n"}
[0.393405] (semantic_msgs) StdoutLine: {'line': b'-- Up-to-date: /mnt/ssd/lsgloc_ws/install/semantic_msgs/local/lib/python3.10/dist-packages/semantic_msgs/semantic_msgs_s__rosidl_typesupport_fastrtps_c.cpython-310-x86_64-linux-gnu.so\n'}
[0.393588] (semantic_msgs) StdoutLine: {'line': b'-- Up-to-date: /mnt/ssd/lsgloc_ws/install/semantic_msgs/local/lib/python3.10/dist-packages/semantic_msgs/semantic_msgs_s__rosidl_typesupport_introspection_c.cpython-310-x86_64-linux-gnu.so\n'}
[0.393765] (semantic_msgs) StdoutLine: {'line': b'-- Up-to-date: /mnt/ssd/lsgloc_ws/install/semantic_msgs/local/lib/python3.10/dist-packages/semantic_msgs/semantic_msgs_s__rosidl_typesupport_c.cpython-310-x86_64-linux-gnu.so\n'}
[0.393946] (semantic_msgs) StdoutLine: {'line': b'-- Up-to-date: /mnt/ssd/lsgloc_ws/install/semantic_msgs/lib/libsemantic_msgs__rosidl_generator_py.so\n'}
[0.394066] (semantic_msgs) StdoutLine: {'line': b'-- Up-to-date: /mnt/ssd/lsgloc_ws/install/semantic_msgs/share/semantic_msgs/msg/SemanticDetection.idl\n'}
[0.394119] (semantic_msgs) StdoutLine: {'line': b'-- Up-to-date: /mnt/ssd/lsgloc_ws/install/semantic_msgs/share/semantic_msgs/msg/SemanticDetectionArray.idl\n'}
[0.394155] (semantic_msgs) StdoutLine: {'line': b'-- Up-to-date: /mnt/ssd/lsgloc_ws/install/semantic_msgs/share/semantic_msgs/msg/SemanticDetection.msg\n'}
[0.394207] (semantic_msgs) StdoutLine: {'line': b'-- Up-to-date: /mnt/ssd/lsgloc_ws/install/semantic_msgs/share/semantic_msgs/msg/SemanticDetectionArray.msg\n'}
[0.394248] (semantic_msgs) StdoutLine: {'line': b'-- Up-to-date: /mnt/ssd/lsgloc_ws/install/semantic_msgs/share/ament_index/resource_index/package_run_dependencies/semantic_msgs\n'}
[0.394287] (semantic_msgs) StdoutLine: {'line': b'-- Up-to-date: /mnt/ssd/lsgloc_ws/install/semantic_msgs/share/ament_index/resource_index/parent_prefix_path/semantic_msgs\n'}
[0.394320] (semantic_msgs) StdoutLine: {'line': b'-- Up-to-date: /mnt/ssd/lsgloc_ws/install/semantic_msgs/share/semantic_msgs/environment/ament_prefix_path.sh\n'}
[0.394380] (semantic_msgs) StdoutLine: {'line': b'-- Up-to-date: /mnt/ssd/lsgloc_ws/install/semantic_msgs/share/semantic_msgs/environment/ament_prefix_path.dsv\n'}
[0.394414] (semantic_msgs) StdoutLine: {'line': b'-- Up-to-date: /mnt/ssd/lsgloc_ws/install/semantic_msgs/share/semantic_msgs/environment/path.sh\n'}
[0.394445] (semantic_msgs) StdoutLine: {'line': b'-- Up-to-date: /mnt/ssd/lsgloc_ws/install/semantic_msgs/share/semantic_msgs/environment/path.dsv\n'}
[0.394475] (semantic_msgs) StdoutLine: {'line': b'-- Up-to-date: /mnt/ssd/lsgloc_ws/install/semantic_msgs/share/semantic_msgs/local_setup.bash\n'}
[0.394504] (semantic_msgs) StdoutLine: {'line': b'-- Up-to-date: /mnt/ssd/lsgloc_ws/install/semantic_msgs/share/semantic_msgs/local_setup.sh\n'}
[0.394538] (semantic_msgs) StdoutLine: {'line': b'-- Up-to-date: /mnt/ssd/lsgloc_ws/install/semantic_msgs/share/semantic_msgs/local_setup.zsh\n'}
[0.394579] (semantic_msgs) StdoutLine: {'line': b'-- Up-to-date: /mnt/ssd/lsgloc_ws/install/semantic_msgs/share/semantic_msgs/local_setup.dsv\n'}
[0.394609] (semantic_msgs) StdoutLine: {'line': b'-- Installing: /mnt/ssd/lsgloc_ws/install/semantic_msgs/share/semantic_msgs/package.dsv\n'}
[0.394654] (semantic_msgs) StdoutLine: {'line': b'-- Up-to-date: /mnt/ssd/lsgloc_ws/install/semantic_msgs/share/ament_index/resource_index/packages/semantic_msgs\n'}
[0.394691] (semantic_msgs) StdoutLine: {'line': b'-- Up-to-date: /mnt/ssd/lsgloc_ws/install/semantic_msgs/share/semantic_msgs/cmake/export_semantic_msgs__rosidl_generator_cExport.cmake\n'}
[0.394720] (semantic_msgs) StdoutLine: {'line': b'-- Up-to-date: /mnt/ssd/lsgloc_ws/install/semantic_msgs/share/semantic_msgs/cmake/export_semantic_msgs__rosidl_generator_cExport-noconfig.cmake\n'}
[0.394769] (semantic_msgs) StdoutLine: {'line': b'-- Up-to-date: /mnt/ssd/lsgloc_ws/install/semantic_msgs/share/semantic_msgs/cmake/export_semantic_msgs__rosidl_typesupport_fastrtps_cExport.cmake\n'}
[0.394797] (semantic_msgs) StdoutLine: {'line': b'-- Up-to-date: /mnt/ssd/lsgloc_ws/install/semantic_msgs/share/semantic_msgs/cmake/export_semantic_msgs__rosidl_typesupport_fastrtps_cExport-noconfig.cmake\n'}
[0.394843] (semantic_msgs) StdoutLine: {'line': b'-- Up-to-date: /mnt/ssd/lsgloc_ws/install/semantic_msgs/share/semantic_msgs/cmake/export_semantic_msgs__rosidl_generator_cppExport.cmake\n'}
[0.394884] (semantic_msgs) StdoutLine: {'line': b'-- Up-to-date: /mnt/ssd/lsgloc_ws/install/semantic_msgs/share/semantic_msgs/cmake/export_semantic_msgs__rosidl_typesupport_fastrtps_cppExport.cmake\n'}
[0.394927] (semantic_msgs) StdoutLine: {'line': b'-- Up-to-date: /mnt/ssd/lsgloc_ws/install/semantic_msgs/share/semantic_msgs/cmake/export_semantic_msgs__rosidl_typesupport_fastrtps_cppExport-noconfig.cmake\n'}
[0.394971] (semantic_msgs) StdoutLine: {'line': b'-- Up-to-date: /mnt/ssd/lsgloc_ws/install/semantic_msgs/share/semantic_msgs/cmake/semantic_msgs__rosidl_typesupport_introspection_cExport.cmake\n'}
[0.395011] (semantic_msgs) StdoutLine: {'line': b'-- Up-to-date: /mnt/ssd/lsgloc_ws/install/semantic_msgs/share/semantic_msgs/cmake/semantic_msgs__rosidl_typesupport_introspection_cExport-noconfig.cmake\n'}
[0.395053] (semantic_msgs) StdoutLine: {'line': b'-- Up-to-date: /mnt/ssd/lsgloc_ws/install/semantic_msgs/share/semantic_msgs/cmake/semantic_msgs__rosidl_typesupport_cExport.cmake\n'}
[0.395094] (semantic_msgs) StdoutLine: {'line': b'-- Up-to-date: /mnt/ssd/lsgloc_ws/install/semantic_msgs/share/semantic_msgs/cmake/semantic_msgs__rosidl_typesupport_cExport-noconfig.cmake\n'}
[0.395140] (semantic_msgs) StdoutLine: {'line': b'-- Up-to-date: /mnt/ssd/lsgloc_ws/install/semantic_msgs/share/semantic_msgs/cmake/semantic_msgs__rosidl_typesupport_introspection_cppExport.cmake\n'}
[0.395168] (semantic_msgs) StdoutLine: {'line': b'-- Up-to-date: /mnt/ssd/lsgloc_ws/install/semantic_msgs/share/semantic_msgs/cmake/semantic_msgs__rosidl_typesupport_introspection_cppExport-noconfig.cmake\n'}
[0.395205] (semantic_msgs) StdoutLine: {'line': b'-- Up-to-date: /mnt/ssd/lsgloc_ws/install/semantic_msgs/share/semantic_msgs/cmake/semantic_msgs__rosidl_typesupport_cppExport.cmake\n'}
[0.395238] (semantic_msgs) StdoutLine: {'line': b'-- Up-to-date: /mnt/ssd/lsgloc_ws/install/semantic_msgs/share/semantic_msgs/cmake/semantic_msgs__rosidl_typesupport_cppExport-noconfig.cmake\n'}
[0.395278] (semantic_msgs) StdoutLine: {'line': b'-- Up-to-date: /mnt/ssd/lsgloc_ws/install/semantic_msgs/share/semantic_msgs/cmake/export_semantic_msgs__rosidl_generator_pyExport.cmake\n'}
[0.395324] (semantic_msgs) StdoutLine: {'line': b'-- Up-to-date: /mnt/ssd/lsgloc_ws/install/semantic_msgs/share/semantic_msgs/cmake/export_semantic_msgs__rosidl_generator_pyExport-noconfig.cmake\n'}
[0.395371] (semantic_msgs) StdoutLine: {'line': b'-- Up-to-date: /mnt/ssd/lsgloc_ws/install/semantic_msgs/share/semantic_msgs/cmake/rosidl_cmake-extras.cmake\n'}
[0.395409] (semantic_msgs) StdoutLine: {'line': b'-- Up-to-date: /mnt/ssd/lsgloc_ws/install/semantic_msgs/share/semantic_msgs/cmake/ament_cmake_export_dependencies-extras.cmake\n'}
[0.395440] (semantic_msgs) StdoutLine: {'line': b'-- Up-to-date: /mnt/ssd/lsgloc_ws/install/semantic_msgs/share/semantic_msgs/cmake/ament_cmake_export_include_directories-extras.cmake\n'}
[0.395489] (semantic_msgs) StdoutLine: {'line': b'-- Up-to-date: /mnt/ssd/lsgloc_ws/install/semantic_msgs/share/semantic_msgs/cmake/ament_cmake_export_libraries-extras.cmake\n'}
[0.395519] (semantic_msgs) StdoutLine: {'line': b'-- Up-to-date: /mnt/ssd/lsgloc_ws/install/semantic_msgs/share/semantic_msgs/cmake/ament_cmake_export_targets-extras.cmake\n'}
[0.395562] (semantic_msgs) StdoutLine: {'line': b'-- Up-to-date: /mnt/ssd/lsgloc_ws/install/semantic_msgs/share/semantic_msgs/cmake/rosidl_cmake_export_typesupport_targets-extras.cmake\n'}
[0.395592] (semantic_msgs) StdoutLine: {'line': b'-- Up-to-date: /mnt/ssd/lsgloc_ws/install/semantic_msgs/share/semantic_msgs/cmake/rosidl_cmake_export_typesupport_libraries-extras.cmake\n'}
[0.395621] (semantic_msgs) StdoutLine: {'line': b'-- Up-to-date: /mnt/ssd/lsgloc_ws/install/semantic_msgs/share/semantic_msgs/cmake/semantic_msgsConfig.cmake\n'}
[0.395659] (semantic_msgs) StdoutLine: {'line': b'-- Up-to-date: /mnt/ssd/lsgloc_ws/install/semantic_msgs/share/semantic_msgs/cmake/semantic_msgsConfig-version.cmake\n'}
[0.395685] (semantic_msgs) StdoutLine: {'line': b'-- Up-to-date: /mnt/ssd/lsgloc_ws/install/semantic_msgs/share/semantic_msgs/package.xml\n'}
[0.396837] (semantic_msgs) CommandEnded: {'returncode': 0}
[0.400232] (-) TimerEvent: {}
[0.406071] (semantic_msgs) JobEnded: {'identifier': 'semantic_msgs', 'rc': 0}
[0.406585] (obj_detection) JobStarted: {'identifier': 'obj_detection'}
[0.409087] (semantic_mcl) JobStarted: {'identifier': 'semantic_mcl'}
[0.500308] (-) TimerEvent: {}
[0.600512] (-) TimerEvent: {}
[0.624882] (semantic_mcl) JobProgress: {'identifier': 'semantic_mcl', 'progress': 'cmake'}
[0.625195] (semantic_mcl) JobProgress: {'identifier': 'semantic_mcl', 'progress': 'build'}
[0.625654] (semantic_mcl) Command: {'cmd': ['/usr/bin/cmake', '--build', '/mnt/ssd/lsgloc_ws/build/semantic_mcl', '--', '-j16', '-l16'], 'cwd': '/mnt/ssd/lsgloc_ws/build/semantic_mcl', 'env': OrderedDict([('GJS_DEBUG_TOPICS', 'JS ERROR;JS LOG'), ('PYTHON_BASIC_REPL', '1'), ('LESSOPEN', '| /usr/bin/lesspipe %s'), ('LANGUAGE', 'en_SG:en'), ('USER', 'sensethreat'), ('XDG_SESSION_TYPE', 'x11'), ('GIT_ASKPASS', '/usr/share/code/resources/app/extensions/git/dist/askpass.sh'), ('SHLVL', '1'), ('LD_LIBRARY_PATH', '/mnt/ssd/lsgloc_ws/install/semantic_msgs/lib:/usr/local/cuda/lib64:/usr/lib/x86_64-linux-gnu/gazebo-11/plugins:/opt/ros/humble/opt/rviz_ogre_vendor/lib:/opt/ros/humble/lib/x86_64-linux-gnu:/opt/ros/humble/lib:/usr/local/cuda/lib64'), ('HOME', '/home/sensethreat'), ('CHROME_DESKTOP', 'code.desktop'), ('CONDA_SHLVL', '0'), ('TERM_PROGRAM_VERSION', '1.108.2'), ('DESKTOP_SESSION', 'ubuntu'), ('NVM_BIN', '/home/sensethreat/.nvm/versions/node/v20.20.1/bin'), ('NVM_INC', '/home/sensethreat/.nvm/versions/node/v20.20.1/include/node'), ('GIO_LAUNCHED_DESKTOP_FILE', '/usr/share/applications/code.desktop'), ('ROS_PYTHON_VERSION', '3'), ('GNOME_SHELL_SESSION_MODE', 'ubuntu'), ('GTK_MODULES', 'gail:atk-bridge'), ('VSCODE_GIT_ASKPASS_MAIN', '/usr/share/code/resources/app/extensions/git/dist/askpass-main.js'), ('VSCODE_GIT_ASKPASS_NODE', '/usr/share/code/code'), ('MANAGERPID', '4235'), ('PYDEVD_DISABLE_FILE_VALIDATION', '1'), ('SYSTEMD_EXEC_PID', '4526'), ('BUNDLED_DEBUGPY_PATH', '/home/sensethreat/.vscode/extensions/ms-python.debugpy-2025.18.0-linux-x64/bundled/libs/debugpy'), ('VSCODE_PYTHON_AUTOACTIVATE_GUARD', '1'), ('DBUS_SESSION_BUS_ADDRESS', 'unix:path=/run/user/1000/bus'), ('COLORTERM', 'truecolor'), ('_CE_M', ''), ('GIO_LAUNCHED_DESKTOP_FILE_PID', '1699102'), ('NVM_DIR', '/home/sensethreat/.nvm'), ('ROS_DISTRO', 'humble'), ('GTK_IM_MODULE', 'ibus'), ('LOGNAME', 'sensethreat'), ('JOURNAL_STREAM', '8:25865'), ('_', '/usr/bin/colcon'), ('ROS_VERSION', '2'), ('CLAUDE_CODE_SSE_PORT', '13146'), ('XDG_SESSION_CLASS', 'user'), ('GEMINI_CLI_IDE_WORKSPACE_PATH', '/mnt/ssd/lsgloc_ws'), ('USERNAME', 'sensethreat'), ('TERM', 'xterm-256color'), ('GNOME_DESKTOP_SESSION_ID', 'this-is-deprecated'), ('_CE_CONDA', ''), ('FC_FONTATIONS', '1'), ('ROS_LOCALHOST_ONLY', '0'), ('GEMINI_CLI_IDE_SERVER_PORT', '37737'), ('WINDOWPATH', '2'), ('PATH', '/usr/local/cuda/bin:/home/sensethreat/.config/Code/User/globalStorage/github.copilot-chat/debugCommand:/home/sensethreat/.config/Code/User/globalStorage/github.copilot-chat/copilotCli:/home/sensethreat/.local/bin:/home/sensethreat/.nvm/versions/node/v20.20.1/bin:/opt/ros/humble/bin:/home/sensethreat/anaconda3/condabin:/usr/local/cuda/bin:/home/sensethreat/.local/bin:/usr/local/sbin:/usr/local/bin:/usr/sbin:/usr/bin:/sbin:/bin:/usr/games:/usr/local/games:/snap/bin:/snap/bin:/home/sensethreat/.vscode/extensions/ms-python.debugpy-2025.18.0-linux-x64/bundled/scripts/noConfigScripts'), ('SESSION_MANAGER', 'local/gr00t-4090:@/tmp/.ICE-unix/4476,unix/gr00t-4090:/tmp/.ICE-unix/4476'), ('INVOCATION_ID', '2f188857ecf04eb188026dc287baa7cc'), ('XDG_MENU_PREFIX', 'gnome-'), ('XDG_RUNTIME_DIR', '/run/user/1000'), ('GDK_BACKEND', 'x11'), ('DISPLAY', ':1'), ('VSCODE_DEBUGPY_ADAPTER_ENDPOINTS', '/home/sensethreat/.vscode/extensions/ms-python.debugpy-2025.18.0-linux-x64/.noConfigDebugAdapterEndpoints/endpoint-9686078bbb06aef1.txt'), ('LANG', 'en_US.UTF-8'), ('XDG_CURRENT_DESKTOP', 'ubuntu:GNOME'), ('PYTHONSTARTUP', '/home/sensethreat/.config/Code/User/workspaceStorage/a1ba31dbdeff2a34003cc17b1390a45e/ms-python.python/pythonrc.py'), ('XMODIFIERS', '@im=ibus'), ('XDG_SESSION_DESKTOP', 'ubuntu'), ('XAUTHORITY', '/run/user/1000/gdm/Xauthority'), ('LS_COLORS', 'rs=0:di=01;34:ln=01;36:mh=00:pi=40;33:so=01;35:do=01;35:bd=40;33;01:cd=40;33;01:or=40;31;01:mi=00:su=37;41:sg=30;43:ca=30;41:tw=30;42:ow=34;42:st=37;44:ex=01;32:*.tar=01;31:*.tgz=01;31:*.arc=01;31:*.arj=01;31:*.taz=01;31:*.lha=01;31:*.lz4=01;31:*.lzh=01;31:*.lzma=01;31:*.tlz=01;31:*.txz=01;31:*.tzo=01;31:*.t7z=01;31:*.zip=01;31:*.z=01;31:*.dz=01;31:*.gz=01;31:*.lrz=01;31:*.lz=01;31:*.lzo=01;31:*.xz=01;31:*.zst=01;31:*.tzst=01;31:*.bz2=01;31:*.bz=01;31:*.tbz=01;31:*.tbz2=01;31:*.tz=01;31:*.deb=01;31:*.rpm=01;31:*.jar=01;31:*.war=01;31:*.ear=01;31:*.sar=01;31:*.rar=01;31:*.alz=01;31:*.ace=01;31:*.zoo=01;31:*.cpio=01;31:*.7z=01;31:*.rz=01;31:*.cab=01;31:*.wim=01;31:*.swm=01;31:*.dwm=01;31:*.esd=01;31:*.jpg=01;35:*.jpeg=01;35:*.mjpg=01;35:*.mjpeg=01;35:*.gif=01;35:*.bmp=01;35:*.pbm=01;35:*.pgm=01;35:*.ppm=01;35:*.tga=01;35:*.xbm=01;35:*.xpm=01;35:*.tif=01;35:*.tiff=01;35:*.png=01;35:*.svg=01;35:*.svgz=01;35:*.mng=01;35:*.pcx=01;35:*.mov=01;35:*.mpg=01;35:*.mpeg=01;35:*.m2v=01;35:*.mkv=01;35:*.webm=01;35:*.webp=01;35:*.ogm=01;35:*.mp4=01;35:*.m4v=01;35:*.mp4v=01;35:*.vob=01;35:*.qt=01;35:*.nuv=01;35:*.wmv=01;35:*.asf=01;35:*.rm=01;35:*.rmvb=01;35:*.flc=01;35:*.avi=01;35:*.fli=01;35:*.flv=01;35:*.gl=01;35:*.dl=01;35:*.xcf=01;35:*.xwd=01;35:*.yuv=01;35:*.cgm=01;35:*.emf=01;35:*.ogv=01;35:*.ogx=01;35:*.aac=00;36:*.au=00;36:*.flac=00;36:*.m4a=00;36:*.mid=00;36:*.midi=00;36:*.mka=00;36:*.mp3=00;36:*.mpc=00;36:*.ogg=00;36:*.ra=00;36:*.wav=00;36:*.oga=00;36:*.opus=00;36:*.spx=00;36:*.xspf=00;36:'), ('VSCODE_GIT_IPC_HANDLE', '/run/user/1000/vscode-git-e747b80a0c.sock'), ('TERM_PROGRAM', 'vscode'), ('SSH_AGENT_LAUNCHER', 'gnome-keyring'), ('SSH_AUTH_SOCK', '/run/user/1000/keyring/ssh'), ('ROS_DOMAIN_ID', '42'), ('AMENT_PREFIX_PATH', '/mnt/ssd/lsgloc_ws/install/semantic_msgs:/opt/ros/humble'), ('CONDA_PYTHON_EXE', '/home/sensethreat/anaconda3/bin/python'), ('SHELL', '/bin/bash'), ('QT_ACCESSIBILITY', '1'), ('GDMSESSION', 'ubuntu'), ('LESSCLOSE', '/usr/bin/lesspipe %s %s'), ('GPG_AGENT_INFO', '/run/user/1000/gnupg/S.gpg-agent:0:1'), ('GJS_DEBUG_OUTPUT', 'stderr'), ('VSCODE_GIT_ASKPASS_EXTRA_ARGS', ''), ('QT_IM_MODULE', 'ibus'), ('GEMINI_CLI_IDE_AUTH_TOKEN', '26413f97-634b-4051-b3bb-35b322666b9d'), ('PWD', '/mnt/ssd/lsgloc_ws/build/semantic_mcl'), ('TURTLEBOT3_MODEL', 'waffle'), ('LC_ALL', 'en_US.UTF-8'), ('XDG_CONFIG_DIRS', '/etc/xdg/xdg-ubuntu:/etc/xdg'), ('CONDA_EXE', '/home/sensethreat/anaconda3/bin/conda'), ('NVM_CD_FLAGS', ''), ('XDG_DATA_DIRS', '/usr/share/ubuntu:/usr/share/gnome:/usr/local/share/:/usr/share/:/var/lib/snapd/desktop'), ('LDS_MODEL', 'LDS-01'), ('PYTHONPATH', '/mnt/ssd/lsgloc_ws/install/semantic_msgs/local/lib/python3.10/dist-packages:/opt/ros/humble/lib/python3.10/site-packages:/opt/ros/humble/local/lib/python3.10/dist-packages'), ('COLCON', '1'), ('CMAKE_PREFIX_PATH', '/mnt/ssd/lsgloc_ws/install/semantic_msgs:/opt/ros/humble')]), 'shell': False}
[0.648077] (test_semantic_mcl) Command: {'cmd': ['/usr/bin/python3', '-W', 'ignore:setup.py install is deprecated', '-W', 'ignore:easy_install command is deprecated', 'setup.py', 'egg_info', '--egg-base', '../../build/test_semantic_mcl', 'build', '--build-base', '/mnt/ssd/lsgloc_ws/build/test_semantic_mcl/build', 'install', '--record', '/mnt/ssd/lsgloc_ws/build/test_semantic_mcl/install.log', '--single-version-externally-managed', 'install_data'], 'cwd': '/mnt/ssd/lsgloc_ws/src/test_semantic_mcl', 'env': {'GJS_DEBUG_TOPICS': 'JS ERROR;JS LOG', 'PYTHON_BASIC_REPL': '1', 'LESSOPEN': '| /usr/bin/lesspipe %s', 'LANGUAGE': 'en_SG:en', 'USER': 'sensethreat', 'XDG_SESSION_TYPE': 'x11', 'GIT_ASKPASS': '/usr/share/code/resources/app/extensions/git/dist/askpass.sh', 'SHLVL': '1', 'LD_LIBRARY_PATH': '/usr/local/cuda/lib64:/usr/lib/x86_64-linux-gnu/gazebo-11/plugins:/opt/ros/humble/opt/rviz_ogre_vendor/lib:/opt/ros/humble/lib/x86_64-linux-gnu:/opt/ros/humble/lib:/usr/local/cuda/lib64:', 'HOME': '/home/sensethreat', 'CHROME_DESKTOP': 'code.desktop', 'CONDA_SHLVL': '0', 'TERM_PROGRAM_VERSION': '1.108.2', 'DESKTOP_SESSION': 'ubuntu', 'NVM_BIN': '/home/sensethreat/.nvm/versions/node/v20.20.1/bin', 'NVM_INC': '/home/sensethreat/.nvm/versions/node/v20.20.1/include/node', 'GIO_LAUNCHED_DESKTOP_FILE': '/usr/share/applications/code.desktop', 'ROS_PYTHON_VERSION': '3', 'GNOME_SHELL_SESSION_MODE': 'ubuntu', 'GTK_MODULES': 'gail:atk-bridge', 'VSCODE_GIT_ASKPASS_MAIN': '/usr/share/code/resources/app/extensions/git/dist/askpass-main.js', 'VSCODE_GIT_ASKPASS_NODE': '/usr/share/code/code', 'MANAGERPID': '4235', 'PYDEVD_DISABLE_FILE_VALIDATION': '1', 'SYSTEMD_EXEC_PID': '4526', 'BUNDLED_DEBUGPY_PATH': '/home/sensethreat/.vscode/extensions/ms-python.debugpy-2025.18.0-linux-x64/bundled/libs/debugpy', 'VSCODE_PYTHON_AUTOACTIVATE_GUARD': '1', 'DBUS_SESSION_BUS_ADDRESS': 'unix:path=/run/user/1000/bus', 'COLORTERM': 'truecolor', '_CE_M': '', 'GIO_LAUNCHED_DESKTOP_FILE_PID': '1699102', 'NVM_DIR': '/home/sensethreat/.nvm', 'ROS_DISTRO': 'humble', 'GTK_IM_MODULE': 'ibus', 'LOGNAME': 'sensethreat', 'JOURNAL_STREAM': '8:25865', '_': '/usr/bin/colcon', 'ROS_VERSION': '2', 'CLAUDE_CODE_SSE_PORT': '13146', 'XDG_SESSION_CLASS': 'user', 'GEMINI_CLI_IDE_WORKSPACE_PATH': '/mnt/ssd/lsgloc_ws', 'USERNAME': 'sensethreat', 'TERM': 'xterm-256color', 'GNOME_DESKTOP_SESSION_ID': 'this-is-deprecated', '_CE_CONDA': '', 'FC_FONTATIONS': '1', 'ROS_LOCALHOST_ONLY': '0', 'GEMINI_CLI_IDE_SERVER_PORT': '37737', 'WINDOWPATH': '2', 'PATH': '/usr/local/cuda/bin:/home/sensethreat/.config/Code/User/globalStorage/github.copilot-chat/debugCommand:/home/sensethreat/.config/Code/User/globalStorage/github.copilot-chat/copilotCli:/home/sensethreat/.local/bin:/home/sensethreat/.nvm/versions/node/v20.20.1/bin:/opt/ros/humble/bin:/home/sensethreat/anaconda3/condabin:/usr/local/cuda/bin:/home/sensethreat/.local/bin:/usr/local/sbin:/usr/local/bin:/usr/sbin:/usr/bin:/sbin:/bin:/usr/games:/usr/local/games:/snap/bin:/snap/bin:/home/sensethreat/.vscode/extensions/ms-python.debugpy-2025.18.0-linux-x64/bundled/scripts/noConfigScripts', 'SESSION_MANAGER': 'local/gr00t-4090:@/tmp/.ICE-unix/4476,unix/gr00t-4090:/tmp/.ICE-unix/4476', 'INVOCATION_ID': '2f188857ecf04eb188026dc287baa7cc', 'XDG_MENU_PREFIX': 'gnome-', 'XDG_RUNTIME_DIR': '/run/user/1000', 'GDK_BACKEND': 'x11', 'DISPLAY': ':1', 'VSCODE_DEBUGPY_ADAPTER_ENDPOINTS': '/home/sensethreat/.vscode/extensions/ms-python.debugpy-2025.18.0-linux-x64/.noConfigDebugAdapterEndpoints/endpoint-9686078bbb06aef1.txt', 'LANG': 'en_US.UTF-8', 'XDG_CURRENT_DESKTOP': 'ubuntu:GNOME', 'PYTHONSTARTUP': '/home/sensethreat/.config/Code/User/workspaceStorage/a1ba31dbdeff2a34003cc17b1390a45e/ms-python.python/pythonrc.py', 'XMODIFIERS': '@im=ibus', 'XDG_SESSION_DESKTOP': 'ubuntu', 'XAUTHORITY': '/run/user/1000/gdm/Xauthority', 'LS_COLORS': 'rs=0:di=01;34:ln=01;36:mh=00:pi=40;33:so=01;35:do=01;35:bd=40;33;01:cd=40;33;01:or=40;31;01:mi=00:su=37;41:sg=30;43:ca=30;41:tw=30;42:ow=34;42:st=37;44:ex=01;32:*.tar=01;31:*.tgz=01;31:*.arc=01;31:*.arj=01;31:*.taz=01;31:*.lha=01;31:*.lz4=01;31:*.lzh=01;31:*.lzma=01;31:*.tlz=01;31:*.txz=01;31:*.tzo=01;31:*.t7z=01;31:*.zip=01;31:*.z=01;31:*.dz=01;31:*.gz=01;31:*.lrz=01;31:*.lz=01;31:*.lzo=01;31:*.xz=01;31:*.zst=01;31:*.tzst=01;31:*.bz2=01;31:*.bz=01;31:*.tbz=01;31:*.tbz2=01;31:*.tz=01;31:*.deb=01;31:*.rpm=01;31:*.jar=01;31:*.war=01;31:*.ear=01;31:*.sar=01;31:*.rar=01;31:*.alz=01;31:*.ace=01;31:*.zoo=01;31:*.cpio=01;31:*.7z=01;31:*.rz=01;31:*.cab=01;31:*.wim=01;31:*.swm=01;31:*.dwm=01;31:*.esd=01;31:*.jpg=01;35:*.jpeg=01;35:*.mjpg=01;35:*.mjpeg=01;35:*.gif=01;35:*.bmp=01;35:*.pbm=01;35:*.pgm=01;35:*.ppm=01;35:*.tga=01;35:*.xbm=01;35:*.xpm=01;35:*.tif=01;35:*.tiff=01;35:*.png=01;35:*.svg=01;35:*.svgz=01;35:*.mng=01;35:*.pcx=01;35:*.mov=01;35:*.mpg=01;35:*.mpeg=01;35:*.m2v=01;35:*.mkv=01;35:*.webm=01;35:*.webp=01;35:*.ogm=01;35:*.mp4=01;35:*.m4v=01;35:*.mp4v=01;35:*.vob=01;35:*.qt=01;35:*.nuv=01;35:*.wmv=01;35:*.asf=01;35:*.rm=01;35:*.rmvb=01;35:*.flc=01;35:*.avi=01;35:*.fli=01;35:*.flv=01;35:*.gl=01;35:*.dl=01;35:*.xcf=01;35:*.xwd=01;35:*.yuv=01;35:*.cgm=01;35:*.emf=01;35:*.ogv=01;35:*.ogx=01;35:*.aac=00;36:*.au=00;36:*.flac=00;36:*.m4a=00;36:*.mid=00;36:*.midi=00;36:*.mka=00;36:*.mp3=00;36:*.mpc=00;36:*.ogg=00;36:*.ra=00;36:*.wav=00;36:*.oga=00;36:*.opus=00;36:*.spx=00;36:*.xspf=00;36:', 'VSCODE_GIT_IPC_HANDLE': '/run/user/1000/vscode-git-e747b80a0c.sock', 'TERM_PROGRAM': 'vscode', 'SSH_AGENT_LAUNCHER': 'gnome-keyring', 'SSH_AUTH_SOCK': '/run/user/1000/keyring/ssh', 'ROS_DOMAIN_ID': '42', 'AMENT_PREFIX_PATH': '/opt/ros/humble', 'CONDA_PYTHON_EXE': '/home/sensethreat/anaconda3/bin/python', 'SHELL': '/bin/bash', 'QT_ACCESSIBILITY': '1', 'GDMSESSION': 'ubuntu', 'LESSCLOSE': '/usr/bin/lesspipe %s %s', 'GPG_AGENT_INFO': '/run/user/1000/gnupg/S.gpg-agent:0:1', 'GJS_DEBUG_OUTPUT': 'stderr', 'VSCODE_GIT_ASKPASS_EXTRA_ARGS': '', 'QT_IM_MODULE': 'ibus', 'GEMINI_CLI_IDE_AUTH_TOKEN': '26413f97-634b-4051-b3bb-35b322666b9d', 'PWD': '/mnt/ssd/lsgloc_ws/build/test_semantic_mcl', 'TURTLEBOT3_MODEL': 'waffle', 'LC_ALL': 'en_US.UTF-8', 'XDG_CONFIG_DIRS': '/etc/xdg/xdg-ubuntu:/etc/xdg', 'CONDA_EXE': '/home/sensethreat/anaconda3/bin/conda', 'NVM_CD_FLAGS': '', 'XDG_DATA_DIRS': '/usr/share/ubuntu:/usr/share/gnome:/usr/local/share/:/usr/share/:/var/lib/snapd/desktop', 'LDS_MODEL': 'LDS-01', 'PYTHONPATH': '/mnt/ssd/lsgloc_ws/build/test_semantic_mcl/prefix_override:/usr/lib/python3/dist-packages/colcon_core/task/python/colcon_distutils_commands:/mnt/ssd/lsgloc_ws/install/test_semantic_mcl/lib/python3.10/site-packages:/opt/ros/humble/lib/python3.10/site-packages:/opt/ros/humble/local/lib/python3.10/dist-packages', 'COLCON': '1'}, 'shell': False}
[0.660159] (semantic_mcl) StdoutLine: {'line': b'[ 15%] Built target gtest_main\n'}
[0.660429] (semantic_mcl) StdoutLine: {'line': b'[ 30%] Built target gtest\n'}
[0.660626] (semantic_mcl) StdoutLine: {'line': b'[ 69%] Built target semantic_mcl_core\n'}
[0.674860] (semantic_mcl) StdoutLine: {'line': b'[ 84%] Built target test_semantic_mcl\n'}
[0.676419] (semantic_mcl) StdoutLine: {'line': b'[100%] Built target semantic_mcl_node_exec\n'}
[0.683768] (semantic_mcl) CommandEnded: {'returncode': 0}
[0.684180] (semantic_mcl) JobProgress: {'identifier': 'semantic_mcl', 'progress': 'install'}
[0.684426] (semantic_mcl) Command: {'cmd': ['/usr/bin/cmake', '--install', '/mnt/ssd/lsgloc_ws/build/semantic_mcl'], 'cwd': '/mnt/ssd/lsgloc_ws/build/semantic_mcl', 'env': OrderedDict([('GJS_DEBUG_TOPICS', 'JS ERROR;JS LOG'), ('PYTHON_BASIC_REPL', '1'), ('LESSOPEN', '| /usr/bin/lesspipe %s'), ('LANGUAGE', 'en_SG:en'), ('USER', 'sensethreat'), ('XDG_SESSION_TYPE', 'x11'), ('GIT_ASKPASS', '/usr/share/code/resources/app/extensions/git/dist/askpass.sh'), ('SHLVL', '1'), ('LD_LIBRARY_PATH', '/mnt/ssd/lsgloc_ws/install/semantic_msgs/lib:/usr/local/cuda/lib64:/usr/lib/x86_64-linux-gnu/gazebo-11/plugins:/opt/ros/humble/opt/rviz_ogre_vendor/lib:/opt/ros/humble/lib/x86_64-linux-gnu:/opt/ros/humble/lib:/usr/local/cuda/lib64'), ('HOME', '/home/sensethreat'), ('CHROME_DESKTOP', 'code.desktop'), ('CONDA_SHLVL', '0'), ('TERM_PROGRAM_VERSION', '1.108.2'), ('DESKTOP_SESSION', 'ubuntu'), ('NVM_BIN', '/home/sensethreat/.nvm/versions/node/v20.20.1/bin'), ('NVM_INC', '/home/sensethreat/.nvm/versions/node/v20.20.1/include/node'), ('GIO_LAUNCHED_DESKTOP_FILE', '/usr/share/applications/code.desktop'), ('ROS_PYTHON_VERSION', '3'), ('GNOME_SHELL_SESSION_MODE', 'ubuntu'), ('GTK_MODULES', 'gail:atk-bridge'), ('VSCODE_GIT_ASKPASS_MAIN', '/usr/share/code/resources/app/extensions/git/dist/askpass-main.js'), ('VSCODE_GIT_ASKPASS_NODE', '/usr/share/code/code'), ('MANAGERPID', '4235'), ('PYDEVD_DISABLE_FILE_VALIDATION', '1'), ('SYSTEMD_EXEC_PID', '4526'), ('BUNDLED_DEBUGPY_PATH', '/home/sensethreat/.vscode/extensions/ms-python.debugpy-2025.18.0-linux-x64/bundled/libs/debugpy'), ('VSCODE_PYTHON_AUTOACTIVATE_GUARD', '1'), ('DBUS_SESSION_BUS_ADDRESS', 'unix:path=/run/user/1000/bus'), ('COLORTERM', 'truecolor'), ('_CE_M', ''), ('GIO_LAUNCHED_DESKTOP_FILE_PID', '1699102'), ('NVM_DIR', '/home/sensethreat/.nvm'), ('ROS_DISTRO', 'humble'), ('GTK_IM_MODULE', 'ibus'), ('LOGNAME', 'sensethreat'), ('JOURNAL_STREAM', '8:25865'), ('_', '/usr/bin/colcon'), ('ROS_VERSION', '2'), ('CLAUDE_CODE_SSE_PORT', '13146'), ('XDG_SESSION_CLASS', 'user'), ('GEMINI_CLI_IDE_WORKSPACE_PATH', '/mnt/ssd/lsgloc_ws'), ('USERNAME', 'sensethreat'), ('TERM', 'xterm-256color'), ('GNOME_DESKTOP_SESSION_ID', 'this-is-deprecated'), ('_CE_CONDA', ''), ('FC_FONTATIONS', '1'), ('ROS_LOCALHOST_ONLY', '0'), ('GEMINI_CLI_IDE_SERVER_PORT', '37737'), ('WINDOWPATH', '2'), ('PATH', '/usr/local/cuda/bin:/home/sensethreat/.config/Code/User/globalStorage/github.copilot-chat/debugCommand:/home/sensethreat/.config/Code/User/globalStorage/github.copilot-chat/copilotCli:/home/sensethreat/.local/bin:/home/sensethreat/.nvm/versions/node/v20.20.1/bin:/opt/ros/humble/bin:/home/sensethreat/anaconda3/condabin:/usr/local/cuda/bin:/home/sensethreat/.local/bin:/usr/local/sbin:/usr/local/bin:/usr/sbin:/usr/bin:/sbin:/bin:/usr/games:/usr/local/games:/snap/bin:/snap/bin:/home/sensethreat/.vscode/extensions/ms-python.debugpy-2025.18.0-linux-x64/bundled/scripts/noConfigScripts'), ('SESSION_MANAGER', 'local/gr00t-4090:@/tmp/.ICE-unix/4476,unix/gr00t-4090:/tmp/.ICE-unix/4476'), ('INVOCATION_ID', '2f188857ecf04eb188026dc287baa7cc'), ('XDG_MENU_PREFIX', 'gnome-'), ('XDG_RUNTIME_DIR', '/run/user/1000'), ('GDK_BACKEND', 'x11'), ('DISPLAY', ':1'), ('VSCODE_DEBUGPY_ADAPTER_ENDPOINTS', '/home/sensethreat/.vscode/extensions/ms-python.debugpy-2025.18.0-linux-x64/.noConfigDebugAdapterEndpoints/endpoint-9686078bbb06aef1.txt'), ('LANG', 'en_US.UTF-8'), ('XDG_CURRENT_DESKTOP', 'ubuntu:GNOME'), ('PYTHONSTARTUP', '/home/sensethreat/.config/Code/User/workspaceStorage/a1ba31dbdeff2a34003cc17b1390a45e/ms-python.python/pythonrc.py'), ('XMODIFIERS', '@im=ibus'), ('XDG_SESSION_DESKTOP', 'ubuntu'), ('XAUTHORITY', '/run/user/1000/gdm/Xauthority'), ('LS_COLORS', 'rs=0:di=01;34:ln=01;36:mh=00:pi=40;33:so=01;35:do=01;35:bd=40;33;01:cd=40;33;01:or=40;31;01:mi=00:su=37;41:sg=30;43:ca=30;41:tw=30;42:ow=34;42:st=37;44:ex=01;32:*.tar=01;31:*.tgz=01;31:*.arc=01;31:*.arj=01;31:*.taz=01;31:*.lha=01;31:*.lz4=01;31:*.lzh=01;31:*.lzma=01;31:*.tlz=01;31:*.txz=01;31:*.tzo=01;31:*.t7z=01;31:*.zip=01;31:*.z=01;31:*.dz=01;31:*.gz=01;31:*.lrz=01;31:*.lz=01;31:*.lzo=01;31:*.xz=01;31:*.zst=01;31:*.tzst=01;31:*.bz2=01;31:*.bz=01;31:*.tbz=01;31:*.tbz2=01;31:*.tz=01;31:*.deb=01;31:*.rpm=01;31:*.jar=01;31:*.war=01;31:*.ear=01;31:*.sar=01;31:*.rar=01;31:*.alz=01;31:*.ace=01;31:*.zoo=01;31:*.cpio=01;31:*.7z=01;31:*.rz=01;31:*.cab=01;31:*.wim=01;31:*.swm=01;31:*.dwm=01;31:*.esd=01;31:*.jpg=01;35:*.jpeg=01;35:*.mjpg=01;35:*.mjpeg=01;35:*.gif=01;35:*.bmp=01;35:*.pbm=01;35:*.pgm=01;35:*.ppm=01;35:*.tga=01;35:*.xbm=01;35:*.xpm=01;35:*.tif=01;35:*.tiff=01;35:*.png=01;35:*.svg=01;35:*.svgz=01;35:*.mng=01;35:*.pcx=01;35:*.mov=01;35:*.mpg=01;35:*.mpeg=01;35:*.m2v=01;35:*.mkv=01;35:*.webm=01;35:*.webp=01;35:*.ogm=01;35:*.mp4=01;35:*.m4v=01;35:*.mp4v=01;35:*.vob=01;35:*.qt=01;35:*.nuv=01;35:*.wmv=01;35:*.asf=01;35:*.rm=01;35:*.rmvb=01;35:*.flc=01;35:*.avi=01;35:*.fli=01;35:*.flv=01;35:*.gl=01;35:*.dl=01;35:*.xcf=01;35:*.xwd=01;35:*.yuv=01;35:*.cgm=01;35:*.emf=01;35:*.ogv=01;35:*.ogx=01;35:*.aac=00;36:*.au=00;36:*.flac=00;36:*.m4a=00;36:*.mid=00;36:*.midi=00;36:*.mka=00;36:*.mp3=00;36:*.mpc=00;36:*.ogg=00;36:*.ra=00;36:*.wav=00;36:*.oga=00;36:*.opus=00;36:*.spx=00;36:*.xspf=00;36:'), ('VSCODE_GIT_IPC_HANDLE', '/run/user/1000/vscode-git-e747b80a0c.sock'), ('TERM_PROGRAM', 'vscode'), ('SSH_AGENT_LAUNCHER', 'gnome-keyring'), ('SSH_AUTH_SOCK', '/run/user/1000/keyring/ssh'), ('ROS_DOMAIN_ID', '42'), ('AMENT_PREFIX_PATH', '/mnt/ssd/lsgloc_ws/install/semantic_msgs:/opt/ros/humble'), ('CONDA_PYTHON_EXE', '/home/sensethreat/anaconda3/bin/python'), ('SHELL', '/bin/bash'), ('QT_ACCESSIBILITY', '1'), ('GDMSESSION', 'ubuntu'), ('LESSCLOSE', '/usr/bin/lesspipe %s %s'), ('GPG_AGENT_INFO', '/run/user/1000/gnupg/S.gpg-agent:0:1'), ('GJS_DEBUG_OUTPUT', 'stderr'), ('VSCODE_GIT_ASKPASS_EXTRA_ARGS', ''), ('QT_IM_MODULE', 'ibus'), ('GEMINI_CLI_IDE_AUTH_TOKEN', '26413f97-634b-4051-b3bb-35b322666b9d'), ('PWD', '/mnt/ssd/lsgloc_ws/build/semantic_mcl'), ('TURTLEBOT3_MODEL', 'waffle'), ('LC_ALL', 'en_US.UTF-8'), ('XDG_CONFIG_DIRS', '/etc/xdg/xdg-ubuntu:/etc/xdg'), ('CONDA_EXE', '/home/sensethreat/anaconda3/bin/conda'), ('NVM_CD_FLAGS', ''), ('XDG_DATA_DIRS', '/usr/share/ubuntu:/usr/share/gnome:/usr/local/share/:/usr/share/:/var/lib/snapd/desktop'), ('LDS_MODEL', 'LDS-01'), ('PYTHONPATH', '/mnt/ssd/lsgloc_ws/install/semantic_msgs/local/lib/python3.10/dist-packages:/opt/ros/humble/lib/python3.10/site-packages:/opt/ros/humble/local/lib/python3.10/dist-packages'), ('COLCON', '1'), ('CMAKE_PREFIX_PATH', '/mnt/ssd/lsgloc_ws/install/semantic_msgs:/opt/ros/humble')]), 'shell': False}
[0.689482] (semantic_mcl) StdoutLine: {'line': b'-- Install configuration: ""\n'}
[0.689649] (semantic_mcl) StdoutLine: {'line': b'-- Up-to-date: /mnt/ssd/lsgloc_ws/install/semantic_mcl/lib/semantic_mcl/semantic_mcl_node_exec\n'}
[0.689794] (semantic_mcl) StdoutLine: {'line': b'-- Up-to-date: /mnt/ssd/lsgloc_ws/install/semantic_mcl/share/ament_index/resource_index/package_run_dependencies/semantic_mcl\n'}
[0.689844] (semantic_mcl) StdoutLine: {'line': b'-- Up-to-date: /mnt/ssd/lsgloc_ws/install/semantic_mcl/share/ament_index/resource_index/parent_prefix_path/semantic_mcl\n'}
[0.689912] (semantic_mcl) StdoutLine: {'line': b'-- Up-to-date: /mnt/ssd/lsgloc_ws/install/semantic_mcl/share/semantic_mcl/environment/ament_prefix_path.sh\n'}
[0.689957] (semantic_mcl) StdoutLine: {'line': b'-- Up-to-date: /mnt/ssd/lsgloc_ws/install/semantic_mcl/share/semantic_mcl/environment/ament_prefix_path.dsv\n'}
[0.690016] (semantic_mcl) StdoutLine: {'line': b'-- Up-to-date: /mnt/ssd/lsgloc_ws/install/semantic_mcl/share/semantic_mcl/environment/path.sh\n'}
[0.690091] (semantic_mcl) StdoutLine: {'line': b'-- Up-to-date: /mnt/ssd/lsgloc_ws/install/semantic_mcl/share/semantic_mcl/environment/path.dsv\n'}
[0.690128] (semantic_mcl) StdoutLine: {'line': b'-- Up-to-date: /mnt/ssd/lsgloc_ws/install/semantic_mcl/share/semantic_mcl/local_setup.bash\n'}
[0.690162] (semantic_mcl) StdoutLine: {'line': b'-- Up-to-date: /mnt/ssd/lsgloc_ws/install/semantic_mcl/share/semantic_mcl/local_setup.sh\n'}
[0.690193] (semantic_mcl) StdoutLine: {'line': b'-- Up-to-date: /mnt/ssd/lsgloc_ws/install/semantic_mcl/share/semantic_mcl/local_setup.zsh\n'}
[0.690234] (semantic_mcl) StdoutLine: {'line': b'-- Up-to-date: /mnt/ssd/lsgloc_ws/install/semantic_mcl/share/semantic_mcl/local_setup.dsv\n'}
[0.690277] (semantic_mcl) StdoutLine: {'line': b'-- Installing: /mnt/ssd/lsgloc_ws/install/semantic_mcl/share/semantic_mcl/package.dsv\n'}
[0.690337] (semantic_mcl) StdoutLine: {'line': b'-- Up-to-date: /mnt/ssd/lsgloc_ws/install/semantic_mcl/share/ament_index/resource_index/packages/semantic_mcl\n'}
[0.690391] (semantic_mcl) StdoutLine: {'line': b'-- Up-to-date: /mnt/ssd/lsgloc_ws/install/semantic_mcl/share/semantic_mcl/cmake/semantic_mclConfig.cmake\n'}
[0.690422] (semantic_mcl) StdoutLine: {'line': b'-- Up-to-date: /mnt/ssd/lsgloc_ws/install/semantic_mcl/share/semantic_mcl/cmake/semantic_mclConfig-version.cmake\n'}
[0.690452] (semantic_mcl) StdoutLine: {'line': b'-- Up-to-date: /mnt/ssd/lsgloc_ws/install/semantic_mcl/share/semantic_mcl/package.xml\n'}
[0.691271] (semantic_mcl) CommandEnded: {'returncode': 0}
[0.698866] (semantic_mcl) JobEnded: {'identifier': 'semantic_mcl', 'rc': 0}
[0.700569] (-) TimerEvent: {}
[0.800711] (-) TimerEvent: {}
[0.873898] (test_semantic_mcl) StdoutLine: {'line': b'running egg_info\n'}
[0.882515] (test_semantic_mcl) StdoutLine: {'line': b'writing ../../build/test_semantic_mcl/test_semantic_mcl.egg-info/PKG-INFO\n'}
[0.882639] (test_semantic_mcl) StdoutLine: {'line': b'writing dependency_links to ../../build/test_semantic_mcl/test_semantic_mcl.egg-info/dependency_links.txt\n'}
[0.882757] (test_semantic_mcl) StdoutLine: {'line': b'writing requirements to ../../build/test_semantic_mcl/test_semantic_mcl.egg-info/requires.txt\n'}
[0.882843] (test_semantic_mcl) StdoutLine: {'line': b'writing top-level names to ../../build/test_semantic_mcl/test_semantic_mcl.egg-info/top_level.txt\n'}
[0.900298] (test_semantic_mcl) StdoutLine: {'line': b"reading manifest file '../../build/test_semantic_mcl/test_semantic_mcl.egg-info/SOURCES.txt'\n"}
[0.900778] (test_semantic_mcl) StdoutLine: {'line': b"writing manifest file '../../build/test_semantic_mcl/test_semantic_mcl.egg-info/SOURCES.txt'\n"}
[0.900841] (-) TimerEvent: {}
[0.900945] (test_semantic_mcl) StdoutLine: {'line': b'running build\n'}
[0.901025] (test_semantic_mcl) StdoutLine: {'line': b'running build_py\n'}
[0.901069] (test_semantic_mcl) StdoutLine: {'line': b'running install\n'}
[0.903768] (test_semantic_mcl) StdoutLine: {'line': b'running install_lib\n'}
[0.912502] (test_semantic_mcl) StdoutLine: {'line': b'running install_data\n'}
[0.912671] (test_semantic_mcl) StdoutLine: {'line': b'running install_egg_info\n'}
[0.921712] (test_semantic_mcl) StdoutLine: {'line': b"removing '/mnt/ssd/lsgloc_ws/install/test_semantic_mcl/lib/python3.10/site-packages/test_semantic_mcl-0.0.0-py3.10.egg-info' (and everything under it)\n"}
[0.921890] (test_semantic_mcl) StdoutLine: {'line': b'Copying ../../build/test_semantic_mcl/test_semantic_mcl.egg-info to /mnt/ssd/lsgloc_ws/install/test_semantic_mcl/lib/python3.10/site-packages/test_semantic_mcl-0.0.0-py3.10.egg-info\n'}
[0.922286] (test_semantic_mcl) StdoutLine: {'line': b'running install_scripts\n'}
[0.955751] (test_semantic_mcl) StdoutLine: {'line': b"writing list of installed files to '/mnt/ssd/lsgloc_ws/build/test_semantic_mcl/install.log'\n"}
[0.973152] (test_semantic_mcl) CommandEnded: {'returncode': 0}
[0.976663] (test_semantic_mcl) JobEnded: {'identifier': 'test_semantic_mcl', 'rc': 0}
[0.994441] (obj_detection) Command: {'cmd': ['/usr/bin/python3', '-W', 'ignore:setup.py install is deprecated', '-W', 'ignore:easy_install command is deprecated', 'setup.py', 'egg_info', '--egg-base', '../../build/obj_detection', 'build', '--build-base', '/mnt/ssd/lsgloc_ws/build/obj_detection/build', 'install', '--record', '/mnt/ssd/lsgloc_ws/build/obj_detection/install.log', '--single-version-externally-managed', 'install_data'], 'cwd': '/mnt/ssd/lsgloc_ws/src/obj_detection', 'env': {'GJS_DEBUG_TOPICS': 'JS ERROR;JS LOG', 'PYTHON_BASIC_REPL': '1', 'LESSOPEN': '| /usr/bin/lesspipe %s', 'LANGUAGE': 'en_SG:en', 'USER': 'sensethreat', 'XDG_SESSION_TYPE': 'x11', 'GIT_ASKPASS': '/usr/share/code/resources/app/extensions/git/dist/askpass.sh', 'SHLVL': '1', 'LD_LIBRARY_PATH': '/mnt/ssd/lsgloc_ws/install/semantic_msgs/lib:/usr/local/cuda/lib64:/usr/lib/x86_64-linux-gnu/gazebo-11/plugins:/opt/ros/humble/opt/rviz_ogre_vendor/lib:/opt/ros/humble/lib/x86_64-linux-gnu:/opt/ros/humble/lib:/usr/local/cuda/lib64', 'HOME': '/home/sensethreat', 'CHROME_DESKTOP': 'code.desktop', 'CONDA_SHLVL': '0', 'TERM_PROGRAM_VERSION': '1.108.2', 'DESKTOP_SESSION': 'ubuntu', 'NVM_BIN': '/home/sensethreat/.nvm/versions/node/v20.20.1/bin', 'NVM_INC': '/home/sensethreat/.nvm/versions/node/v20.20.1/include/node', 'GIO_LAUNCHED_DESKTOP_FILE': '/usr/share/applications/code.desktop', 'ROS_PYTHON_VERSION': '3', 'GNOME_SHELL_SESSION_MODE': 'ubuntu', 'GTK_MODULES': 'gail:atk-bridge', 'VSCODE_GIT_ASKPASS_MAIN': '/usr/share/code/resources/app/extensions/git/dist/askpass-main.js', 'VSCODE_GIT_ASKPASS_NODE': '/usr/share/code/code', 'MANAGERPID': '4235', 'PYDEVD_DISABLE_FILE_VALIDATION': '1', 'SYSTEMD_EXEC_PID': '4526', 'BUNDLED_DEBUGPY_PATH': '/home/sensethreat/.vscode/extensions/ms-python.debugpy-2025.18.0-linux-x64/bundled/libs/debugpy', 'VSCODE_PYTHON_AUTOACTIVATE_GUARD': '1', 'DBUS_SESSION_BUS_ADDRESS': 'unix:path=/run/user/1000/bus', 'COLORTERM': 'truecolor', '_CE_M': '', 'GIO_LAUNCHED_DESKTOP_FILE_PID': '1699102', 'NVM_DIR': '/home/sensethreat/.nvm', 'ROS_DISTRO': 'humble', 'GTK_IM_MODULE': 'ibus', 'LOGNAME': 'sensethreat', 'JOURNAL_STREAM': '8:25865', '_': '/usr/bin/colcon', 'ROS_VERSION': '2', 'CLAUDE_CODE_SSE_PORT': '13146', 'XDG_SESSION_CLASS': 'user', 'GEMINI_CLI_IDE_WORKSPACE_PATH': '/mnt/ssd/lsgloc_ws', 'USERNAME': 'sensethreat', 'TERM': 'xterm-256color', 'GNOME_DESKTOP_SESSION_ID': 'this-is-deprecated', '_CE_CONDA': '', 'FC_FONTATIONS': '1', 'ROS_LOCALHOST_ONLY': '0', 'GEMINI_CLI_IDE_SERVER_PORT': '37737', 'WINDOWPATH': '2', 'PATH': '/usr/local/cuda/bin:/home/sensethreat/.config/Code/User/globalStorage/github.copilot-chat/debugCommand:/home/sensethreat/.config/Code/User/globalStorage/github.copilot-chat/copilotCli:/home/sensethreat/.local/bin:/home/sensethreat/.nvm/versions/node/v20.20.1/bin:/opt/ros/humble/bin:/home/sensethreat/anaconda3/condabin:/usr/local/cuda/bin:/home/sensethreat/.local/bin:/usr/local/sbin:/usr/local/bin:/usr/sbin:/usr/bin:/sbin:/bin:/usr/games:/usr/local/games:/snap/bin:/snap/bin:/home/sensethreat/.vscode/extensions/ms-python.debugpy-2025.18.0-linux-x64/bundled/scripts/noConfigScripts', 'SESSION_MANAGER': 'local/gr00t-4090:@/tmp/.ICE-unix/4476,unix/gr00t-4090:/tmp/.ICE-unix/4476', 'INVOCATION_ID': '2f188857ecf04eb188026dc287baa7cc', 'XDG_MENU_PREFIX': 'gnome-', 'XDG_RUNTIME_DIR': '/run/user/1000', 'GDK_BACKEND': 'x11', 'DISPLAY': ':1', 'VSCODE_DEBUGPY_ADAPTER_ENDPOINTS': '/home/sensethreat/.vscode/extensions/ms-python.debugpy-2025.18.0-linux-x64/.noConfigDebugAdapterEndpoints/endpoint-9686078bbb06aef1.txt', 'LANG': 'en_US.UTF-8', 'XDG_CURRENT_DESKTOP': 'ubuntu:GNOME', 'PYTHONSTARTUP': '/home/sensethreat/.config/Code/User/workspaceStorage/a1ba31dbdeff2a34003cc17b1390a45e/ms-python.python/pythonrc.py', 'XMODIFIERS': '@im=ibus', 'XDG_SESSION_DESKTOP': 'ubuntu', 'XAUTHORITY': '/run/user/1000/gdm/Xauthority', 'LS_COLORS': 'rs=0:di=01;34:ln=01;36:mh=00:pi=40;33:so=01;35:do=01;35:bd=40;33;01:cd=40;33;01:or=40;31;01:mi=00:su=37;41:sg=30;43:ca=30;41:tw=30;42:ow=34;42:st=37;44:ex=01;32:*.tar=01;31:*.tgz=01;31:*.arc=01;31:*.arj=01;31:*.taz=01;31:*.lha=01;31:*.lz4=01;31:*.lzh=01;31:*.lzma=01;31:*.tlz=01;31:*.txz=01;31:*.tzo=01;31:*.t7z=01;31:*.zip=01;31:*.z=01;31:*.dz=01;31:*.gz=01;31:*.lrz=01;31:*.lz=01;31:*.lzo=01;31:*.xz=01;31:*.zst=01;31:*.tzst=01;31:*.bz2=01;31:*.bz=01;31:*.tbz=01;31:*.tbz2=01;31:*.tz=01;31:*.deb=01;31:*.rpm=01;31:*.jar=01;31:*.war=01;31:*.ear=01;31:*.sar=01;31:*.rar=01;31:*.alz=01;31:*.ace=01;31:*.zoo=01;31:*.cpio=01;31:*.7z=01;31:*.rz=01;31:*.cab=01;31:*.wim=01;31:*.swm=01;31:*.dwm=01;31:*.esd=01;31:*.jpg=01;35:*.jpeg=01;35:*.mjpg=01;35:*.mjpeg=01;35:*.gif=01;35:*.bmp=01;35:*.pbm=01;35:*.pgm=01;35:*.ppm=01;35:*.tga=01;35:*.xbm=01;35:*.xpm=01;35:*.tif=01;35:*.tiff=01;35:*.png=01;35:*.svg=01;35:*.svgz=01;35:*.mng=01;35:*.pcx=01;35:*.mov=01;35:*.mpg=01;35:*.mpeg=01;35:*.m2v=01;35:*.mkv=01;35:*.webm=01;35:*.webp=01;35:*.ogm=01;35:*.mp4=01;35:*.m4v=01;35:*.mp4v=01;35:*.vob=01;35:*.qt=01;35:*.nuv=01;35:*.wmv=01;35:*.asf=01;35:*.rm=01;35:*.rmvb=01;35:*.flc=01;35:*.avi=01;35:*.fli=01;35:*.flv=01;35:*.gl=01;35:*.dl=01;35:*.xcf=01;35:*.xwd=01;35:*.yuv=01;35:*.cgm=01;35:*.emf=01;35:*.ogv=01;35:*.ogx=01;35:*.aac=00;36:*.au=00;36:*.flac=00;36:*.m4a=00;36:*.mid=00;36:*.midi=00;36:*.mka=00;36:*.mp3=00;36:*.mpc=00;36:*.ogg=00;36:*.ra=00;36:*.wav=00;36:*.oga=00;36:*.opus=00;36:*.spx=00;36:*.xspf=00;36:', 'VSCODE_GIT_IPC_HANDLE': '/run/user/1000/vscode-git-e747b80a0c.sock', 'TERM_PROGRAM': 'vscode', 'SSH_AGENT_LAUNCHER': 'gnome-keyring', 'SSH_AUTH_SOCK': '/run/user/1000/keyring/ssh', 'ROS_DOMAIN_ID': '42', 'AMENT_PREFIX_PATH': '/mnt/ssd/lsgloc_ws/install/semantic_msgs:/opt/ros/humble', 'CONDA_PYTHON_EXE': '/home/sensethreat/anaconda3/bin/python', 'SHELL': '/bin/bash', 'QT_ACCESSIBILITY': '1', 'GDMSESSION': 'ubuntu', 'LESSCLOSE': '/usr/bin/lesspipe %s %s', 'GPG_AGENT_INFO': '/run/user/1000/gnupg/S.gpg-agent:0:1', 'GJS_DEBUG_OUTPUT': 'stderr', 'VSCODE_GIT_ASKPASS_EXTRA_ARGS': '', 'QT_IM_MODULE': 'ibus', 'GEMINI_CLI_IDE_AUTH_TOKEN': '26413f97-634b-4051-b3bb-35b322666b9d', 'PWD': '/mnt/ssd/lsgloc_ws/build/obj_detection', 'TURTLEBOT3_MODEL': 'waffle', 'LC_ALL': 'en_US.UTF-8', 'XDG_CONFIG_DIRS': '/etc/xdg/xdg-ubuntu:/etc/xdg', 'CONDA_EXE': '/home/sensethreat/anaconda3/bin/conda', 'NVM_CD_FLAGS': '', 'XDG_DATA_DIRS': '/usr/share/ubuntu:/usr/share/gnome:/usr/local/share/:/usr/share/:/var/lib/snapd/desktop', 'LDS_MODEL': 'LDS-01', 'PYTHONPATH': '/mnt/ssd/lsgloc_ws/build/obj_detection/prefix_override:/usr/lib/python3/dist-packages/colcon_core/task/python/colcon_distutils_commands:/mnt/ssd/lsgloc_ws/install/obj_detection/lib/python3.10/site-packages:/mnt/ssd/lsgloc_ws/install/semantic_msgs/local/lib/python3.10/dist-packages:/opt/ros/humble/lib/python3.10/site-packages:/opt/ros/humble/local/lib/python3.10/dist-packages', 'COLCON': '1', 'CMAKE_PREFIX_PATH': '/mnt/ssd/lsgloc_ws/install/semantic_msgs'}, 'shell': False}
[1.000907] (-) TimerEvent: {}
[1.101053] (-) TimerEvent: {}
[1.201210] (-) TimerEvent: {}
[1.221875] (obj_detection) StdoutLine: {'line': b'running egg_info\n'}
[1.230782] (obj_detection) StdoutLine: {'line': b'writing ../../build/obj_detection/obj_detection.egg-info/PKG-INFO\n'}
[1.230897] (obj_detection) StdoutLine: {'line': b'writing dependency_links to ../../build/obj_detection/obj_detection.egg-info/dependency_links.txt\n'}
[1.231005] (obj_detection) StdoutLine: {'line': b'writing entry points to ../../build/obj_detection/obj_detection.egg-info/entry_points.txt\n'}
[1.231083] (obj_detection) StdoutLine: {'line': b'writing requirements to ../../build/obj_detection/obj_detection.egg-info/requires.txt\n'}
[1.231143] (obj_detection) StdoutLine: {'line': b'writing top-level names to ../../build/obj_detection/obj_detection.egg-info/top_level.txt\n'}
[1.248950] (obj_detection) StdoutLine: {'line': b"reading manifest file '../../build/obj_detection/obj_detection.egg-info/SOURCES.txt'\n"}
[1.249391] (obj_detection) StdoutLine: {'line': b"writing manifest file '../../build/obj_detection/obj_detection.egg-info/SOURCES.txt'\n"}
[1.249490] (obj_detection) StdoutLine: {'line': b'running build\n'}
[1.249531] (obj_detection) StdoutLine: {'line': b'running build_py\n'}
[1.249628] (obj_detection) StdoutLine: {'line': b'copying obj_detection/vlm_backends.py -> /mnt/ssd/lsgloc_ws/build/obj_detection/build/lib/obj_detection\n'}
[1.249766] (obj_detection) StdoutLine: {'line': b'running install\n'}
[1.252638] (obj_detection) StdoutLine: {'line': b'running install_lib\n'}
[1.261575] (obj_detection) StdoutLine: {'line': b'copying /mnt/ssd/lsgloc_ws/build/obj_detection/build/lib/obj_detection/vlm_backends.py -> /mnt/ssd/lsgloc_ws/install/obj_detection/lib/python3.10/site-packages/obj_detection\n'}
[1.261888] (obj_detection) StdoutLine: {'line': b'byte-compiling /mnt/ssd/lsgloc_ws/install/obj_detection/lib/python3.10/site-packages/obj_detection/vlm_backends.py to vlm_backends.cpython-310.pyc\n'}
[1.262512] (obj_detection) StdoutLine: {'line': b'running install_data\n'}
[1.262585] (obj_detection) StdoutLine: {'line': b'running install_egg_info\n'}
[1.271872] (obj_detection) StdoutLine: {'line': b"removing '/mnt/ssd/lsgloc_ws/install/obj_detection/lib/python3.10/site-packages/obj_detection-0.0.0-py3.10.egg-info' (and everything under it)\n"}
[1.272077] (obj_detection) StdoutLine: {'line': b'Copying ../../build/obj_detection/obj_detection.egg-info to /mnt/ssd/lsgloc_ws/install/obj_detection/lib/python3.10/site-packages/obj_detection-0.0.0-py3.10.egg-info\n'}
[1.272556] (obj_detection) StdoutLine: {'line': b'running install_scripts\n'}
[1.301278] (-) TimerEvent: {}
[1.306929] (obj_detection) StdoutLine: {'line': b'Installing vlm_service_node script to /mnt/ssd/lsgloc_ws/install/obj_detection/lib/obj_detection\n'}
[1.307032] (obj_detection) StdoutLine: {'line': b'Installing vlm_streaming_node script to /mnt/ssd/lsgloc_ws/install/obj_detection/lib/obj_detection\n'}
[1.307096] (obj_detection) StdoutLine: {'line': b'Installing yolo_node script to /mnt/ssd/lsgloc_ws/install/obj_detection/lib/obj_detection\n'}
[1.307223] (obj_detection) StdoutLine: {'line': b"writing list of installed files to '/mnt/ssd/lsgloc_ws/build/obj_detection/install.log'\n"}
[1.323738] (obj_detection) CommandEnded: {'returncode': 0}
[1.327432] (obj_detection) JobEnded: {'identifier': 'obj_detection', 'rc': 0}
[1.327803] (-) EventReactorShutdown: {}
