[0.000000] (-) TimerEvent: {}
[0.000206] (bcr_bot) JobQueued: {'identifier': 'bcr_bot', 'dependencies': OrderedDict()}
[0.000225] (semantic_msgs) JobQueued: {'identifier': 'semantic_msgs', 'dependencies': OrderedDict()}
[0.000235] (test_semantic_mcl) JobQueued: {'identifier': 'test_semantic_mcl', 'dependencies': OrderedDict()}
[0.000245] (obj_detection) JobQueued: {'identifier': 'obj_detection', 'dependencies': OrderedDict([('semantic_msgs', '/mnt/ssd/lsgloc_ws/install/semantic_msgs')])}
[0.000256] (semantic_mcl) JobQueued: {'identifier': 'semantic_mcl', 'dependencies': OrderedDict([('semantic_msgs', '/mnt/ssd/lsgloc_ws/install/semantic_msgs')])}
[0.000268] (semantic_msgs) JobStarted: {'identifier': 'semantic_msgs'}
[0.003785] (bcr_bot) JobStarted: {'identifier': 'bcr_bot'}
[0.006083] (test_semantic_mcl) JobStarted: {'identifier': 'test_semantic_mcl'}
[0.009988] (semantic_msgs) JobProgress: {'identifier': 'semantic_msgs', 'progress': 'cmake'}
[0.010324] (semantic_msgs) JobProgress: {'identifier': 'semantic_msgs', 'progress': 'build'}
[0.010831] (semantic_msgs) Command: {'cmd': ['/usr/bin/cmake', '--build', '/mnt/ssd/lsgloc_ws/build/semantic_msgs', '--', '-j16', '-l16'], 'cwd': '/mnt/ssd/lsgloc_ws/build/semantic_msgs', 'env': OrderedDict([('GJS_DEBUG_TOPICS', 'JS ERROR;JS LOG'), ('PYTHON_BASIC_REPL', '1'), ('LESSOPEN', '| /usr/bin/lesspipe %s'), ('LANGUAGE', 'en_SG:en'), ('USER', 'sensethreat'), ('XDG_SESSION_TYPE', 'x11'), ('GIT_ASKPASS', '/usr/share/code/resources/app/extensions/git/dist/askpass.sh'), ('SHLVL', '1'), ('LD_LIBRARY_PATH', '/usr/local/cuda/lib64:/usr/lib/x86_64-linux-gnu/gazebo-11/plugins:/opt/ros/humble/opt/rviz_ogre_vendor/lib:/opt/ros/humble/lib/x86_64-linux-gnu:/opt/ros/humble/lib:/usr/local/cuda/lib64:'), ('HOME', '/home/sensethreat'), ('CHROME_DESKTOP', 'code.desktop'), ('CONDA_SHLVL', '0'), ('TERM_PROGRAM_VERSION', '1.108.2'), ('DESKTOP_SESSION', 'ubuntu'), ('NVM_BIN', '/home/sensethreat/.nvm/versions/node/v20.20.1/bin'), ('NVM_INC', '/home/sensethreat/.nvm/versions/node/v20.20.1/include/node'), ('GIO_LAUNCHED_DESKTOP_FILE', '/usr/share/applications/code.desktop'), ('ROS_PYTHON_VERSION', '3'), ('GNOME_SHELL_SESSION_MODE', 'ubuntu'), ('GTK_MODULES', 'gail:atk-bridge'), ('VSCODE_GIT_ASKPASS_MAIN', '/usr/share/code/resources/app/extensions/git/dist/askpass-main.js'), ('VSCODE_GIT_ASKPASS_NODE', '/usr/share/code/code'), ('MANAGERPID', '4235'), ('PYDEVD_DISABLE_FILE_VALIDATION', '1'), ('SYSTEMD_EXEC_PID', '4526'), ('BUNDLED_DEBUGPY_PATH', '/home/sensethreat/.vscode/extensions/ms-python.debugpy-2025.18.0-linux-x64/bundled/libs/debugpy'), ('VSCODE_PYTHON_AUTOACTIVATE_GUARD', '1'), ('DBUS_SESSION_BUS_ADDRESS', 'unix:path=/run/user/1000/bus'), ('COLORTERM', 'truecolor'), ('_CE_M', ''), ('GIO_LAUNCHED_DESKTOP_FILE_PID', '1699102'), ('NVM_DIR', '/home/sensethreat/.nvm'), ('ROS_DISTRO', 'humble'), ('GTK_IM_MODULE', 'ibus'), ('LOGNAME', 'sensethreat'), ('JOURNAL_STREAM', '8:25865'), ('_', '/usr/bin/colcon'), ('ROS_VERSION', '2'), ('CLAUDE_CODE_SSE_PORT', '13146'), ('XDG_SESSION_CLASS', 'user'), ('GEMINI_CLI_IDE_WORKSPACE_PATH', '/mnt/ssd/lsgloc_ws'), ('USERNAME', 'sensethreat'), ('TERM', 'xterm-256color'), ('GNOME_DESKTOP_SESSION_ID', 'this-is-deprecated'), ('_CE_CONDA', ''), ('FC_FONTATIONS', '1'), ('ROS_LOCALHOST_ONLY', '0'), ('GEMINI_CLI_IDE_SERVER_PORT', '37737'), ('WINDOWPATH', '2'), ('PATH', '/usr/local/cuda/bin:/home/sensethreat/.config/Code/User/globalStorage/github.copilot-chat/debugCommand:/home/sensethreat/.config/Code/User/globalStorage/github.copilot-chat/copilotCli:/home/sensethreat/.local/bin:/home/sensethreat/.nvm/versions/node/v20.20.1/bin:/opt/ros/humble/bin:/home/sensethreat/anaconda3/condabin:/usr/local/cuda/bin:/home/sensethreat/.local/bin:/usr/local/sbin:/usr/local/bin:/usr/sbin:/usr/bin:/sbin:/bin:/usr/games:/usr/local/games:/snap/bin:/snap/bin:/home/sensethreat/.vscode/extensions/ms-python.debugpy-2025.18.0-linux-x64/bundled/scripts/noConfigScripts'), ('SESSION_MANAGER', 'local/gr00t-4090:@/tmp/.ICE-unix/4476,unix/gr00t-4090:/tmp/.ICE-unix/4476'), ('INVOCATION_ID', '2f188857ecf04eb188026dc287baa7cc'), ('XDG_MENU_PREFIX', 'gnome-'), ('XDG_RUNTIME_DIR', '/run/user/1000'), ('GDK_BACKEND', 'x11'), ('DISPLAY', ':1'), ('VSCODE_DEBUGPY_ADAPTER_ENDPOINTS', '/home/sensethreat/.vscode/extensions/ms-python.debugpy-2025.18.0-linux-x64/.noConfigDebugAdapterEndpoints/endpoint-9686078bbb06aef1.txt'), ('LANG', 'en_US.UTF-8'), ('XDG_CURRENT_DESKTOP', 'ubuntu:GNOME'), ('PYTHONSTARTUP', '/home/sensethreat/.config/Code/User/workspaceStorage/a1ba31dbdeff2a34003cc17b1390a45e/ms-python.python/pythonrc.py'), ('XMODIFIERS', '@im=ibus'), ('XDG_SESSION_DESKTOP', 'ubuntu'), ('XAUTHORITY', '/run/user/1000/gdm/Xauthority'), ('LS_COLORS', 'rs=0:di=01;34:ln=01;36:mh=00:pi=40;33:so=01;35:do=01;35:bd=40;33;01:cd=40;33;01:or=40;31;01:mi=00:su=37;41:sg=30;43:ca=30;41:tw=30;42:ow=34;42:st=37;44:ex=01;32:*.tar=01;31:*.tgz=01;31:*.arc=01;31:*.arj=01;31:*.taz=01;31:*.lha=01;31:*.lz4=01;31:*.lzh=01;31:*.lzma=01;31:*.tlz=01;31:*.txz=01;31:*.tzo=01;31:*.t7z=01;31:*.zip=01;31:*.z=01;31:*.dz=01;31:*.gz=01;31:*.lrz=01;31:*.lz=01;31:*.lzo=01;31:*.xz=01;31:*.zst=01;31:*.tzst=01;31:*.bz2=01;31:*.bz=01;31:*.tbz=01;31:*.tbz2=01;31:*.tz=01;31:*.deb=01;31:*.rpm=01;31:*.jar=01;31:*.war=01;31:*.ear=01;31:*.sar=01;31:*.rar=01;31:*.alz=01;31:*.ace=01;31:*.zoo=01;31:*.cpio=01;31:*.7z=01;31:*.rz=01;31:*.cab=01;31:*.wim=01;31:*.swm=01;31:*.dwm=01;31:*.esd=01;31:*.jpg=01;35:*.jpeg=01;35:*.mjpg=01;35:*.mjpeg=01;35:*.gif=01;35:*.bmp=01;35:*.pbm=01;35:*.pgm=01;35:*.ppm=01;35:*.tga=01;35:*.xbm=01;35:*.xpm=01;35:*.tif=01;35:*.tiff=01;35:*.png=01;35:*.svg=01;35:*.svgz=01;35:*.mng=01;35:*.pcx=01;35:*.mov=01;35:*.mpg=01;35:*.mpeg=01;35:*.m2v=01;35:*.mkv=01;35:*.webm=01;35:*.webp=01;35:*.ogm=01;35:*.mp4=01;35:*.m4v=01;35:*.mp4v=01;35:*.vob=01;35:*.qt=01;35:*.nuv=01;35:*.wmv=01;35:*.asf=01;35:*.rm=01;35:*.rmvb=01;35:*.flc=01;35:*.avi=01;35:*.fli=01;35:*.flv=01;35:*.gl=01;35:*.dl=01;35:*.xcf=01;35:*.xwd=01;35:*.yuv=01;35:*.cgm=01;35:*.emf=01;35:*.ogv=01;35:*.ogx=01;35:*.aac=00;36:*.au=00;36:*.flac=00;36:*.m4a=00;36:*.mid=00;36:*.midi=00;36:*.mka=00;36:*.mp3=00;36:*.mpc=00;36:*.ogg=00;36:*.ra=00;36:*.wav=00;36:*.oga=00;36:*.opus=00;36:*.spx=00;36:*.xspf=00;36:'), ('VSCODE_GIT_IPC_HANDLE', '/run/user/1000/vscode-git-e747b80a0c.sock'), ('TERM_PROGRAM', 'vscode'), ('SSH_AGENT_LAUNCHER', 'gnome-keyring'), ('SSH_AUTH_SOCK', '/run/user/1000/keyring/ssh'), ('ROS_DOMAIN_ID', '42'), ('AMENT_PREFIX_PATH', '/opt/ros/humble'), ('CONDA_PYTHON_EXE', '/home/sensethreat/anaconda3/bin/python'), ('SHELL', '/bin/bash'), ('QT_ACCESSIBILITY', '1'), ('GDMSESSION', 'ubuntu'), ('LESSCLOSE', '/usr/bin/lesspipe %s %s'), ('GPG_AGENT_INFO', '/run/user/1000/gnupg/S.gpg-agent:0:1'), ('GJS_DEBUG_OUTPUT', 'stderr'), ('VSCODE_GIT_ASKPASS_EXTRA_ARGS', ''), ('QT_IM_MODULE', 'ibus'), ('GEMINI_CLI_IDE_AUTH_TOKEN', '26413f97-634b-4051-b3bb-35b322666b9d'), ('PWD', '/mnt/ssd/lsgloc_ws/build/semantic_msgs'), ('TURTLEBOT3_MODEL', 'waffle'), ('LC_ALL', 'en_US.UTF-8'), ('XDG_CONFIG_DIRS', '/etc/xdg/xdg-ubuntu:/etc/xdg'), ('CONDA_EXE', '/home/sensethreat/anaconda3/bin/conda'), ('NVM_CD_FLAGS', ''), ('XDG_DATA_DIRS', '/usr/share/ubuntu:/usr/share/gnome:/usr/local/share/:/usr/share/:/var/lib/snapd/desktop'), ('LDS_MODEL', 'LDS-01'), ('PYTHONPATH', '/opt/ros/humble/lib/python3.10/site-packages:/opt/ros/humble/local/lib/python3.10/dist-packages'), ('COLCON', '1'), ('CMAKE_PREFIX_PATH', '/opt/ros/humble')]), 'shell': False}
[0.012416] (bcr_bot) JobProgress: {'identifier': 'bcr_bot', 'progress': 'cmake'}
[0.012620] (bcr_bot) JobProgress: {'identifier': 'bcr_bot', 'progress': 'build'}
[0.012742] (bcr_bot) Command: {'cmd': ['/usr/bin/cmake', '--build', '/mnt/ssd/lsgloc_ws/build/bcr_bot', '--', '-j16', '-l16'], 'cwd': '/mnt/ssd/lsgloc_ws/build/bcr_bot', 'env': OrderedDict([('GJS_DEBUG_TOPICS', 'JS ERROR;JS LOG'), ('PYTHON_BASIC_REPL', '1'), ('LESSOPEN', '| /usr/bin/lesspipe %s'), ('LANGUAGE', 'en_SG:en'), ('USER', 'sensethreat'), ('XDG_SESSION_TYPE', 'x11'), ('GIT_ASKPASS', '/usr/share/code/resources/app/extensions/git/dist/askpass.sh'), ('SHLVL', '1'), ('LD_LIBRARY_PATH', '/usr/local/cuda/lib64:/usr/lib/x86_64-linux-gnu/gazebo-11/plugins:/opt/ros/humble/opt/rviz_ogre_vendor/lib:/opt/ros/humble/lib/x86_64-linux-gnu:/opt/ros/humble/lib:/usr/local/cuda/lib64:'), ('HOME', '/home/sensethreat'), ('CHROME_DESKTOP', 'code.desktop'), ('CONDA_SHLVL', '0'), ('TERM_PROGRAM_VERSION', '1.108.2'), ('DESKTOP_SESSION', 'ubuntu'), ('NVM_BIN', '/home/sensethreat/.nvm/versions/node/v20.20.1/bin'), ('NVM_INC', '/home/sensethreat/.nvm/versions/node/v20.20.1/include/node'), ('GIO_LAUNCHED_DESKTOP_FILE', '/usr/share/applications/code.desktop'), ('ROS_PYTHON_VERSION', '3'), ('GNOME_SHELL_SESSION_MODE', 'ubuntu'), ('GTK_MODULES', 'gail:atk-bridge'), ('VSCODE_GIT_ASKPASS_MAIN', '/usr/share/code/resources/app/extensions/git/dist/askpass-main.js'), ('VSCODE_GIT_ASKPASS_NODE', '/usr/share/code/code'), ('MANAGERPID', '4235'), ('PYDEVD_DISABLE_FILE_VALIDATION', '1'), ('SYSTEMD_EXEC_PID', '4526'), ('BUNDLED_DEBUGPY_PATH', '/home/sensethreat/.vscode/extensions/ms-python.debugpy-2025.18.0-linux-x64/bundled/libs/debugpy'), ('VSCODE_PYTHON_AUTOACTIVATE_GUARD', '1'), ('DBUS_SESSION_BUS_ADDRESS', 'unix:path=/run/user/1000/bus'), ('COLORTERM', 'truecolor'), ('_CE_M', ''), ('GIO_LAUNCHED_DESKTOP_FILE_PID', '1699102'), ('NVM_DIR', '/home/sensethreat/.nvm'), ('ROS_DISTRO', 'humble'), ('GTK_IM_MODULE', 'ibus'), ('LOGNAME', 'sensethreat'), ('JOURNAL_STREAM', '8:25865'), ('_', '/usr/bin/colcon'), ('ROS_VERSION', '2'), ('CLAUDE_CODE_SSE_PORT', '13146'), ('XDG_SESSION_CLASS', 'user'), ('GEMINI_CLI_IDE_WORKSPACE_PATH', '/mnt/ssd/lsgloc_ws'), ('USERNAME', 'sensethreat'), ('TERM', 'xterm-256color'), ('GNOME_DESKTOP_SESSION_ID', 'this-is-deprecated'), ('_CE_CONDA', ''), ('FC_FONTATIONS', '1'), ('ROS_LOCALHOST_ONLY', '0'), ('GEMINI_CLI_IDE_SERVER_PORT', '37737'), ('WINDOWPATH', '2'), ('PATH', '/usr/local/cuda/bin:/home/sensethreat/.config/Code/User/globalStorage/github.copilot-chat/debugCommand:/home/sensethreat/.config/Code/User/globalStorage/github.copilot-chat/copilotCli:/home/sensethreat/.local/bin:/home/sensethreat/.nvm/versions/node/v20.20.1/bin:/opt/ros/humble/bin:/home/sensethreat/anaconda3/condabin:/usr/local/cuda/bin:/home/sensethreat/.local/bin:/usr/local/sbin:/usr/local/bin:/usr/sbin:/usr/bin:/sbin:/bin:/usr/games:/usr/local/games:/snap/bin:/snap/bin:/home/sensethreat/.vscode/extensions/ms-python.debugpy-2025.18.0-linux-x64/bundled/scripts/noConfigScripts'), ('SESSION_MANAGER', 'local/gr00t-4090:@/tmp/.ICE-unix/4476,unix/gr00t-4090:/tmp/.ICE-unix/4476'), ('INVOCATION_ID', '2f188857ecf04eb188026dc287baa7cc'), ('XDG_MENU_PREFIX', 'gnome-'), ('XDG_RUNTIME_DIR', '/run/user/1000'), ('GDK_BACKEND', 'x11'), ('DISPLAY', ':1'), ('VSCODE_DEBUGPY_ADAPTER_ENDPOINTS', '/home/sensethreat/.vscode/extensions/ms-python.debugpy-2025.18.0-linux-x64/.noConfigDebugAdapterEndpoints/endpoint-9686078bbb06aef1.txt'), ('LANG', 'en_US.UTF-8'), ('XDG_CURRENT_DESKTOP', 'ubuntu:GNOME'), ('PYTHONSTARTUP', '/home/sensethreat/.config/Code/User/workspaceStorage/a1ba31dbdeff2a34003cc17b1390a45e/ms-python.python/pythonrc.py'), ('XMODIFIERS', '@im=ibus'), ('XDG_SESSION_DESKTOP', 'ubuntu'), ('XAUTHORITY', '/run/user/1000/gdm/Xauthority'), ('LS_COLORS', 'rs=0:di=01;34:ln=01;36:mh=00:pi=40;33:so=01;35:do=01;35:bd=40;33;01:cd=40;33;01:or=40;31;01:mi=00:su=37;41:sg=30;43:ca=30;41:tw=30;42:ow=34;42:st=37;44:ex=01;32:*.tar=01;31:*.tgz=01;31:*.arc=01;31:*.arj=01;31:*.taz=01;31:*.lha=01;31:*.lz4=01;31:*.lzh=01;31:*.lzma=01;31:*.tlz=01;31:*.txz=01;31:*.tzo=01;31:*.t7z=01;31:*.zip=01;31:*.z=01;31:*.dz=01;31:*.gz=01;31:*.lrz=01;31:*.lz=01;31:*.lzo=01;31:*.xz=01;31:*.zst=01;31:*.tzst=01;31:*.bz2=01;31:*.bz=01;31:*.tbz=01;31:*.tbz2=01;31:*.tz=01;31:*.deb=01;31:*.rpm=01;31:*.jar=01;31:*.war=01;31:*.ear=01;31:*.sar=01;31:*.rar=01;31:*.alz=01;31:*.ace=01;31:*.zoo=01;31:*.cpio=01;31:*.7z=01;31:*.rz=01;31:*.cab=01;31:*.wim=01;31:*.swm=01;31:*.dwm=01;31:*.esd=01;31:*.jpg=01;35:*.jpeg=01;35:*.mjpg=01;35:*.mjpeg=01;35:*.gif=01;35:*.bmp=01;35:*.pbm=01;35:*.pgm=01;35:*.ppm=01;35:*.tga=01;35:*.xbm=01;35:*.xpm=01;35:*.tif=01;35:*.tiff=01;35:*.png=01;35:*.svg=01;35:*.svgz=01;35:*.mng=01;35:*.pcx=01;35:*.mov=01;35:*.mpg=01;35:*.mpeg=01;35:*.m2v=01;35:*.mkv=01;35:*.webm=01;35:*.webp=01;35:*.ogm=01;35:*.mp4=01;35:*.m4v=01;35:*.mp4v=01;35:*.vob=01;35:*.qt=01;35:*.nuv=01;35:*.wmv=01;35:*.asf=01;35:*.rm=01;35:*.rmvb=01;35:*.flc=01;35:*.avi=01;35:*.fli=01;35:*.flv=01;35:*.gl=01;35:*.dl=01;35:*.xcf=01;35:*.xwd=01;35:*.yuv=01;35:*.cgm=01;35:*.emf=01;35:*.ogv=01;35:*.ogx=01;35:*.aac=00;36:*.au=00;36:*.flac=00;36:*.m4a=00;36:*.mid=00;36:*.midi=00;36:*.mka=00;36:*.mp3=00;36:*.mpc=00;36:*.ogg=00;36:*.ra=00;36:*.wav=00;36:*.oga=00;36:*.opus=00;36:*.spx=00;36:*.xspf=00;36:'), ('VSCODE_GIT_IPC_HANDLE', '/run/user/1000/vscode-git-e747b80a0c.sock'), ('TERM_PROGRAM', 'vscode'), ('SSH_AGENT_LAUNCHER', 'gnome-keyring'), ('SSH_AUTH_SOCK', '/run/user/1000/keyring/ssh'), ('ROS_DOMAIN_ID', '42'), ('AMENT_PREFIX_PATH', '/opt/ros/humble'), ('CONDA_PYTHON_EXE', '/home/sensethreat/anaconda3/bin/python'), ('SHELL', '/bin/bash'), ('QT_ACCESSIBILITY', '1'), ('GDMSESSION', 'ubuntu'), ('LESSCLOSE', '/usr/bin/lesspipe %s %s'), ('GPG_AGENT_INFO', '/run/user/1000/gnupg/S.gpg-agent:0:1'), ('GJS_DEBUG_OUTPUT', 'stderr'), ('VSCODE_GIT_ASKPASS_EXTRA_ARGS', ''), ('QT_IM_MODULE', 'ibus'), ('GEMINI_CLI_IDE_AUTH_TOKEN', '26413f97-634b-4051-b3bb-35b322666b9d'), ('PWD', '/mnt/ssd/lsgloc_ws/build/bcr_bot'), ('TURTLEBOT3_MODEL', 'waffle'), ('LC_ALL', 'en_US.UTF-8'), ('XDG_CONFIG_DIRS', '/etc/xdg/xdg-ubuntu:/etc/xdg'), ('CONDA_EXE', '/home/sensethreat/anaconda3/bin/conda'), ('NVM_CD_FLAGS', ''), ('XDG_DATA_DIRS', '/usr/share/ubuntu:/usr/share/gnome:/usr/local/share/:/usr/share/:/var/lib/snapd/desktop'), ('LDS_MODEL', 'LDS-01'), ('PYTHONPATH', '/opt/ros/humble/lib/python3.10/site-packages:/opt/ros/humble/local/lib/python3.10/dist-packages'), ('COLCON', '1'), ('CMAKE_PREFIX_PATH', '/opt/ros/humble')]), 'shell': False}
[0.047118] (semantic_msgs) StdoutLine: {'line': b'[  2%] Built target semantic_msgs__cpp\n'}
[0.048002] (semantic_msgs) StdoutLine: {'line': b'[ 12%] Built target semantic_msgs__rosidl_generator_c\n'}
[0.053504] (semantic_msgs) StdoutLine: {'line': b'[ 12%] Built target ament_cmake_python_copy_semantic_msgs\n'}
[0.062664] (semantic_msgs) StdoutLine: {'line': b'[ 23%] Built target semantic_msgs__rosidl_typesupport_cpp\n'}
[0.062867] (semantic_msgs) StdoutLine: {'line': b'[ 33%] Built target semantic_msgs__rosidl_typesupport_c\n'}
[0.063165] (semantic_msgs) StdoutLine: {'line': b'[ 43%] Built target semantic_msgs__rosidl_typesupport_introspection_cpp\n'}
[0.063370] (semantic_msgs) StdoutLine: {'line': b'[ 53%] Built target semantic_msgs__rosidl_typesupport_introspection_c\n'}
[0.063548] (semantic_msgs) StdoutLine: {'line': b'[ 64%] Built target semantic_msgs__rosidl_typesupport_fastrtps_cpp\n'}
[0.063761] (semantic_msgs) StdoutLine: {'line': b'[ 74%] Built target semantic_msgs__rosidl_typesupport_fastrtps_c\n'}
[0.077709] (semantic_msgs) StdoutLine: {'line': b'[ 74%] Built target semantic_msgs\n'}
[0.091891] (semantic_msgs) StdoutLine: {'line': b'[ 76%] Built target semantic_msgs__py\n'}
[0.099819] (-) TimerEvent: {}
[0.107164] (semantic_msgs) StdoutLine: {'line': b'[ 84%] Built target semantic_msgs__rosidl_generator_py\n'}
[0.122482] (semantic_msgs) StdoutLine: {'line': b'[ 89%] Built target semantic_msgs__rosidl_typesupport_c__pyext\n'}
[0.122570] (semantic_msgs) StdoutLine: {'line': b'[100%] Built target semantic_msgs__rosidl_typesupport_introspection_c__pyext\n'}
[0.122614] (semantic_msgs) StdoutLine: {'line': b'[100%] Built target semantic_msgs__rosidl_typesupport_fastrtps_c__pyext\n'}
[0.199888] (-) TimerEvent: {}
[0.261248] (bcr_bot) CommandEnded: {'returncode': 0}
[0.261739] (bcr_bot) JobProgress: {'identifier': 'bcr_bot', 'progress': 'install'}
[0.269235] (bcr_bot) Command: {'cmd': ['/usr/bin/cmake', '--install', '/mnt/ssd/lsgloc_ws/build/bcr_bot'], 'cwd': '/mnt/ssd/lsgloc_ws/build/bcr_bot', 'env': OrderedDict([('GJS_DEBUG_TOPICS', 'JS ERROR;JS LOG'), ('PYTHON_BASIC_REPL', '1'), ('LESSOPEN', '| /usr/bin/lesspipe %s'), ('LANGUAGE', 'en_SG:en'), ('USER', 'sensethreat'), ('XDG_SESSION_TYPE', 'x11'), ('GIT_ASKPASS', '/usr/share/code/resources/app/extensions/git/dist/askpass.sh'), ('SHLVL', '1'), ('LD_LIBRARY_PATH', '/usr/local/cuda/lib64:/usr/lib/x86_64-linux-gnu/gazebo-11/plugins:/opt/ros/humble/opt/rviz_ogre_vendor/lib:/opt/ros/humble/lib/x86_64-linux-gnu:/opt/ros/humble/lib:/usr/local/cuda/lib64:'), ('HOME', '/home/sensethreat'), ('CHROME_DESKTOP', 'code.desktop'), ('CONDA_SHLVL', '0'), ('TERM_PROGRAM_VERSION', '1.108.2'), ('DESKTOP_SESSION', 'ubuntu'), ('NVM_BIN', '/home/sensethreat/.nvm/versions/node/v20.20.1/bin'), ('NVM_INC', '/home/sensethreat/.nvm/versions/node/v20.20.1/include/node'), ('GIO_LAUNCHED_DESKTOP_FILE', '/usr/share/applications/code.desktop'), ('ROS_PYTHON_VERSION', '3'), ('GNOME_SHELL_SESSION_MODE', 'ubuntu'), ('GTK_MODULES', 'gail:atk-bridge'), ('VSCODE_GIT_ASKPASS_MAIN', '/usr/share/code/resources/app/extensions/git/dist/askpass-main.js'), ('VSCODE_GIT_ASKPASS_NODE', '/usr/share/code/code'), ('MANAGERPID', '4235'), ('PYDEVD_DISABLE_FILE_VALIDATION', '1'), ('SYSTEMD_EXEC_PID', '4526'), ('BUNDLED_DEBUGPY_PATH', '/home/sensethreat/.vscode/extensions/ms-python.debugpy-2025.18.0-linux-x64/bundled/libs/debugpy'), ('VSCODE_PYTHON_AUTOACTIVATE_GUARD', '1'), ('DBUS_SESSION_BUS_ADDRESS', 'unix:path=/run/user/1000/bus'), ('COLORTERM', 'truecolor'), ('_CE_M', ''), ('GIO_LAUNCHED_DESKTOP_FILE_PID', '1699102'), ('NVM_DIR', '/home/sensethreat/.nvm'), ('ROS_DISTRO', 'humble'), ('GTK_IM_MODULE', 'ibus'), ('LOGNAME', 'sensethreat'), ('JOURNAL_STREAM', '8:25865'), ('_', '/usr/bin/colcon'), ('ROS_VERSION', '2'), ('CLAUDE_CODE_SSE_PORT', '13146'), ('XDG_SESSION_CLASS', 'user'), ('GEMINI_CLI_IDE_WORKSPACE_PATH', '/mnt/ssd/lsgloc_ws'), ('USERNAME', 'sensethreat'), ('TERM', 'xterm-256color'), ('GNOME_DESKTOP_SESSION_ID', 'this-is-deprecated'), ('_CE_CONDA', ''), ('FC_FONTATIONS', '1'), ('ROS_LOCALHOST_ONLY', '0'), ('GEMINI_CLI_IDE_SERVER_PORT', '37737'), ('WINDOWPATH', '2'), ('PATH', '/usr/local/cuda/bin:/home/sensethreat/.config/Code/User/globalStorage/github.copilot-chat/debugCommand:/home/sensethreat/.config/Code/User/globalStorage/github.copilot-chat/copilotCli:/home/sensethreat/.local/bin:/home/sensethreat/.nvm/versions/node/v20.20.1/bin:/opt/ros/humble/bin:/home/sensethreat/anaconda3/condabin:/usr/local/cuda/bin:/home/sensethreat/.local/bin:/usr/local/sbin:/usr/local/bin:/usr/sbin:/usr/bin:/sbin:/bin:/usr/games:/usr/local/games:/snap/bin:/snap/bin:/home/sensethreat/.vscode/extensions/ms-python.debugpy-2025.18.0-linux-x64/bundled/scripts/noConfigScripts'), ('SESSION_MANAGER', 'local/gr00t-4090:@/tmp/.ICE-unix/4476,unix/gr00t-4090:/tmp/.ICE-unix/4476'), ('INVOCATION_ID', '2f188857ecf04eb188026dc287baa7cc'), ('XDG_MENU_PREFIX', 'gnome-'), ('XDG_RUNTIME_DIR', '/run/user/1000'), ('GDK_BACKEND', 'x11'), ('DISPLAY', ':1'), ('VSCODE_DEBUGPY_ADAPTER_ENDPOINTS', '/home/sensethreat/.vscode/extensions/ms-python.debugpy-2025.18.0-linux-x64/.noConfigDebugAdapterEndpoints/endpoint-9686078bbb06aef1.txt'), ('LANG', 'en_US.UTF-8'), ('XDG_CURRENT_DESKTOP', 'ubuntu:GNOME'), ('PYTHONSTARTUP', '/home/sensethreat/.config/Code/User/workspaceStorage/a1ba31dbdeff2a34003cc17b1390a45e/ms-python.python/pythonrc.py'), ('XMODIFIERS', '@im=ibus'), ('XDG_SESSION_DESKTOP', 'ubuntu'), ('XAUTHORITY', '/run/user/1000/gdm/Xauthority'), ('LS_COLORS', 'rs=0:di=01;34:ln=01;36:mh=00:pi=40;33:so=01;35:do=01;35:bd=40;33;01:cd=40;33;01:or=40;31;01:mi=00:su=37;41:sg=30;43:ca=30;41:tw=30;42:ow=34;42:st=37;44:ex=01;32:*.tar=01;31:*.tgz=01;31:*.arc=01;31:*.arj=01;31:*.taz=01;31:*.lha=01;31:*.lz4=01;31:*.lzh=01;31:*.lzma=01;31:*.tlz=01;31:*.txz=01;31:*.tzo=01;31:*.t7z=01;31:*.zip=01;31:*.z=01;31:*.dz=01;31:*.gz=01;31:*.lrz=01;31:*.lz=01;31:*.lzo=01;31:*.xz=01;31:*.zst=01;31:*.tzst=01;31:*.bz2=01;31:*.bz=01;31:*.tbz=01;31:*.tbz2=01;31:*.tz=01;31:*.deb=01;31:*.rpm=01;31:*.jar=01;31:*.war=01;31:*.ear=01;31:*.sar=01;31:*.rar=01;31:*.alz=01;31:*.ace=01;31:*.zoo=01;31:*.cpio=01;31:*.7z=01;31:*.rz=01;31:*.cab=01;31:*.wim=01;31:*.swm=01;31:*.dwm=01;31:*.esd=01;31:*.jpg=01;35:*.jpeg=01;35:*.mjpg=01;35:*.mjpeg=01;35:*.gif=01;35:*.bmp=01;35:*.pbm=01;35:*.pgm=01;35:*.ppm=01;35:*.tga=01;35:*.xbm=01;35:*.xpm=01;35:*.tif=01;35:*.tiff=01;35:*.png=01;35:*.svg=01;35:*.svgz=01;35:*.mng=01;35:*.pcx=01;35:*.mov=01;35:*.mpg=01;35:*.mpeg=01;35:*.m2v=01;35:*.mkv=01;35:*.webm=01;35:*.webp=01;35:*.ogm=01;35:*.mp4=01;35:*.m4v=01;35:*.mp4v=01;35:*.vob=01;35:*.qt=01;35:*.nuv=01;35:*.wmv=01;35:*.asf=01;35:*.rm=01;35:*.rmvb=01;35:*.flc=01;35:*.avi=01;35:*.fli=01;35:*.flv=01;35:*.gl=01;35:*.dl=01;35:*.xcf=01;35:*.xwd=01;35:*.yuv=01;35:*.cgm=01;35:*.emf=01;35:*.ogv=01;35:*.ogx=01;35:*.aac=00;36:*.au=00;36:*.flac=00;36:*.m4a=00;36:*.mid=00;36:*.midi=00;36:*.mka=00;36:*.mp3=00;36:*.mpc=00;36:*.ogg=00;36:*.ra=00;36:*.wav=00;36:*.oga=00;36:*.opus=00;36:*.spx=00;36:*.xspf=00;36:'), ('VSCODE_GIT_IPC_HANDLE', '/run/user/1000/vscode-git-e747b80a0c.sock'), ('TERM_PROGRAM', 'vscode'), ('SSH_AGENT_LAUNCHER', 'gnome-keyring'), ('SSH_AUTH_SOCK', '/run/user/1000/keyring/ssh'), ('ROS_DOMAIN_ID', '42'), ('AMENT_PREFIX_PATH', '/opt/ros/humble'), ('CONDA_PYTHON_EXE', '/home/sensethreat/anaconda3/bin/python'), ('SHELL', '/bin/bash'), ('QT_ACCESSIBILITY', '1'), ('GDMSESSION', 'ubuntu'), ('LESSCLOSE', '/usr/bin/lesspipe %s %s'), ('GPG_AGENT_INFO', '/run/user/1000/gnupg/S.gpg-agent:0:1'), ('GJS_DEBUG_OUTPUT', 'stderr'), ('VSCODE_GIT_ASKPASS_EXTRA_ARGS', ''), ('QT_IM_MODULE', 'ibus'), ('GEMINI_CLI_IDE_AUTH_TOKEN', '26413f97-634b-4051-b3bb-35b322666b9d'), ('PWD', '/mnt/ssd/lsgloc_ws/build/bcr_bot'), ('TURTLEBOT3_MODEL', 'waffle'), ('LC_ALL', 'en_US.UTF-8'), ('XDG_CONFIG_DIRS', '/etc/xdg/xdg-ubuntu:/etc/xdg'), ('CONDA_EXE', '/home/sensethreat/anaconda3/bin/conda'), ('NVM_CD_FLAGS', ''), ('XDG_DATA_DIRS', '/usr/share/ubuntu:/usr/share/gnome:/usr/local/share/:/usr/share/:/var/lib/snapd/desktop'), ('LDS_MODEL', 'LDS-01'), ('PYTHONPATH', '/opt/ros/humble/lib/python3.10/site-packages:/opt/ros/humble/local/lib/python3.10/dist-packages'), ('COLCON', '1'), ('CMAKE_PREFIX_PATH', '/opt/ros/humble')]), 'shell': False}
[0.275905] (bcr_bot) StdoutLine: {'line': b'-- Install configuration: ""\n'}
[0.276029] (bcr_bot) StdoutLine: {'line': b'-- Up-to-date: /mnt/ssd/lsgloc_ws/install/bcr_bot/share/bcr_bot//launch\n'}
[0.276081] (bcr_bot) StdoutLine: {'line': b'-- Up-to-date: /mnt/ssd/lsgloc_ws/install/bcr_bot/share/bcr_bot//launch/bcr_bot_gz_spawn.launch.py\n'}
[0.276126] (bcr_bot) StdoutLine: {'line': b'-- Up-to-date: /mnt/ssd/lsgloc_ws/install/bcr_bot/share/bcr_bot//launch/bcr_bot_gazebo_spawn.launch.py\n'}
[0.276295] (bcr_bot) StdoutLine: {'line': b'-- Up-to-date: /mnt/ssd/lsgloc_ws/install/bcr_bot/share/bcr_bot//launch/nav2.launch.py\n'}
[0.276343] (bcr_bot) StdoutLine: {'line': b'-- Up-to-date: /mnt/ssd/lsgloc_ws/install/bcr_bot/share/bcr_bot//launch/rviz.launch.py\n'}
[0.276383] (bcr_bot) StdoutLine: {'line': b'-- Up-to-date: /mnt/ssd/lsgloc_ws/install/bcr_bot/share/bcr_bot//launch/gz.launch.py\n'}
[0.276424] (bcr_bot) StdoutLine: {'line': b'-- Up-to-date: /mnt/ssd/lsgloc_ws/install/bcr_bot/share/bcr_bot//launch/ign.launch.py\n'}
[0.276464] (bcr_bot) StdoutLine: {'line': b'-- Up-to-date: /mnt/ssd/lsgloc_ws/install/bcr_bot/share/bcr_bot//launch/mapping.launch.py\n'}
[0.276503] (bcr_bot) StdoutLine: {'line': b'-- Up-to-date: /mnt/ssd/lsgloc_ws/install/bcr_bot/share/bcr_bot//launch/gazebo.launch.py\n'}
[0.276542] (bcr_bot) StdoutLine: {'line': b'-- Up-to-date: /mnt/ssd/lsgloc_ws/install/bcr_bot/share/bcr_bot//launch/bcr_bot_ign_spawn.launch.py\n'}
[0.276582] (bcr_bot) StdoutLine: {'line': b'-- Up-to-date: /mnt/ssd/lsgloc_ws/install/bcr_bot/share/bcr_bot//launch/teleop.launch.py\n'}
[0.276621] (bcr_bot) StdoutLine: {'line': b'-- Up-to-date: /mnt/ssd/lsgloc_ws/install/bcr_bot/share/bcr_bot//meshes\n'}
[0.276669] (bcr_bot) StdoutLine: {'line': b'-- Up-to-date: /mnt/ssd/lsgloc_ws/install/bcr_bot/share/bcr_bot//meshes/kinect\n'}
[0.276710] (bcr_bot) StdoutLine: {'line': b'-- Up-to-date: /mnt/ssd/lsgloc_ws/install/bcr_bot/share/bcr_bot//meshes/kinect/kinect.jpg\n'}
[0.276749] (bcr_bot) StdoutLine: {'line': b'-- Up-to-date: /mnt/ssd/lsgloc_ws/install/bcr_bot/share/bcr_bot//meshes/kinect/kinect.dae\n'}
[0.276886] (bcr_bot) StdoutLine: {'line': b'-- Up-to-date: /mnt/ssd/lsgloc_ws/install/bcr_bot/share/bcr_bot//meshes/kinect/d415.dae\n'}
[0.276942] (bcr_bot) StdoutLine: {'line': b'-- Up-to-date: /mnt/ssd/lsgloc_ws/install/bcr_bot/share/bcr_bot//meshes/kinect/kinect.tga\n'}
[0.276996] (bcr_bot) StdoutLine: {'line': b'-- Up-to-date: /mnt/ssd/lsgloc_ws/install/bcr_bot/share/bcr_bot//meshes/logo.png\n'}
[0.277039] (bcr_bot) StdoutLine: {'line': b'-- Up-to-date: /mnt/ssd/lsgloc_ws/install/bcr_bot/share/bcr_bot//meshes/realsense_texture.png\n'}
[0.277080] (bcr_bot) StdoutLine: {'line': b'-- Up-to-date: /mnt/ssd/lsgloc_ws/install/bcr_bot/share/bcr_bot//meshes/bcr_bot_mesh.dae\n'}
[0.277128] (bcr_bot) StdoutLine: {'line': b'-- Up-to-date: /mnt/ssd/lsgloc_ws/install/bcr_bot/share/bcr_bot//models\n'}
[0.277171] (bcr_bot) StdoutLine: {'line': b'-- Up-to-date: /mnt/ssd/lsgloc_ws/install/bcr_bot/share/bcr_bot//models/aws_robomaker_warehouse_WallB_01\n'}
[0.277214] (bcr_bot) StdoutLine: {'line': b'-- Up-to-date: /mnt/ssd/lsgloc_ws/install/bcr_bot/share/bcr_bot//models/aws_robomaker_warehouse_WallB_01/model.config\n'}
[0.277257] (bcr_bot) StdoutLine: {'line': b'-- Up-to-date: /mnt/ssd/lsgloc_ws/install/bcr_bot/share/bcr_bot//models/aws_robomaker_warehouse_WallB_01/model.sdf\n'}
[0.277301] (bcr_bot) StdoutLine: {'line': b'-- Up-to-date: /mnt/ssd/lsgloc_ws/install/bcr_bot/share/bcr_bot//models/aws_robomaker_warehouse_WallB_01/meshes\n'}
[0.277344] (bcr_bot) StdoutLine: {'line': b'-- Up-to-date: /mnt/ssd/lsgloc_ws/install/bcr_bot/share/bcr_bot//models/aws_robomaker_warehouse_WallB_01/meshes/aws_robomaker_warehouse_WallB_01_collision.DAE\n'}
[0.277387] (bcr_bot) StdoutLine: {'line': b'-- Up-to-date: /mnt/ssd/lsgloc_ws/install/bcr_bot/share/bcr_bot//models/aws_robomaker_warehouse_WallB_01/meshes/aws_robomaker_warehouse_WallB_01_visual.DAE\n'}
[0.277430] (bcr_bot) StdoutLine: {'line': b'-- Up-to-date: /mnt/ssd/lsgloc_ws/install/bcr_bot/share/bcr_bot//models/aws_robomaker_warehouse_WallB_01/materials\n'}
[0.277474] (bcr_bot) StdoutLine: {'line': b'-- Up-to-date: /mnt/ssd/lsgloc_ws/install/bcr_bot/share/bcr_bot//models/aws_robomaker_warehouse_WallB_01/materials/textures\n'}
[0.277518] (bcr_bot) StdoutLine: {'line': b'-- Up-to-date: /mnt/ssd/lsgloc_ws/install/bcr_bot/share/bcr_bot//models/aws_robomaker_warehouse_WallB_01/materials/textures/aws_robomaker_warehouse_WallB_01.png\n'}
[0.277557] (bcr_bot) StdoutLine: {'line': b'-- Up-to-date: /mnt/ssd/lsgloc_ws/install/bcr_bot/share/bcr_bot//models/aws_robomaker_warehouse_ClutteringA_01\n'}
[0.277597] (bcr_bot) StdoutLine: {'line': b'-- Up-to-date: /mnt/ssd/lsgloc_ws/install/bcr_bot/share/bcr_bot//models/aws_robomaker_warehouse_ClutteringA_01/model.config\n'}
[0.277636] (bcr_bot) StdoutLine: {'line': b'-- Up-to-date: /mnt/ssd/lsgloc_ws/install/bcr_bot/share/bcr_bot//models/aws_robomaker_warehouse_ClutteringA_01/model.sdf\n'}
[0.277692] (bcr_bot) StdoutLine: {'line': b'-- Up-to-date: /mnt/ssd/lsgloc_ws/install/bcr_bot/share/bcr_bot//models/aws_robomaker_warehouse_ClutteringA_01/meshes\n'}
[0.277789] (bcr_bot) StdoutLine: {'line': b'-- Up-to-date: /mnt/ssd/lsgloc_ws/install/bcr_bot/share/bcr_bot//models/aws_robomaker_warehouse_ClutteringA_01/meshes/aws_robomaker_warehouse_ClutteringA_01_collision.DAE\n'}
[0.277911] (bcr_bot) StdoutLine: {'line': b'-- Up-to-date: /mnt/ssd/lsgloc_ws/install/bcr_bot/share/bcr_bot//models/aws_robomaker_warehouse_ClutteringA_01/meshes/aws_robomaker_warehouse_ClutteringA_01_visual.DAE\n'}
[0.277951] (bcr_bot) StdoutLine: {'line': b'-- Up-to-date: /mnt/ssd/lsgloc_ws/install/bcr_bot/share/bcr_bot//models/aws_robomaker_warehouse_ClutteringA_01/.DS_Store\n'}
[0.277987] (bcr_bot) StdoutLine: {'line': b'-- Up-to-date: /mnt/ssd/lsgloc_ws/install/bcr_bot/share/bcr_bot//models/aws_robomaker_warehouse_ClutteringA_01/materials\n'}
[0.278028] (bcr_bot) StdoutLine: {'line': b'-- Up-to-date: /mnt/ssd/lsgloc_ws/install/bcr_bot/share/bcr_bot//models/aws_robomaker_warehouse_ClutteringA_01/materials/textures\n'}
[0.278103] (bcr_bot) StdoutLine: {'line': b'-- Up-to-date: /mnt/ssd/lsgloc_ws/install/bcr_bot/share/bcr_bot//models/aws_robomaker_warehouse_ClutteringA_01/materials/textures/aws_robomaker_warehouse_ClutteringA_03.png\n'}
[0.278141] (bcr_bot) StdoutLine: {'line': b'-- Up-to-date: /mnt/ssd/lsgloc_ws/install/bcr_bot/share/bcr_bot//models/aws_robomaker_warehouse_ClutteringA_01/materials/textures/aws_robomaker_warehouse_ClutteringA_01.png\n'}
[0.278184] (bcr_bot) StdoutLine: {'line': b'-- Up-to-date: /mnt/ssd/lsgloc_ws/install/bcr_bot/share/bcr_bot//models/aws_robomaker_warehouse_ClutteringA_01/materials/textures/aws_robomaker_warehouse_ClutteringA_02.png\n'}
[0.278217] (bcr_bot) StdoutLine: {'line': b'-- Up-to-date: /mnt/ssd/lsgloc_ws/install/bcr_bot/share/bcr_bot//models/aws_robomaker_warehouse_ClutteringA_01/materials/textures/.DS_Store\n'}
[0.278249] (bcr_bot) StdoutLine: {'line': b'-- Up-to-date: /mnt/ssd/lsgloc_ws/install/bcr_bot/share/bcr_bot//models/aws_robomaker_warehouse_ClutteringA_01/materials/.DS_Store\n'}
[0.278279] (bcr_bot) StdoutLine: {'line': b'-- Up-to-date: /mnt/ssd/lsgloc_ws/install/bcr_bot/share/bcr_bot//models/aws_robomaker_warehouse_ShelfF_01\n'}
[0.278309] (bcr_bot) StdoutLine: {'line': b'-- Up-to-date: /mnt/ssd/lsgloc_ws/install/bcr_bot/share/bcr_bot//models/aws_robomaker_warehouse_ShelfF_01/model.config\n'}
[0.278339] (bcr_bot) StdoutLine: {'line': b'-- Up-to-date: /mnt/ssd/lsgloc_ws/install/bcr_bot/share/bcr_bot//models/aws_robomaker_warehouse_ShelfF_01/model.sdf\n'}
[0.278368] (bcr_bot) StdoutLine: {'line': b'-- Up-to-date: /mnt/ssd/lsgloc_ws/install/bcr_bot/share/bcr_bot//models/aws_robomaker_warehouse_ShelfF_01/meshes\n'}
[0.278406] (bcr_bot) StdoutLine: {'line': b'-- Up-to-date: /mnt/ssd/lsgloc_ws/install/bcr_bot/share/bcr_bot//models/aws_robomaker_warehouse_ShelfF_01/meshes/aws_robomaker_warehouse_ShelfF_01_collision.DAE\n'}
[0.278437] (bcr_bot) StdoutLine: {'line': b'-- Up-to-date: /mnt/ssd/lsgloc_ws/install/bcr_bot/share/bcr_bot//models/aws_robomaker_warehouse_ShelfF_01/meshes/aws_robomaker_warehouse_ShelfF_01_visual.DAE\n'}
[0.278466] (bcr_bot) StdoutLine: {'line': b'-- Up-to-date: /mnt/ssd/lsgloc_ws/install/bcr_bot/share/bcr_bot//models/aws_robomaker_warehouse_ShelfF_01/materials\n'}
[0.278496] (bcr_bot) StdoutLine: {'line': b'-- Up-to-date: /mnt/ssd/lsgloc_ws/install/bcr_bot/share/bcr_bot//models/aws_robomaker_warehouse_ShelfF_01/materials/textures\n'}
[0.278525] (bcr_bot) StdoutLine: {'line': b'-- Up-to-date: /mnt/ssd/lsgloc_ws/install/bcr_bot/share/bcr_bot//models/aws_robomaker_warehouse_ShelfF_01/materials/textures/aws_robomaker_warehouse_ShelfF_03.png\n'}
[0.278555] (bcr_bot) StdoutLine: {'line': b'-- Up-to-date: /mnt/ssd/lsgloc_ws/install/bcr_bot/share/bcr_bot//models/aws_robomaker_warehouse_ShelfF_01/materials/textures/aws_robomaker_warehouse_ShelfF_01.png\n'}
[0.278584] (bcr_bot) StdoutLine: {'line': b'-- Up-to-date: /mnt/ssd/lsgloc_ws/install/bcr_bot/share/bcr_bot//models/aws_robomaker_warehouse_ShelfF_01/materials/textures/aws_robomaker_warehouse_ShelfF_02.png\n'}
[0.278614] (bcr_bot) StdoutLine: {'line': b'-- Up-to-date: /mnt/ssd/lsgloc_ws/install/bcr_bot/share/bcr_bot//models/aws_robomaker_warehouse_DeskC_01\n'}
[0.278671] (bcr_bot) StdoutLine: {'line': b'-- Up-to-date: /mnt/ssd/lsgloc_ws/install/bcr_bot/share/bcr_bot//models/aws_robomaker_warehouse_DeskC_01/model.config\n'}
[0.278747] (bcr_bot) StdoutLine: {'line': b'-- Up-to-date: /mnt/ssd/lsgloc_ws/install/bcr_bot/share/bcr_bot//models/aws_robomaker_warehouse_DeskC_01/model.sdf\n'}
[0.278777] (bcr_bot) StdoutLine: {'line': b'-- Up-to-date: /mnt/ssd/lsgloc_ws/install/bcr_bot/share/bcr_bot//models/aws_robomaker_warehouse_DeskC_01/meshes\n'}
[0.278806] (bcr_bot) StdoutLine: {'line': b'-- Up-to-date: /mnt/ssd/lsgloc_ws/install/bcr_bot/share/bcr_bot//models/aws_robomaker_warehouse_DeskC_01/meshes/aws_robomaker_warehouse_DeskC_01_visual.DAE\n'}
[0.278835] (bcr_bot) StdoutLine: {'line': b'-- Up-to-date: /mnt/ssd/lsgloc_ws/install/bcr_bot/share/bcr_bot//models/aws_robomaker_warehouse_DeskC_01/meshes/aws_robomaker_warehouse_DeskC_01_collision.DAE\n'}
[0.278888] (bcr_bot) StdoutLine: {'line': b'-- Up-to-date: /mnt/ssd/lsgloc_ws/install/bcr_bot/share/bcr_bot//models/aws_robomaker_warehouse_DeskC_01/materials\n'}
[0.278918] (bcr_bot) StdoutLine: {'line': b'-- Up-to-date: /mnt/ssd/lsgloc_ws/install/bcr_bot/share/bcr_bot//models/aws_robomaker_warehouse_DeskC_01/materials/textures\n'}
[0.278963] (bcr_bot) StdoutLine: {'line': b'-- Up-to-date: /mnt/ssd/lsgloc_ws/install/bcr_bot/share/bcr_bot//models/aws_robomaker_warehouse_DeskC_01/materials/textures/aws_robomaker_warehouse_DeskC_01.png\n'}
[0.278993] (bcr_bot) StdoutLine: {'line': b'-- Up-to-date: /mnt/ssd/lsgloc_ws/install/bcr_bot/share/bcr_bot//models/aws_robomaker_warehouse_DeskC_01/materials/textures/aws_robomaker_warehouse_DeskC_04.png\n'}
[0.279022] (bcr_bot) StdoutLine: {'line': b'-- Up-to-date: /mnt/ssd/lsgloc_ws/install/bcr_bot/share/bcr_bot//models/aws_robomaker_warehouse_DeskC_01/materials/textures/aws_robomaker_warehouse_DeskC_03.psd\n'}
[0.279052] (bcr_bot) StdoutLine: {'line': b'-- Up-to-date: /mnt/ssd/lsgloc_ws/install/bcr_bot/share/bcr_bot//models/aws_robomaker_warehouse_DeskC_01/materials/textures/aws_robomaker_warehouse_DeskC_03.png\n'}
[0.279081] (bcr_bot) StdoutLine: {'line': b'-- Up-to-date: /mnt/ssd/lsgloc_ws/install/bcr_bot/share/bcr_bot//models/aws_robomaker_warehouse_DeskC_01/materials/textures/aws_robomaker_warehouse_DeskC_02.png\n'}
[0.279144] (bcr_bot) StdoutLine: {'line': b'-- Up-to-date: /mnt/ssd/lsgloc_ws/install/bcr_bot/share/bcr_bot//models/aws_robomaker_warehouse_DeskC_01/materials/.DS_Store\n'}
[0.279174] (bcr_bot) StdoutLine: {'line': b'-- Up-to-date: /mnt/ssd/lsgloc_ws/install/bcr_bot/share/bcr_bot//models/aws_robomaker_warehouse_Lamp_01\n'}
[0.279203] (bcr_bot) StdoutLine: {'line': b'-- Up-to-date: /mnt/ssd/lsgloc_ws/install/bcr_bot/share/bcr_bot//models/aws_robomaker_warehouse_Lamp_01/model.config\n'}
[0.279233] (bcr_bot) StdoutLine: {'line': b'-- Up-to-date: /mnt/ssd/lsgloc_ws/install/bcr_bot/share/bcr_bot//models/aws_robomaker_warehouse_Lamp_01/model.sdf\n'}
[0.279262] (bcr_bot) StdoutLine: {'line': b'-- Up-to-date: /mnt/ssd/lsgloc_ws/install/bcr_bot/share/bcr_bot//models/aws_robomaker_warehouse_Lamp_01/meshes\n'}
[0.279292] (bcr_bot) StdoutLine: {'line': b'-- Up-to-date: /mnt/ssd/lsgloc_ws/install/bcr_bot/share/bcr_bot//models/aws_robomaker_warehouse_Lamp_01/meshes/aws_robomaker_warehouse_Lamp_01_collision.DAE\n'}
[0.279322] (bcr_bot) StdoutLine: {'line': b'-- Up-to-date: /mnt/ssd/lsgloc_ws/install/bcr_bot/share/bcr_bot//models/aws_robomaker_warehouse_Lamp_01/meshes/aws_robomaker_warehouse_Lamp_01_visual.DAE\n'}
[0.279351] (bcr_bot) StdoutLine: {'line': b'-- Up-to-date: /mnt/ssd/lsgloc_ws/install/bcr_bot/share/bcr_bot//models/aws_robomaker_warehouse_Lamp_01/materials\n'}
[0.279380] (bcr_bot) StdoutLine: {'line': b'-- Up-to-date: /mnt/ssd/lsgloc_ws/install/bcr_bot/share/bcr_bot//models/aws_robomaker_warehouse_Lamp_01/materials/textures\n'}
[0.279409] (bcr_bot) StdoutLine: {'line': b'-- Up-to-date: /mnt/ssd/lsgloc_ws/install/bcr_bot/share/bcr_bot//models/aws_robomaker_warehouse_Lamp_01/materials/textures/aws_robomaker_warehouse_Lamp_01.png\n'}
[0.279449] (bcr_bot) StdoutLine: {'line': b'-- Up-to-date: /mnt/ssd/lsgloc_ws/install/bcr_bot/share/bcr_bot//models/aws_robomaker_warehouse_PalletJackB_01\n'}
[0.279479] (bcr_bot) StdoutLine: {'line': b'-- Up-to-date: /mnt/ssd/lsgloc_ws/install/bcr_bot/share/bcr_bot//models/aws_robomaker_warehouse_PalletJackB_01/model.config\n'}
[0.279508] (bcr_bot) StdoutLine: {'line': b'-- Up-to-date: /mnt/ssd/lsgloc_ws/install/bcr_bot/share/bcr_bot//models/aws_robomaker_warehouse_PalletJackB_01/model.sdf\n'}
[0.279536] (bcr_bot) StdoutLine: {'line': b'-- Up-to-date: /mnt/ssd/lsgloc_ws/install/bcr_bot/share/bcr_bot//models/aws_robomaker_warehouse_PalletJackB_01/meshes\n'}
[0.279566] (bcr_bot) StdoutLine: {'line': b'-- Up-to-date: /mnt/ssd/lsgloc_ws/install/bcr_bot/share/bcr_bot//models/aws_robomaker_warehouse_PalletJackB_01/meshes/aws_robomaker_warehouse_PalletJackB_01_collision.DAE\n'}
[0.279594] (bcr_bot) StdoutLine: {'line': b'-- Up-to-date: /mnt/ssd/lsgloc_ws/install/bcr_bot/share/bcr_bot//models/aws_robomaker_warehouse_PalletJackB_01/meshes/aws_robomaker_warehouse_PalletJackB_01_visual.DAE\n'}
[0.279623] (bcr_bot) StdoutLine: {'line': b'-- Up-to-date: /mnt/ssd/lsgloc_ws/install/bcr_bot/share/bcr_bot//models/aws_robomaker_warehouse_PalletJackB_01/.DS_Store\n'}
[0.279727] (bcr_bot) StdoutLine: {'line': b'-- Up-to-date: /mnt/ssd/lsgloc_ws/install/bcr_bot/share/bcr_bot//models/aws_robomaker_warehouse_PalletJackB_01/materials\n'}
[0.279759] (bcr_bot) StdoutLine: {'line': b'-- Up-to-date: /mnt/ssd/lsgloc_ws/install/bcr_bot/share/bcr_bot//models/aws_robomaker_warehouse_PalletJackB_01/materials/textures\n'}
[0.279789] (bcr_bot) StdoutLine: {'line': b'-- Up-to-date: /mnt/ssd/lsgloc_ws/install/bcr_bot/share/bcr_bot//models/aws_robomaker_warehouse_PalletJackB_01/materials/textures/aws_robomaker_warehouse_PalletJackB_01.png\n'}
[0.279819] (bcr_bot) StdoutLine: {'line': b'-- Up-to-date: /mnt/ssd/lsgloc_ws/install/bcr_bot/share/bcr_bot//models/aws_robomaker_warehouse_PalletJackB_01/materials/textures/aws_robomaker_warehouse_PalletJackB_02.png\n'}
[0.279874] (bcr_bot) StdoutLine: {'line': b'-- Up-to-date: /mnt/ssd/lsgloc_ws/install/bcr_bot/share/bcr_bot//models/aws_robomaker_warehouse_PalletJackB_01/materials/.DS_Store\n'}
[0.279905] (bcr_bot) StdoutLine: {'line': b'-- Up-to-date: /mnt/ssd/lsgloc_ws/install/bcr_bot/share/bcr_bot//models/aws_robomaker_warehouse_ClutteringC_01\n'}
[0.279935] (bcr_bot) StdoutLine: {'line': b'-- Up-to-date: /mnt/ssd/lsgloc_ws/install/bcr_bot/share/bcr_bot//models/aws_robomaker_warehouse_ClutteringC_01/model.config\n'}
[0.279964] (bcr_bot) StdoutLine: {'line': b'-- Up-to-date: /mnt/ssd/lsgloc_ws/install/bcr_bot/share/bcr_bot//models/aws_robomaker_warehouse_ClutteringC_01/model.sdf\n'}
[0.279993] (bcr_bot) StdoutLine: {'line': b'-- Up-to-date: /mnt/ssd/lsgloc_ws/install/bcr_bot/share/bcr_bot//models/aws_robomaker_warehouse_ClutteringC_01/meshes\n'}
[0.280049] (bcr_bot) StdoutLine: {'line': b'-- Up-to-date: /mnt/ssd/lsgloc_ws/install/bcr_bot/share/bcr_bot//models/aws_robomaker_warehouse_ClutteringC_01/meshes/aws_robomaker_warehouse_ClutteringC_01_collision.DAE\n'}
[0.280078] (bcr_bot) StdoutLine: {'line': b'-- Up-to-date: /mnt/ssd/lsgloc_ws/install/bcr_bot/share/bcr_bot//models/aws_robomaker_warehouse_ClutteringC_01/meshes/aws_robomaker_warehouse_ClutteringC_01_visual.DAE\n'}
[0.280108] (bcr_bot) StdoutLine: {'line': b'-- Up-to-date: /mnt/ssd/lsgloc_ws/install/bcr_bot/share/bcr_bot//models/aws_robomaker_warehouse_ClutteringC_01/materials\n'}
[0.280137] (bcr_bot) StdoutLine: {'line': b'-- Up-to-date: /mnt/ssd/lsgloc_ws/install/bcr_bot/share/bcr_bot//models/aws_robomaker_warehouse_ClutteringC_01/materials/textures\n'}
[0.280198] (bcr_bot) StdoutLine: {'line': b'-- Up-to-date: /mnt/ssd/lsgloc_ws/install/bcr_bot/share/bcr_bot//models/aws_robomaker_warehouse_ClutteringC_01/materials/textures/aws_robomaker_warehouse_ClutteringC_02.png\n'}
[0.280228] (bcr_bot) StdoutLine: {'line': b'-- Up-to-date: /mnt/ssd/lsgloc_ws/install/bcr_bot/share/bcr_bot//models/aws_robomaker_warehouse_ClutteringC_01/materials/textures/aws_robomaker_warehouse_ClutteringC_01.png\n'}
[0.280257] (bcr_bot) StdoutLine: {'line': b'-- Up-to-date: /mnt/ssd/lsgloc_ws/install/bcr_bot/share/bcr_bot//models/aws_robomaker_warehouse_Bucket_01\n'}
[0.280286] (bcr_bot) StdoutLine: {'line': b'-- Up-to-date: /mnt/ssd/lsgloc_ws/install/bcr_bot/share/bcr_bot//models/aws_robomaker_warehouse_Bucket_01/model.config\n'}
[0.280315] (bcr_bot) StdoutLine: {'line': b'-- Up-to-date: /mnt/ssd/lsgloc_ws/install/bcr_bot/share/bcr_bot//models/aws_robomaker_warehouse_Bucket_01/model.sdf\n'}
[0.280344] (bcr_bot) StdoutLine: {'line': b'-- Up-to-date: /mnt/ssd/lsgloc_ws/install/bcr_bot/share/bcr_bot//models/aws_robomaker_warehouse_Bucket_01/meshes\n'}
[0.280373] (bcr_bot) StdoutLine: {'line': b'-- Up-to-date: /mnt/ssd/lsgloc_ws/install/bcr_bot/share/bcr_bot//models/aws_robomaker_warehouse_Bucket_01/meshes/aws_robomaker_warehouse_Bucket_01_visual.DAE\n'}
[0.280402] (bcr_bot) StdoutLine: {'line': b'-- Up-to-date: /mnt/ssd/lsgloc_ws/install/bcr_bot/share/bcr_bot//models/aws_robomaker_warehouse_Bucket_01/meshes/aws_robomaker_warehouse_Bucket_01_collision.DAE\n'}
[0.280433] (bcr_bot) StdoutLine: {'line': b'-- Up-to-date: /mnt/ssd/lsgloc_ws/install/bcr_bot/share/bcr_bot//models/aws_robomaker_warehouse_Bucket_01/.DS_Store\n'}
[0.280479] (bcr_bot) StdoutLine: {'line': b'-- Up-to-date: /mnt/ssd/lsgloc_ws/install/bcr_bot/share/bcr_bot//models/aws_robomaker_warehouse_Bucket_01/materials\n'}
[0.280511] (bcr_bot) StdoutLine: {'line': b'-- Up-to-date: /mnt/ssd/lsgloc_ws/install/bcr_bot/share/bcr_bot//models/aws_robomaker_warehouse_Bucket_01/materials/textures\n'}
[0.280543] (bcr_bot) StdoutLine: {'line': b'-- Up-to-date: /mnt/ssd/lsgloc_ws/install/bcr_bot/share/bcr_bot//models/aws_robomaker_warehouse_Bucket_01/materials/textures/aws_robomaker_warehouse_Bucket_01.png\n'}
[0.280621] (bcr_bot) StdoutLine: {'line': b'-- Up-to-date: /mnt/ssd/lsgloc_ws/install/bcr_bot/share/bcr_bot//models/aws_robomaker_warehouse_Bucket_01/materials/.DS_Store\n'}
[0.280671] (bcr_bot) StdoutLine: {'line': b'-- Up-to-date: /mnt/ssd/lsgloc_ws/install/bcr_bot/share/bcr_bot//models/aws_robomaker_warehouse_TrashCanC_01\n'}
[0.280701] (bcr_bot) StdoutLine: {'line': b'-- Up-to-date: /mnt/ssd/lsgloc_ws/install/bcr_bot/share/bcr_bot//models/aws_robomaker_warehouse_TrashCanC_01/model.config\n'}
[0.280730] (bcr_bot) StdoutLine: {'line': b'-- Up-to-date: /mnt/ssd/lsgloc_ws/install/bcr_bot/share/bcr_bot//models/aws_robomaker_warehouse_TrashCanC_01/model.sdf\n'}
[0.280760] (bcr_bot) StdoutLine: {'line': b'-- Up-to-date: /mnt/ssd/lsgloc_ws/install/bcr_bot/share/bcr_bot//models/aws_robomaker_warehouse_TrashCanC_01/meshes\n'}
[0.280790] (bcr_bot) StdoutLine: {'line': b'-- Up-to-date: /mnt/ssd/lsgloc_ws/install/bcr_bot/share/bcr_bot//models/aws_robomaker_warehouse_TrashCanC_01/meshes/aws_robomaker_warehouse_TrashCanC_01_collision.DAE\n'}
[0.280820] (bcr_bot) StdoutLine: {'line': b'-- Up-to-date: /mnt/ssd/lsgloc_ws/install/bcr_bot/share/bcr_bot//models/aws_robomaker_warehouse_TrashCanC_01/meshes/aws_robomaker_warehouse_TrashCanC_01_visual.DAE\n'}
[0.280877] (bcr_bot) StdoutLine: {'line': b'-- Up-to-date: /mnt/ssd/lsgloc_ws/install/bcr_bot/share/bcr_bot//models/aws_robomaker_warehouse_TrashCanC_01/materials\n'}
[0.280906] (bcr_bot) StdoutLine: {'line': b'-- Up-to-date: /mnt/ssd/lsgloc_ws/install/bcr_bot/share/bcr_bot//models/aws_robomaker_warehouse_TrashCanC_01/materials/textures\n'}
[0.280935] (bcr_bot) StdoutLine: {'line': b'-- Up-to-date: /mnt/ssd/lsgloc_ws/install/bcr_bot/share/bcr_bot//models/aws_robomaker_warehouse_TrashCanC_01/materials/textures/aws_robomaker_warehouse_TrashCanC_01.png\n'}
[0.280964] (bcr_bot) StdoutLine: {'line': b'-- Up-to-date: /mnt/ssd/lsgloc_ws/install/bcr_bot/share/bcr_bot//models/aws_robomaker_warehouse_ShelfE_01\n'}
[0.280994] (bcr_bot) StdoutLine: {'line': b'-- Up-to-date: /mnt/ssd/lsgloc_ws/install/bcr_bot/share/bcr_bot//models/aws_robomaker_warehouse_ShelfE_01/model.config\n'}
[0.281023] (bcr_bot) StdoutLine: {'line': b'-- Up-to-date: /mnt/ssd/lsgloc_ws/install/bcr_bot/share/bcr_bot//models/aws_robomaker_warehouse_ShelfE_01/model.sdf\n'}
[0.281053] (bcr_bot) StdoutLine: {'line': b'-- Up-to-date: /mnt/ssd/lsgloc_ws/install/bcr_bot/share/bcr_bot//models/aws_robomaker_warehouse_ShelfE_01/meshes\n'}
[0.281082] (bcr_bot) StdoutLine: {'line': b'-- Up-to-date: /mnt/ssd/lsgloc_ws/install/bcr_bot/share/bcr_bot//models/aws_robomaker_warehouse_ShelfE_01/meshes/aws_robomaker_warehouse_ShelfE_01_collision.DAE\n'}
[0.281112] (bcr_bot) StdoutLine: {'line': b'-- Up-to-date: /mnt/ssd/lsgloc_ws/install/bcr_bot/share/bcr_bot//models/aws_robomaker_warehouse_ShelfE_01/meshes/aws_robomaker_warehouse_ShelfE_01_visual.DAE\n'}
[0.281167] (bcr_bot) StdoutLine: {'line': b'-- Up-to-date: /mnt/ssd/lsgloc_ws/install/bcr_bot/share/bcr_bot//models/aws_robomaker_warehouse_ShelfE_01/.DS_Store\n'}
[0.281197] (bcr_bot) StdoutLine: {'line': b'-- Up-to-date: /mnt/ssd/lsgloc_ws/install/bcr_bot/share/bcr_bot//models/aws_robomaker_warehouse_ShelfE_01/materials\n'}
[0.281226] (bcr_bot) StdoutLine: {'line': b'-- Up-to-date: /mnt/ssd/lsgloc_ws/install/bcr_bot/share/bcr_bot//models/aws_robomaker_warehouse_ShelfE_01/materials/textures\n'}
[0.281281] (bcr_bot) StdoutLine: {'line': b'-- Up-to-date: /mnt/ssd/lsgloc_ws/install/bcr_bot/share/bcr_bot//models/aws_robomaker_warehouse_ShelfE_01/materials/textures/aws_robomaker_warehouse_ShelfE_03.png\n'}
[0.281311] (bcr_bot) StdoutLine: {'line': b'-- Up-to-date: /mnt/ssd/lsgloc_ws/install/bcr_bot/share/bcr_bot//models/aws_robomaker_warehouse_ShelfE_01/materials/textures/aws_robomaker_warehouse_ShelfE_02.png\n'}
[0.281338] (bcr_bot) StdoutLine: {'line': b'-- Up-to-date: /mnt/ssd/lsgloc_ws/install/bcr_bot/share/bcr_bot//models/aws_robomaker_warehouse_ShelfE_01/materials/textures/aws_robomaker_warehouse_ShelfE_04.png\n'}
[0.281365] (bcr_bot) StdoutLine: {'line': b'-- Up-to-date: /mnt/ssd/lsgloc_ws/install/bcr_bot/share/bcr_bot//models/aws_robomaker_warehouse_ShelfE_01/materials/textures/aws_robomaker_warehouse_ShelfE_01.png\n'}
[0.281392] (bcr_bot) StdoutLine: {'line': b'-- Up-to-date: /mnt/ssd/lsgloc_ws/install/bcr_bot/share/bcr_bot//models/aws_robomaker_warehouse_ShelfE_01/materials/.DS_Store\n'}
[0.281419] (bcr_bot) StdoutLine: {'line': b'-- Up-to-date: /mnt/ssd/lsgloc_ws/install/bcr_bot/share/bcr_bot//models/aws_robomaker_warehouse_ClutteringD_01\n'}
[0.281449] (bcr_bot) StdoutLine: {'line': b'-- Up-to-date: /mnt/ssd/lsgloc_ws/install/bcr_bot/share/bcr_bot//models/aws_robomaker_warehouse_ClutteringD_01/model.config\n'}
[0.281478] (bcr_bot) StdoutLine: {'line': b'-- Up-to-date: /mnt/ssd/lsgloc_ws/install/bcr_bot/share/bcr_bot//models/aws_robomaker_warehouse_ClutteringD_01/model.sdf\n'}
[0.281507] (bcr_bot) StdoutLine: {'line': b'-- Up-to-date: /mnt/ssd/lsgloc_ws/install/bcr_bot/share/bcr_bot//models/aws_robomaker_warehouse_ClutteringD_01/meshes\n'}
[0.281536] (bcr_bot) StdoutLine: {'line': b'-- Up-to-date: /mnt/ssd/lsgloc_ws/install/bcr_bot/share/bcr_bot//models/aws_robomaker_warehouse_ClutteringD_01/meshes/aws_robomaker_warehouse_ClutteringD_01_visual.DAE\n'}
[0.281565] (bcr_bot) StdoutLine: {'line': b'-- Up-to-date: /mnt/ssd/lsgloc_ws/install/bcr_bot/share/bcr_bot//models/aws_robomaker_warehouse_ClutteringD_01/meshes/aws_robomaker_warehouse_ClutteringD_01_collision.DAE\n'}
[0.281595] (bcr_bot) StdoutLine: {'line': b'-- Up-to-date: /mnt/ssd/lsgloc_ws/install/bcr_bot/share/bcr_bot//models/aws_robomaker_warehouse_ClutteringD_01/materials\n'}
[0.281624] (bcr_bot) StdoutLine: {'line': b'-- Up-to-date: /mnt/ssd/lsgloc_ws/install/bcr_bot/share/bcr_bot//models/aws_robomaker_warehouse_ClutteringD_01/materials/textures\n'}
[0.281687] (bcr_bot) StdoutLine: {'line': b'-- Up-to-date: /mnt/ssd/lsgloc_ws/install/bcr_bot/share/bcr_bot//models/aws_robomaker_warehouse_ClutteringD_01/materials/textures/aws_robomaker_warehouse_ClutteringD_01.png\n'}
[0.281715] (bcr_bot) StdoutLine: {'line': b'-- Up-to-date: /mnt/ssd/lsgloc_ws/install/bcr_bot/share/bcr_bot//models/aws_robomaker_warehouse_ClutteringD_01/materials/textures/aws_robomaker_warehouse_ClutteringD_02.png\n'}
[0.281742] (bcr_bot) StdoutLine: {'line': b'-- Up-to-date: /mnt/ssd/lsgloc_ws/install/bcr_bot/share/bcr_bot//models/aws_robomaker_warehouse_ShelfD_01\n'}
[0.281774] (bcr_bot) StdoutLine: {'line': b'-- Up-to-date: /mnt/ssd/lsgloc_ws/install/bcr_bot/share/bcr_bot//models/aws_robomaker_warehouse_ShelfD_01/model.config\n'}
[0.281802] (bcr_bot) StdoutLine: {'line': b'-- Up-to-date: /mnt/ssd/lsgloc_ws/install/bcr_bot/share/bcr_bot//models/aws_robomaker_warehouse_ShelfD_01/model.sdf\n'}
[0.281830] (bcr_bot) StdoutLine: {'line': b'-- Up-to-date: /mnt/ssd/lsgloc_ws/install/bcr_bot/share/bcr_bot//models/aws_robomaker_warehouse_ShelfD_01/meshes\n'}
[0.281857] (bcr_bot) StdoutLine: {'line': b'-- Up-to-date: /mnt/ssd/lsgloc_ws/install/bcr_bot/share/bcr_bot//models/aws_robomaker_warehouse_ShelfD_01/meshes/aws_robomaker_warehouse_ShelfD_01_collision.DAE\n'}
[0.281884] (bcr_bot) StdoutLine: {'line': b'-- Up-to-date: /mnt/ssd/lsgloc_ws/install/bcr_bot/share/bcr_bot//models/aws_robomaker_warehouse_ShelfD_01/meshes/aws_robomaker_warehouse_ShelfD_01_visual.DAE\n'}
[0.281911] (bcr_bot) StdoutLine: {'line': b'-- Up-to-date: /mnt/ssd/lsgloc_ws/install/bcr_bot/share/bcr_bot//models/aws_robomaker_warehouse_ShelfD_01/materials\n'}
[0.281937] (bcr_bot) StdoutLine: {'line': b'-- Up-to-date: /mnt/ssd/lsgloc_ws/install/bcr_bot/share/bcr_bot//models/aws_robomaker_warehouse_ShelfD_01/materials/textures\n'}
[0.281967] (bcr_bot) StdoutLine: {'line': b'-- Up-to-date: /mnt/ssd/lsgloc_ws/install/bcr_bot/share/bcr_bot//models/aws_robomaker_warehouse_ShelfD_01/materials/textures/aws_robomaker_warehouse_ShelfD_02.png\n'}
[0.281994] (bcr_bot) StdoutLine: {'line': b'-- Up-to-date: /mnt/ssd/lsgloc_ws/install/bcr_bot/share/bcr_bot//models/aws_robomaker_warehouse_ShelfD_01/materials/textures/aws_robomaker_warehouse_ShelfD_01.png\n'}
[0.282020] (bcr_bot) StdoutLine: {'line': b'-- Up-to-date: /mnt/ssd/lsgloc_ws/install/bcr_bot/share/bcr_bot//models/aws_robomaker_warehouse_ShelfD_01/materials/textures/aws_robomaker_warehouse_ShelfD_03.png\n'}
[0.282047] (bcr_bot) StdoutLine: {'line': b'-- Up-to-date: /mnt/ssd/lsgloc_ws/install/bcr_bot/share/bcr_bot//models/aws_robomaker_warehouse_ShelfD_01/materials/textures/aws_robomaker_warehouse_ShelfD_04.png\n'}
[0.282074] (bcr_bot) StdoutLine: {'line': b'-- Up-to-date: /mnt/ssd/lsgloc_ws/install/bcr_bot/share/bcr_bot//models/aws_robomaker_warehouse_GroundB_01\n'}
[0.282101] (bcr_bot) StdoutLine: {'line': b'-- Up-to-date: /mnt/ssd/lsgloc_ws/install/bcr_bot/share/bcr_bot//models/aws_robomaker_warehouse_GroundB_01/model.config\n'}
[0.282134] (bcr_bot) StdoutLine: {'line': b'-- Up-to-date: /mnt/ssd/lsgloc_ws/install/bcr_bot/share/bcr_bot//models/aws_robomaker_warehouse_GroundB_01/model.sdf\n'}
[0.282161] (bcr_bot) StdoutLine: {'line': b'-- Up-to-date: /mnt/ssd/lsgloc_ws/install/bcr_bot/share/bcr_bot//models/aws_robomaker_warehouse_GroundB_01/meshes\n'}
[0.282188] (bcr_bot) StdoutLine: {'line': b'-- Up-to-date: /mnt/ssd/lsgloc_ws/install/bcr_bot/share/bcr_bot//models/aws_robomaker_warehouse_GroundB_01/meshes/aws_robomaker_warehouse_GroundB_01_visual.DAE\n'}
[0.282215] (bcr_bot) StdoutLine: {'line': b'-- Up-to-date: /mnt/ssd/lsgloc_ws/install/bcr_bot/share/bcr_bot//models/aws_robomaker_warehouse_GroundB_01/meshes/aws_robomaker_warehouse_GroundB_01_collision.DAE\n'}
[0.282243] (bcr_bot) StdoutLine: {'line': b'-- Up-to-date: /mnt/ssd/lsgloc_ws/install/bcr_bot/share/bcr_bot//models/aws_robomaker_warehouse_GroundB_01/materials\n'}
[0.282269] (bcr_bot) StdoutLine: {'line': b'-- Up-to-date: /mnt/ssd/lsgloc_ws/install/bcr_bot/share/bcr_bot//models/aws_robomaker_warehouse_GroundB_01/materials/textures\n'}
[0.282296] (bcr_bot) StdoutLine: {'line': b'-- Up-to-date: /mnt/ssd/lsgloc_ws/install/bcr_bot/share/bcr_bot//models/aws_robomaker_warehouse_GroundB_01/materials/textures/aws_robomaker_warehouse_GroundB_02.png\n'}
[0.282323] (bcr_bot) StdoutLine: {'line': b'-- Up-to-date: /mnt/ssd/lsgloc_ws/install/bcr_bot/share/bcr_bot//models/aws_robomaker_warehouse_GroundB_01/materials/textures/aws_robomaker_warehouse_GroundB_01.png\n'}
[0.282350] (bcr_bot) StdoutLine: {'line': b'-- Up-to-date: /mnt/ssd/lsgloc_ws/install/bcr_bot/share/bcr_bot//models/aws_robomaker_warehouse_RoofB_01\n'}
[0.282377] (bcr_bot) StdoutLine: {'line': b'-- Up-to-date: /mnt/ssd/lsgloc_ws/install/bcr_bot/share/bcr_bot//models/aws_robomaker_warehouse_RoofB_01/model.config\n'}
[0.282404] (bcr_bot) StdoutLine: {'line': b'-- Up-to-date: /mnt/ssd/lsgloc_ws/install/bcr_bot/share/bcr_bot//models/aws_robomaker_warehouse_RoofB_01/model.sdf\n'}
[0.282431] (bcr_bot) StdoutLine: {'line': b'-- Up-to-date: /mnt/ssd/lsgloc_ws/install/bcr_bot/share/bcr_bot//models/aws_robomaker_warehouse_RoofB_01/meshes\n'}
[0.282457] (bcr_bot) StdoutLine: {'line': b'-- Up-to-date: /mnt/ssd/lsgloc_ws/install/bcr_bot/share/bcr_bot//models/aws_robomaker_warehouse_RoofB_01/meshes/aws_robomaker_warehouse_RoofB_01_collision.DAE\n'}
[0.282521] (bcr_bot) StdoutLine: {'line': b'-- Up-to-date: /mnt/ssd/lsgloc_ws/install/bcr_bot/share/bcr_bot//models/aws_robomaker_warehouse_RoofB_01/meshes/aws_robomaker_warehouse_RoofB_01_visual.DAE\n'}
[0.282554] (bcr_bot) StdoutLine: {'line': b'-- Up-to-date: /mnt/ssd/lsgloc_ws/install/bcr_bot/share/bcr_bot//models/aws_robomaker_warehouse_RoofB_01/materials\n'}
[0.282605] (bcr_bot) StdoutLine: {'line': b'-- Up-to-date: /mnt/ssd/lsgloc_ws/install/bcr_bot/share/bcr_bot//models/aws_robomaker_warehouse_RoofB_01/materials/textures\n'}
[0.282704] (bcr_bot) StdoutLine: {'line': b'-- Up-to-date: /mnt/ssd/lsgloc_ws/install/bcr_bot/share/bcr_bot//models/aws_robomaker_warehouse_RoofB_01/materials/textures/aws_robomaker_warehouse_RoofB_01.png\n'}
[0.282750] (bcr_bot) StdoutLine: {'line': b'-- Up-to-date: /mnt/ssd/lsgloc_ws/install/bcr_bot/share/bcr_bot//urdf\n'}
[0.282780] (bcr_bot) StdoutLine: {'line': b'-- Up-to-date: /mnt/ssd/lsgloc_ws/install/bcr_bot/share/bcr_bot//urdf/macros.xacro\n'}
[0.282810] (bcr_bot) StdoutLine: {'line': b'-- Up-to-date: /mnt/ssd/lsgloc_ws/install/bcr_bot/share/bcr_bot//urdf/ign.xacro\n'}
[0.282839] (bcr_bot) StdoutLine: {'line': b'-- Up-to-date: /mnt/ssd/lsgloc_ws/install/bcr_bot/share/bcr_bot//urdf/gazebo.xacro\n'}
[0.282868] (bcr_bot) StdoutLine: {'line': b'-- Up-to-date: /mnt/ssd/lsgloc_ws/install/bcr_bot/share/bcr_bot//urdf/materials.xacro\n'}
[0.282898] (bcr_bot) StdoutLine: {'line': b'-- Up-to-date: /mnt/ssd/lsgloc_ws/install/bcr_bot/share/bcr_bot//urdf/bcr_bot.xacro\n'}
[0.282927] (bcr_bot) StdoutLine: {'line': b'-- Up-to-date: /mnt/ssd/lsgloc_ws/install/bcr_bot/share/bcr_bot//urdf/gz.xacro\n'}
[0.282957] (bcr_bot) StdoutLine: {'line': b'-- Up-to-date: /mnt/ssd/lsgloc_ws/install/bcr_bot/share/bcr_bot//worlds\n'}
[0.282986] (bcr_bot) StdoutLine: {'line': b'-- Up-to-date: /mnt/ssd/lsgloc_ws/install/bcr_bot/share/bcr_bot//worlds/small_warehouse.sdf\n'}
[0.283015] (bcr_bot) StdoutLine: {'line': b'-- Up-to-date: /mnt/ssd/lsgloc_ws/install/bcr_bot/share/bcr_bot//worlds/empty.sdf\n'}
[0.283044] (bcr_bot) StdoutLine: {'line': b'-- Up-to-date: /mnt/ssd/lsgloc_ws/install/bcr_bot/share/bcr_bot//rviz\n'}
[0.283073] (bcr_bot) StdoutLine: {'line': b'-- Up-to-date: /mnt/ssd/lsgloc_ws/install/bcr_bot/share/bcr_bot//rviz/map.rviz\n'}
[0.283102] (bcr_bot) StdoutLine: {'line': b'-- Up-to-date: /mnt/ssd/lsgloc_ws/install/bcr_bot/share/bcr_bot//rviz/entire_setup.rviz\n'}
[0.283131] (bcr_bot) StdoutLine: {'line': b'-- Up-to-date: /mnt/ssd/lsgloc_ws/install/bcr_bot/share/bcr_bot/config\n'}
[0.283160] (bcr_bot) StdoutLine: {'line': b'-- Up-to-date: /mnt/ssd/lsgloc_ws/install/bcr_bot/share/bcr_bot/config/bcr_map.yaml\n'}
[0.283220] (bcr_bot) StdoutLine: {'line': b'-- Up-to-date: /mnt/ssd/lsgloc_ws/install/bcr_bot/share/bcr_bot/config/bcr_map.pgm\n'}
[0.283250] (bcr_bot) StdoutLine: {'line': b'-- Up-to-date: /mnt/ssd/lsgloc_ws/install/bcr_bot/share/bcr_bot/config/nav2_params.yaml\n'}
[0.283279] (bcr_bot) StdoutLine: {'line': b'-- Up-to-date: /mnt/ssd/lsgloc_ws/install/bcr_bot/share/bcr_bot/config/mapper_params_online_async.yaml\n'}
[0.283309] (bcr_bot) StdoutLine: {'line': b'-- Up-to-date: /mnt/ssd/lsgloc_ws/install/bcr_bot/lib/bcr_bot/remapper.py\n'}
[0.283338] (bcr_bot) StdoutLine: {'line': b'-- Up-to-date: /mnt/ssd/lsgloc_ws/install/bcr_bot/share/ament_index/resource_index/package_run_dependencies/bcr_bot\n'}
[0.283368] (bcr_bot) StdoutLine: {'line': b'-- Up-to-date: /mnt/ssd/lsgloc_ws/install/bcr_bot/share/ament_index/resource_index/parent_prefix_path/bcr_bot\n'}
[0.283398] (bcr_bot) StdoutLine: {'line': b'-- Up-to-date: /mnt/ssd/lsgloc_ws/install/bcr_bot/share/bcr_bot/environment/ament_prefix_path.sh\n'}
[0.283613] (bcr_bot) StdoutLine: {'line': b'-- Up-to-date: /mnt/ssd/lsgloc_ws/install/bcr_bot/share/bcr_bot/environment/ament_prefix_path.dsv\n'}
[0.283786] (bcr_bot) StdoutLine: {'line': b'-- Up-to-date: /mnt/ssd/lsgloc_ws/install/bcr_bot/share/bcr_bot/environment/path.sh\n'}
[0.283853] (bcr_bot) StdoutLine: {'line': b'-- Up-to-date: /mnt/ssd/lsgloc_ws/install/bcr_bot/share/bcr_bot/environment/path.dsv\n'}
[0.283883] (bcr_bot) StdoutLine: {'line': b'-- Up-to-date: /mnt/ssd/lsgloc_ws/install/bcr_bot/share/bcr_bot/local_setup.bash\n'}
[0.283913] (bcr_bot) StdoutLine: {'line': b'-- Up-to-date: /mnt/ssd/lsgloc_ws/install/bcr_bot/share/bcr_bot/local_setup.sh\n'}
[0.283942] (bcr_bot) StdoutLine: {'line': b'-- Up-to-date: /mnt/ssd/lsgloc_ws/install/bcr_bot/share/bcr_bot/local_setup.zsh\n'}
[0.283972] (bcr_bot) StdoutLine: {'line': b'-- Up-to-date: /mnt/ssd/lsgloc_ws/install/bcr_bot/share/bcr_bot/local_setup.dsv\n'}
[0.284006] (bcr_bot) StdoutLine: {'line': b'-- Installing: /mnt/ssd/lsgloc_ws/install/bcr_bot/share/bcr_bot/package.dsv\n'}
[0.284036] (bcr_bot) StdoutLine: {'line': b'-- Up-to-date: /mnt/ssd/lsgloc_ws/install/bcr_bot/share/ament_index/resource_index/packages/bcr_bot\n'}
[0.284066] (bcr_bot) StdoutLine: {'line': b'-- Up-to-date: /mnt/ssd/lsgloc_ws/install/bcr_bot/share/bcr_bot/cmake/bcr_botConfig.cmake\n'}
[0.284096] (bcr_bot) StdoutLine: {'line': b'-- Up-to-date: /mnt/ssd/lsgloc_ws/install/bcr_bot/share/bcr_bot/cmake/bcr_botConfig-version.cmake\n'}
[0.284126] (bcr_bot) StdoutLine: {'line': b'-- Up-to-date: /mnt/ssd/lsgloc_ws/install/bcr_bot/share/bcr_bot/package.xml\n'}
[0.284156] (bcr_bot) CommandEnded: {'returncode': 0}
[0.286154] (semantic_msgs) StdoutLine: {'line': b'running egg_info\n'}
[0.294720] (bcr_bot) JobEnded: {'identifier': 'bcr_bot', 'rc': 0}
[0.299948] (-) TimerEvent: {}
[0.305540] (semantic_msgs) StdoutLine: {'line': b'writing semantic_msgs.egg-info/PKG-INFO\n'}
[0.305658] (semantic_msgs) StdoutLine: {'line': b'writing dependency_links to semantic_msgs.egg-info/dependency_links.txt\n'}
[0.305786] (semantic_msgs) StdoutLine: {'line': b'writing top-level names to semantic_msgs.egg-info/top_level.txt\n'}
[0.334318] (semantic_msgs) StdoutLine: {'line': b"reading manifest file 'semantic_msgs.egg-info/SOURCES.txt'\n"}
[0.334668] (semantic_msgs) StdoutLine: {'line': b"writing manifest file 'semantic_msgs.egg-info/SOURCES.txt'\n"}
[0.358995] (semantic_msgs) StdoutLine: {'line': b'[100%] Built target ament_cmake_python_build_semantic_msgs_egg\n'}
[0.368138] (semantic_msgs) CommandEnded: {'returncode': 0}
[0.368578] (semantic_msgs) JobProgress: {'identifier': 'semantic_msgs', 'progress': 'install'}
[0.368829] (semantic_msgs) Command: {'cmd': ['/usr/bin/cmake', '--install', '/mnt/ssd/lsgloc_ws/build/semantic_msgs'], 'cwd': '/mnt/ssd/lsgloc_ws/build/semantic_msgs', 'env': OrderedDict([('GJS_DEBUG_TOPICS', 'JS ERROR;JS LOG'), ('PYTHON_BASIC_REPL', '1'), ('LESSOPEN', '| /usr/bin/lesspipe %s'), ('LANGUAGE', 'en_SG:en'), ('USER', 'sensethreat'), ('XDG_SESSION_TYPE', 'x11'), ('GIT_ASKPASS', '/usr/share/code/resources/app/extensions/git/dist/askpass.sh'), ('SHLVL', '1'), ('LD_LIBRARY_PATH', '/usr/local/cuda/lib64:/usr/lib/x86_64-linux-gnu/gazebo-11/plugins:/opt/ros/humble/opt/rviz_ogre_vendor/lib:/opt/ros/humble/lib/x86_64-linux-gnu:/opt/ros/humble/lib:/usr/local/cuda/lib64:'), ('HOME', '/home/sensethreat'), ('CHROME_DESKTOP', 'code.desktop'), ('CONDA_SHLVL', '0'), ('TERM_PROGRAM_VERSION', '1.108.2'), ('DESKTOP_SESSION', 'ubuntu'), ('NVM_BIN', '/home/sensethreat/.nvm/versions/node/v20.20.1/bin'), ('NVM_INC', '/home/sensethreat/.nvm/versions/node/v20.20.1/include/node'), ('GIO_LAUNCHED_DESKTOP_FILE', '/usr/share/applications/code.desktop'), ('ROS_PYTHON_VERSION', '3'), ('GNOME_SHELL_SESSION_MODE', 'ubuntu'), ('GTK_MODULES', 'gail:atk-bridge'), ('VSCODE_GIT_ASKPASS_MAIN', '/usr/share/code/resources/app/extensions/git/dist/askpass-main.js'), ('VSCODE_GIT_ASKPASS_NODE', '/usr/share/code/code'), ('MANAGERPID', '4235'), ('PYDEVD_DISABLE_FILE_VALIDATION', '1'), ('SYSTEMD_EXEC_PID', '4526'), ('BUNDLED_DEBUGPY_PATH', '/home/sensethreat/.vscode/extensions/ms-python.debugpy-2025.18.0-linux-x64/bundled/libs/debugpy'), ('VSCODE_PYTHON_AUTOACTIVATE_GUARD', '1'), ('DBUS_SESSION_BUS_ADDRESS', 'unix:path=/run/user/1000/bus'), ('COLORTERM', 'truecolor'), ('_CE_M', ''), ('GIO_LAUNCHED_DESKTOP_FILE_PID', '1699102'), ('NVM_DIR', '/home/sensethreat/.nvm'), ('ROS_DISTRO', 'humble'), ('GTK_IM_MODULE', 'ibus'), ('LOGNAME', 'sensethreat'), ('JOURNAL_STREAM', '8:25865'), ('_', '/usr/bin/colcon'), ('ROS_VERSION', '2'), ('CLAUDE_CODE_SSE_PORT', '13146'), ('XDG_SESSION_CLASS', 'user'), ('GEMINI_CLI_IDE_WORKSPACE_PATH', '/mnt/ssd/lsgloc_ws'), ('USERNAME', 'sensethreat'), ('TERM', 'xterm-256color'), ('GNOME_DESKTOP_SESSION_ID', 'this-is-deprecated'), ('_CE_CONDA', ''), ('FC_FONTATIONS', '1'), ('ROS_LOCALHOST_ONLY', '0'), ('GEMINI_CLI_IDE_SERVER_PORT', '37737'), ('WINDOWPATH', '2'), ('PATH', '/usr/local/cuda/bin:/home/sensethreat/.config/Code/User/globalStorage/github.copilot-chat/debugCommand:/home/sensethreat/.config/Code/User/globalStorage/github.copilot-chat/copilotCli:/home/sensethreat/.local/bin:/home/sensethreat/.nvm/versions/node/v20.20.1/bin:/opt/ros/humble/bin:/home/sensethreat/anaconda3/condabin:/usr/local/cuda/bin:/home/sensethreat/.local/bin:/usr/local/sbin:/usr/local/bin:/usr/sbin:/usr/bin:/sbin:/bin:/usr/games:/usr/local/games:/snap/bin:/snap/bin:/home/sensethreat/.vscode/extensions/ms-python.debugpy-2025.18.0-linux-x64/bundled/scripts/noConfigScripts'), ('SESSION_MANAGER', 'local/gr00t-4090:@/tmp/.ICE-unix/4476,unix/gr00t-4090:/tmp/.ICE-unix/4476'), ('INVOCATION_ID', '2f188857ecf04eb188026dc287baa7cc'), ('XDG_MENU_PREFIX', 'gnome-'), ('XDG_RUNTIME_DIR', '/run/user/1000'), ('GDK_BACKEND', 'x11'), ('DISPLAY', ':1'), ('VSCODE_DEBUGPY_ADAPTER_ENDPOINTS', '/home/sensethreat/.vscode/extensions/ms-python.debugpy-2025.18.0-linux-x64/.noConfigDebugAdapterEndpoints/endpoint-9686078bbb06aef1.txt'), ('LANG', 'en_US.UTF-8'), ('XDG_CURRENT_DESKTOP', 'ubuntu:GNOME'), ('PYTHONSTARTUP', '/home/sensethreat/.config/Code/User/workspaceStorage/a1ba31dbdeff2a34003cc17b1390a45e/ms-python.python/pythonrc.py'), ('XMODIFIERS', '@im=ibus'), ('XDG_SESSION_DESKTOP', 'ubuntu'), ('XAUTHORITY', '/run/user/1000/gdm/Xauthority'), ('LS_COLORS', 'rs=0:di=01;34:ln=01;36:mh=00:pi=40;33:so=01;35:do=01;35:bd=40;33;01:cd=40;33;01:or=40;31;01:mi=00:su=37;41:sg=30;43:ca=30;41:tw=30;42:ow=34;42:st=37;44:ex=01;32:*.tar=01;31:*.tgz=01;31:*.arc=01;31:*.arj=01;31:*.taz=01;31:*.lha=01;31:*.lz4=01;31:*.lzh=01;31:*.lzma=01;31:*.tlz=01;31:*.txz=01;31:*.tzo=01;31:*.t7z=01;31:*.zip=01;31:*.z=01;31:*.dz=01;31:*.gz=01;31:*.lrz=01;31:*.lz=01;31:*.lzo=01;31:*.xz=01;31:*.zst=01;31:*.tzst=01;31:*.bz2=01;31:*.bz=01;31:*.tbz=01;31:*.tbz2=01;31:*.tz=01;31:*.deb=01;31:*.rpm=01;31:*.jar=01;31:*.war=01;31:*.ear=01;31:*.sar=01;31:*.rar=01;31:*.alz=01;31:*.ace=01;31:*.zoo=01;31:*.cpio=01;31:*.7z=01;31:*.rz=01;31:*.cab=01;31:*.wim=01;31:*.swm=01;31:*.dwm=01;31:*.esd=01;31:*.jpg=01;35:*.jpeg=01;35:*.mjpg=01;35:*.mjpeg=01;35:*.gif=01;35:*.bmp=01;35:*.pbm=01;35:*.pgm=01;35:*.ppm=01;35:*.tga=01;35:*.xbm=01;35:*.xpm=01;35:*.tif=01;35:*.tiff=01;35:*.png=01;35:*.svg=01;35:*.svgz=01;35:*.mng=01;35:*.pcx=01;35:*.mov=01;35:*.mpg=01;35:*.mpeg=01;35:*.m2v=01;35:*.mkv=01;35:*.webm=01;35:*.webp=01;35:*.ogm=01;35:*.mp4=01;35:*.m4v=01;35:*.mp4v=01;35:*.vob=01;35:*.qt=01;35:*.nuv=01;35:*.wmv=01;35:*.asf=01;35:*.rm=01;35:*.rmvb=01;35:*.flc=01;35:*.avi=01;35:*.fli=01;35:*.flv=01;35:*.gl=01;35:*.dl=01;35:*.xcf=01;35:*.xwd=01;35:*.yuv=01;35:*.cgm=01;35:*.emf=01;35:*.ogv=01;35:*.ogx=01;35:*.aac=00;36:*.au=00;36:*.flac=00;36:*.m4a=00;36:*.mid=00;36:*.midi=00;36:*.mka=00;36:*.mp3=00;36:*.mpc=00;36:*.ogg=00;36:*.ra=00;36:*.wav=00;36:*.oga=00;36:*.opus=00;36:*.spx=00;36:*.xspf=00;36:'), ('VSCODE_GIT_IPC_HANDLE', '/run/user/1000/vscode-git-e747b80a0c.sock'), ('TERM_PROGRAM', 'vscode'), ('SSH_AGENT_LAUNCHER', 'gnome-keyring'), ('SSH_AUTH_SOCK', '/run/user/1000/keyring/ssh'), ('ROS_DOMAIN_ID', '42'), ('AMENT_PREFIX_PATH', '/opt/ros/humble'), ('CONDA_PYTHON_EXE', '/home/sensethreat/anaconda3/bin/python'), ('SHELL', '/bin/bash'), ('QT_ACCESSIBILITY', '1'), ('GDMSESSION', 'ubuntu'), ('LESSCLOSE', '/usr/bin/lesspipe %s %s'), ('GPG_AGENT_INFO', '/run/user/1000/gnupg/S.gpg-agent:0:1'), ('GJS_DEBUG_OUTPUT', 'stderr'), ('VSCODE_GIT_ASKPASS_EXTRA_ARGS', ''), ('QT_IM_MODULE', 'ibus'), ('GEMINI_CLI_IDE_AUTH_TOKEN', '26413f97-634b-4051-b3bb-35b322666b9d'), ('PWD', '/mnt/ssd/lsgloc_ws/build/semantic_msgs'), ('TURTLEBOT3_MODEL', 'waffle'), ('LC_ALL', 'en_US.UTF-8'), ('XDG_CONFIG_DIRS', '/etc/xdg/xdg-ubuntu:/etc/xdg'), ('CONDA_EXE', '/home/sensethreat/anaconda3/bin/conda'), ('NVM_CD_FLAGS', ''), ('XDG_DATA_DIRS', '/usr/share/ubuntu:/usr/share/gnome:/usr/local/share/:/usr/share/:/var/lib/snapd/desktop'), ('LDS_MODEL', 'LDS-01'), ('PYTHONPATH', '/opt/ros/humble/lib/python3.10/site-packages:/opt/ros/humble/local/lib/python3.10/dist-packages'), ('COLCON', '1'), ('CMAKE_PREFIX_PATH', '/opt/ros/humble')]), 'shell': False}
[0.374759] (semantic_msgs) StdoutLine: {'line': b'-- Install configuration: ""\n'}
[0.374837] (semantic_msgs) StdoutLine: {'line': b'-- Up-to-date: /mnt/ssd/lsgloc_ws/install/semantic_msgs/share/ament_index/resource_index/rosidl_interfaces/semantic_msgs\n'}
[0.374892] (semantic_msgs) StdoutLine: {'line': b'-- Up-to-date: /mnt/ssd/lsgloc_ws/install/semantic_msgs/include/semantic_msgs/semantic_msgs\n'}
[0.374944] (semantic_msgs) StdoutLine: {'line': b'-- Up-to-date: /mnt/ssd/lsgloc_ws/install/semantic_msgs/include/semantic_msgs/semantic_msgs/msg\n'}
[0.374978] (semantic_msgs) StdoutLine: {'line': b'-- Up-to-date: /mnt/ssd/lsgloc_ws/install/semantic_msgs/include/semantic_msgs/semantic_msgs/msg/semantic_detection_array.h\n'}
[0.375027] (semantic_msgs) StdoutLine: {'line': b'-- Up-to-date: /mnt/ssd/lsgloc_ws/install/semantic_msgs/include/semantic_msgs/semantic_msgs/msg/semantic_detection.h\n'}
[0.375066] (semantic_msgs) StdoutLine: {'line': b'-- Up-to-date: /mnt/ssd/lsgloc_ws/install/semantic_msgs/include/semantic_msgs/semantic_msgs/msg/detail\n'}
[0.375098] (semantic_msgs) StdoutLine: {'line': b'-- Up-to-date: /mnt/ssd/lsgloc_ws/install/semantic_msgs/include/semantic_msgs/semantic_msgs/msg/detail/semantic_detection_array__functions.h\n'}
[0.375129] (semantic_msgs) StdoutLine: {'line': b'-- Up-to-date: /mnt/ssd/lsgloc_ws/install/semantic_msgs/include/semantic_msgs/semantic_msgs/msg/detail/semantic_detection__type_support.h\n'}
[0.375185] (semantic_msgs) StdoutLine: {'line': b'-- Up-to-date: /mnt/ssd/lsgloc_ws/install/semantic_msgs/include/semantic_msgs/semantic_msgs/msg/detail/semantic_detection__functions.c\n'}
[0.375217] (semantic_msgs) StdoutLine: {'line': b'-- Up-to-date: /mnt/ssd/lsgloc_ws/install/semantic_msgs/include/semantic_msgs/semantic_msgs/msg/detail/semantic_detection_array__functions.c\n'}
[0.375246] (semantic_msgs) StdoutLine: {'line': b'-- Up-to-date: /mnt/ssd/lsgloc_ws/install/semantic_msgs/include/semantic_msgs/semantic_msgs/msg/detail/semantic_detection_array__type_support.h\n'}
[0.375277] (semantic_msgs) StdoutLine: {'line': b'-- Up-to-date: /mnt/ssd/lsgloc_ws/install/semantic_msgs/include/semantic_msgs/semantic_msgs/msg/detail/semantic_detection__struct.h\n'}
[0.375307] (semantic_msgs) StdoutLine: {'line': b'-- Up-to-date: /mnt/ssd/lsgloc_ws/install/semantic_msgs/include/semantic_msgs/semantic_msgs/msg/detail/semantic_detection_array__struct.h\n'}
[0.375355] (semantic_msgs) StdoutLine: {'line': b'-- Up-to-date: /mnt/ssd/lsgloc_ws/install/semantic_msgs/include/semantic_msgs/semantic_msgs/msg/detail/semantic_detection__functions.h\n'}
[0.375384] (semantic_msgs) StdoutLine: {'line': b'-- Up-to-date: /mnt/ssd/lsgloc_ws/install/semantic_msgs/include/semantic_msgs/semantic_msgs/msg/rosidl_generator_c__visibility_control.h\n'}
[0.375412] (semantic_msgs) StdoutLine: {'line': b'-- Up-to-date: /mnt/ssd/lsgloc_ws/install/semantic_msgs/share/semantic_msgs/environment/library_path.sh\n'}
[0.375448] (semantic_msgs) StdoutLine: {'line': b'-- Up-to-date: /mnt/ssd/lsgloc_ws/install/semantic_msgs/share/semantic_msgs/environment/library_path.dsv\n'}
[0.375478] (semantic_msgs) StdoutLine: {'line': b'-- Up-to-date: /mnt/ssd/lsgloc_ws/install/semantic_msgs/lib/libsemantic_msgs__rosidl_generator_c.so\n'}
[0.375532] (semantic_msgs) StdoutLine: {'line': b'-- Up-to-date: /mnt/ssd/lsgloc_ws/install/semantic_msgs/include/semantic_msgs/semantic_msgs\n'}
[0.375568] (semantic_msgs) StdoutLine: {'line': b'-- Up-to-date: /mnt/ssd/lsgloc_ws/install/semantic_msgs/include/semantic_msgs/semantic_msgs/msg\n'}
[0.375617] (semantic_msgs) StdoutLine: {'line': b'-- Up-to-date: /mnt/ssd/lsgloc_ws/install/semantic_msgs/include/semantic_msgs/semantic_msgs/msg/rosidl_typesupport_fastrtps_c__visibility_control.h\n'}
[0.375670] (semantic_msgs) StdoutLine: {'line': b'-- Up-to-date: /mnt/ssd/lsgloc_ws/install/semantic_msgs/include/semantic_msgs/semantic_msgs/msg/detail\n'}
[0.375702] (semantic_msgs) StdoutLine: {'line': b'-- Up-to-date: /mnt/ssd/lsgloc_ws/install/semantic_msgs/include/semantic_msgs/semantic_msgs/msg/detail/semantic_detection_array__rosidl_typesupport_fastrtps_c.h\n'}
[0.375734] (semantic_msgs) StdoutLine: {'line': b'-- Up-to-date: /mnt/ssd/lsgloc_ws/install/semantic_msgs/include/semantic_msgs/semantic_msgs/msg/detail/semantic_detection__rosidl_typesupport_fastrtps_c.h\n'}
[0.375780] (semantic_msgs) StdoutLine: {'line': b'-- Up-to-date: /mnt/ssd/lsgloc_ws/install/semantic_msgs/lib/libsemantic_msgs__rosidl_typesupport_fastrtps_c.so\n'}
[0.375899] (semantic_msgs) StdoutLine: {'line': b'-- Up-to-date: /mnt/ssd/lsgloc_ws/install/semantic_msgs/include/semantic_msgs/semantic_msgs\n'}
[0.375934] (semantic_msgs) StdoutLine: {'line': b'-- Up-to-date: /mnt/ssd/lsgloc_ws/install/semantic_msgs/include/semantic_msgs/semantic_msgs/msg\n'}
[0.375979] (semantic_msgs) StdoutLine: {'line': b'-- Up-to-date: /mnt/ssd/lsgloc_ws/install/semantic_msgs/include/semantic_msgs/semantic_msgs/msg/semantic_detection.hpp\n'}
[0.376010] (semantic_msgs) StdoutLine: {'line': b'-- Up-to-date: /mnt/ssd/lsgloc_ws/install/semantic_msgs/include/semantic_msgs/semantic_msgs/msg/semantic_detection_array.hpp\n'}
[0.376050] (semantic_msgs) StdoutLine: {'line': b'-- Up-to-date: /mnt/ssd/lsgloc_ws/install/semantic_msgs/include/semantic_msgs/semantic_msgs/msg/detail\n'}
[0.376100] (semantic_msgs) StdoutLine: {'line': b'-- Up-to-date: /mnt/ssd/lsgloc_ws/install/semantic_msgs/include/semantic_msgs/semantic_msgs/msg/detail/semantic_detection_array__type_support.hpp\n'}
[0.376131] (semantic_msgs) StdoutLine: {'line': b'-- Up-to-date: /mnt/ssd/lsgloc_ws/install/semantic_msgs/include/semantic_msgs/semantic_msgs/msg/detail/semantic_detection__struct.hpp\n'}
[0.376160] (semantic_msgs) StdoutLine: {'line': b'-- Up-to-date: /mnt/ssd/lsgloc_ws/install/semantic_msgs/include/semantic_msgs/semantic_msgs/msg/detail/semantic_detection_array__traits.hpp\n'}
[0.376190] (semantic_msgs) StdoutLine: {'line': b'-- Up-to-date: /mnt/ssd/lsgloc_ws/install/semantic_msgs/include/semantic_msgs/semantic_msgs/msg/detail/semantic_detection_array__builder.hpp\n'}
[0.376220] (semantic_msgs) StdoutLine: {'line': b'-- Up-to-date: /mnt/ssd/lsgloc_ws/install/semantic_msgs/include/semantic_msgs/semantic_msgs/msg/detail/semantic_detection__traits.hpp\n'}
[0.376279] (semantic_msgs) StdoutLine: {'line': b'-- Up-to-date: /mnt/ssd/lsgloc_ws/install/semantic_msgs/include/semantic_msgs/semantic_msgs/msg/detail/semantic_detection__type_support.hpp\n'}
[0.376314] (semantic_msgs) StdoutLine: {'line': b'-- Up-to-date: /mnt/ssd/lsgloc_ws/install/semantic_msgs/include/semantic_msgs/semantic_msgs/msg/detail/semantic_detection_array__struct.hpp\n'}
[0.376344] (semantic_msgs) StdoutLine: {'line': b'-- Up-to-date: /mnt/ssd/lsgloc_ws/install/semantic_msgs/include/semantic_msgs/semantic_msgs/msg/detail/semantic_detection__builder.hpp\n'}
[0.376374] (semantic_msgs) StdoutLine: {'line': b'-- Up-to-date: /mnt/ssd/lsgloc_ws/install/semantic_msgs/include/semantic_msgs/semantic_msgs/msg/rosidl_generator_cpp__visibility_control.hpp\n'}
[0.376403] (semantic_msgs) StdoutLine: {'line': b'-- Up-to-date: /mnt/ssd/lsgloc_ws/install/semantic_msgs/include/semantic_msgs/semantic_msgs\n'}
[0.376434] (semantic_msgs) StdoutLine: {'line': b'-- Up-to-date: /mnt/ssd/lsgloc_ws/install/semantic_msgs/include/semantic_msgs/semantic_msgs/msg\n'}
[0.376464] (semantic_msgs) StdoutLine: {'line': b'-- Up-to-date: /mnt/ssd/lsgloc_ws/install/semantic_msgs/include/semantic_msgs/semantic_msgs/msg/rosidl_typesupport_fastrtps_cpp__visibility_control.h\n'}
[0.376494] (semantic_msgs) StdoutLine: {'line': b'-- Up-to-date: /mnt/ssd/lsgloc_ws/install/semantic_msgs/include/semantic_msgs/semantic_msgs/msg/detail\n'}
[0.376523] (semantic_msgs) StdoutLine: {'line': b'-- Up-to-date: /mnt/ssd/lsgloc_ws/install/semantic_msgs/include/semantic_msgs/semantic_msgs/msg/detail/semantic_detection_array__rosidl_typesupport_fastrtps_cpp.hpp\n'}
[0.376569] (semantic_msgs) StdoutLine: {'line': b'-- Up-to-date: /mnt/ssd/lsgloc_ws/install/semantic_msgs/include/semantic_msgs/semantic_msgs/msg/detail/semantic_detection__rosidl_typesupport_fastrtps_cpp.hpp\n'}
[0.376600] (semantic_msgs) StdoutLine: {'line': b'-- Up-to-date: /mnt/ssd/lsgloc_ws/install/semantic_msgs/include/semantic_msgs/semantic_msgs/msg/detail/dds_fastrtps\n'}
[0.376655] (semantic_msgs) StdoutLine: {'line': b'-- Up-to-date: /mnt/ssd/lsgloc_ws/install/semantic_msgs/lib/libsemantic_msgs__rosidl_typesupport_fastrtps_cpp.so\n'}
[0.376701] (semantic_msgs) StdoutLine: {'line': b'-- Up-to-date: /mnt/ssd/lsgloc_ws/install/semantic_msgs/include/semantic_msgs/semantic_msgs\n'}
[0.376731] (semantic_msgs) StdoutLine: {'line': b'-- Up-to-date: /mnt/ssd/lsgloc_ws/install/semantic_msgs/include/semantic_msgs/semantic_msgs/msg\n'}
[0.376761] (semantic_msgs) StdoutLine: {'line': b'-- Up-to-date: /mnt/ssd/lsgloc_ws/install/semantic_msgs/include/semantic_msgs/semantic_msgs/msg/rosidl_typesupport_introspection_c__visibility_control.h\n'}
[0.376790] (semantic_msgs) StdoutLine: {'line': b'-- Up-to-date: /mnt/ssd/lsgloc_ws/install/semantic_msgs/include/semantic_msgs/semantic_msgs/msg/detail\n'}
[0.376820] (semantic_msgs) StdoutLine: {'line': b'-- Up-to-date: /mnt/ssd/lsgloc_ws/install/semantic_msgs/include/semantic_msgs/semantic_msgs/msg/detail/semantic_detection_array__type_support.c\n'}
[0.376849] (semantic_msgs) StdoutLine: {'line': b'-- Up-to-date: /mnt/ssd/lsgloc_ws/install/semantic_msgs/include/semantic_msgs/semantic_msgs/msg/detail/semantic_detection__rosidl_typesupport_introspection_c.h\n'}
[0.376896] (semantic_msgs) StdoutLine: {'line': b'-- Up-to-date: /mnt/ssd/lsgloc_ws/install/semantic_msgs/include/semantic_msgs/semantic_msgs/msg/detail/semantic_detection_array__rosidl_typesupport_introspection_c.h\n'}
[0.376924] (semantic_msgs) StdoutLine: {'line': b'-- Up-to-date: /mnt/ssd/lsgloc_ws/install/semantic_msgs/include/semantic_msgs/semantic_msgs/msg/detail/semantic_detection__type_support.c\n'}
[0.376951] (semantic_msgs) StdoutLine: {'line': b'-- Up-to-date: /mnt/ssd/lsgloc_ws/install/semantic_msgs/lib/libsemantic_msgs__rosidl_typesupport_introspection_c.so\n'}
[0.377015] (semantic_msgs) StdoutLine: {'line': b'-- Up-to-date: /mnt/ssd/lsgloc_ws/install/semantic_msgs/lib/libsemantic_msgs__rosidl_typesupport_c.so\n'}
[0.377113] (semantic_msgs) StdoutLine: {'line': b'-- Up-to-date: /mnt/ssd/lsgloc_ws/install/semantic_msgs/include/semantic_msgs/semantic_msgs\n'}
[0.377149] (semantic_msgs) StdoutLine: {'line': b'-- Up-to-date: /mnt/ssd/lsgloc_ws/install/semantic_msgs/include/semantic_msgs/semantic_msgs/msg\n'}
[0.377193] (semantic_msgs) StdoutLine: {'line': b'-- Up-to-date: /mnt/ssd/lsgloc_ws/install/semantic_msgs/include/semantic_msgs/semantic_msgs/msg/detail\n'}
[0.377223] (semantic_msgs) StdoutLine: {'line': b'-- Up-to-date: /mnt/ssd/lsgloc_ws/install/semantic_msgs/include/semantic_msgs/semantic_msgs/msg/detail/semantic_detection_array__rosidl_typesupport_introspection_cpp.hpp\n'}
[0.377273] (semantic_msgs) StdoutLine: {'line': b'-- Up-to-date: /mnt/ssd/lsgloc_ws/install/semantic_msgs/include/semantic_msgs/semantic_msgs/msg/detail/semantic_detection__type_support.cpp\n'}
[0.377301] (semantic_msgs) StdoutLine: {'line': b'-- Up-to-date: /mnt/ssd/lsgloc_ws/install/semantic_msgs/include/semantic_msgs/semantic_msgs/msg/detail/semantic_detection_array__type_support.cpp\n'}
[0.377328] (semantic_msgs) StdoutLine: {'line': b'-- Up-to-date: /mnt/ssd/lsgloc_ws/install/semantic_msgs/include/semantic_msgs/semantic_msgs/msg/detail/semantic_detection__rosidl_typesupport_introspection_cpp.hpp\n'}
[0.377364] (semantic_msgs) StdoutLine: {'line': b'-- Up-to-date: /mnt/ssd/lsgloc_ws/install/semantic_msgs/lib/libsemantic_msgs__rosidl_typesupport_introspection_cpp.so\n'}
[0.377548] (semantic_msgs) StdoutLine: {'line': b'-- Up-to-date: /mnt/ssd/lsgloc_ws/install/semantic_msgs/lib/libsemantic_msgs__rosidl_typesupport_cpp.so\n'}
[0.377656] (semantic_msgs) StdoutLine: {'line': b'-- Up-to-date: /mnt/ssd/lsgloc_ws/install/semantic_msgs/share/semantic_msgs/environment/pythonpath.sh\n'}
[0.377701] (semantic_msgs) StdoutLine: {'line': b'-- Up-to-date: /mnt/ssd/lsgloc_ws/install/semantic_msgs/share/semantic_msgs/environment/pythonpath.dsv\n'}
[0.377735] (semantic_msgs) StdoutLine: {'line': b'-- Up-to-date: /mnt/ssd/lsgloc_ws/install/semantic_msgs/local/lib/python3.10/dist-packages/semantic_msgs-0.0.0-py3.10.egg-info\n'}
[0.377772] (semantic_msgs) StdoutLine: {'line': b'-- Installing: /mnt/ssd/lsgloc_ws/install/semantic_msgs/local/lib/python3.10/dist-packages/semantic_msgs-0.0.0-py3.10.egg-info/SOURCES.txt\n'}
[0.377874] (semantic_msgs) StdoutLine: {'line': b'-- Installing: /mnt/ssd/lsgloc_ws/install/semantic_msgs/local/lib/python3.10/dist-packages/semantic_msgs-0.0.0-py3.10.egg-info/top_level.txt\n'}
[0.377981] (semantic_msgs) StdoutLine: {'line': b'-- Installing: /mnt/ssd/lsgloc_ws/install/semantic_msgs/local/lib/python3.10/dist-packages/semantic_msgs-0.0.0-py3.10.egg-info/PKG-INFO\n'}
[0.378090] (semantic_msgs) StdoutLine: {'line': b'-- Installing: /mnt/ssd/lsgloc_ws/install/semantic_msgs/local/lib/python3.10/dist-packages/semantic_msgs-0.0.0-py3.10.egg-info/dependency_links.txt\n'}
[0.378208] (semantic_msgs) StdoutLine: {'line': b'-- Up-to-date: /mnt/ssd/lsgloc_ws/install/semantic_msgs/local/lib/python3.10/dist-packages/semantic_msgs\n'}
[0.378266] (semantic_msgs) StdoutLine: {'line': b'-- Up-to-date: /mnt/ssd/lsgloc_ws/install/semantic_msgs/local/lib/python3.10/dist-packages/semantic_msgs/libsemantic_msgs__rosidl_generator_py.so\n'}
[0.378303] (semantic_msgs) StdoutLine: {'line': b'-- Up-to-date: /mnt/ssd/lsgloc_ws/install/semantic_msgs/local/lib/python3.10/dist-packages/semantic_msgs/semantic_msgs_s__rosidl_typesupport_c.cpython-310-x86_64-linux-gnu.so\n'}
[0.378357] (semantic_msgs) StdoutLine: {'line': b'-- Up-to-date: /mnt/ssd/lsgloc_ws/install/semantic_msgs/local/lib/python3.10/dist-packages/semantic_msgs/_semantic_msgs_s.ep.rosidl_typesupport_introspection_c.c\n'}
[0.378395] (semantic_msgs) StdoutLine: {'line': b'-- Up-to-date: /mnt/ssd/lsgloc_ws/install/semantic_msgs/local/lib/python3.10/dist-packages/semantic_msgs/__init__.py\n'}
[0.378426] (semantic_msgs) StdoutLine: {'line': b'-- Up-to-date: /mnt/ssd/lsgloc_ws/install/semantic_msgs/local/lib/python3.10/dist-packages/semantic_msgs/msg\n'}
[0.378457] (semantic_msgs) StdoutLine: {'line': b'-- Up-to-date: /mnt/ssd/lsgloc_ws/install/semantic_msgs/local/lib/python3.10/dist-packages/semantic_msgs/msg/__init__.py\n'}
[0.378487] (semantic_msgs) StdoutLine: {'line': b'-- Up-to-date: /mnt/ssd/lsgloc_ws/install/semantic_msgs/local/lib/python3.10/dist-packages/semantic_msgs/msg/_semantic_detection.py\n'}
[0.378517] (semantic_msgs) StdoutLine: {'line': b'-- Up-to-date: /mnt/ssd/lsgloc_ws/install/semantic_msgs/local/lib/python3.10/dist-packages/semantic_msgs/msg/_semantic_detection_s.c\n'}
[0.378571] (semantic_msgs) StdoutLine: {'line': b'-- Up-to-date: /mnt/ssd/lsgloc_ws/install/semantic_msgs/local/lib/python3.10/dist-packages/semantic_msgs/msg/_semantic_detection_array_s.c\n'}
[0.378599] (semantic_msgs) StdoutLine: {'line': b'-- Up-to-date: /mnt/ssd/lsgloc_ws/install/semantic_msgs/local/lib/python3.10/dist-packages/semantic_msgs/msg/_semantic_detection_array.py\n'}
[0.378626] (semantic_msgs) StdoutLine: {'line': b'-- Up-to-date: /mnt/ssd/lsgloc_ws/install/semantic_msgs/local/lib/python3.10/dist-packages/semantic_msgs/_semantic_msgs_s.ep.rosidl_typesupport_fastrtps_c.c\n'}
[0.378668] (semantic_msgs) StdoutLine: {'line': b'-- Up-to-date: /mnt/ssd/lsgloc_ws/install/semantic_msgs/local/lib/python3.10/dist-packages/semantic_msgs/_semantic_msgs_s.ep.rosidl_typesupport_c.c\n'}
[0.378697] (semantic_msgs) StdoutLine: {'line': b'-- Up-to-date: /mnt/ssd/lsgloc_ws/install/semantic_msgs/local/lib/python3.10/dist-packages/semantic_msgs/semantic_msgs_s__rosidl_typesupport_fastrtps_c.cpython-310-x86_64-linux-gnu.so\n'}
[0.378731] (semantic_msgs) StdoutLine: {'line': b'-- Up-to-date: /mnt/ssd/lsgloc_ws/install/semantic_msgs/local/lib/python3.10/dist-packages/semantic_msgs/semantic_msgs_s__rosidl_typesupport_introspection_c.cpython-310-x86_64-linux-gnu.so\n'}
[0.397941] (semantic_msgs) StdoutLine: {'line': b"Listing '/mnt/ssd/lsgloc_ws/install/semantic_msgs/local/lib/python3.10/dist-packages/semantic_msgs'...\n"}
[0.398038] (semantic_msgs) StdoutLine: {'line': b"Listing '/mnt/ssd/lsgloc_ws/install/semantic_msgs/local/lib/python3.10/dist-packages/semantic_msgs/msg'...\n"}
[0.400007] (-) TimerEvent: {}
[0.400372] (semantic_msgs) StdoutLine: {'line': b'-- Up-to-date: /mnt/ssd/lsgloc_ws/install/semantic_msgs/local/lib/python3.10/dist-packages/semantic_msgs/semantic_msgs_s__rosidl_typesupport_fastrtps_c.cpython-310-x86_64-linux-gnu.so\n'}
[0.400542] (semantic_msgs) StdoutLine: {'line': b'-- Up-to-date: /mnt/ssd/lsgloc_ws/install/semantic_msgs/local/lib/python3.10/dist-packages/semantic_msgs/semantic_msgs_s__rosidl_typesupport_introspection_c.cpython-310-x86_64-linux-gnu.so\n'}
[0.400709] (semantic_msgs) StdoutLine: {'line': b'-- Up-to-date: /mnt/ssd/lsgloc_ws/install/semantic_msgs/local/lib/python3.10/dist-packages/semantic_msgs/semantic_msgs_s__rosidl_typesupport_c.cpython-310-x86_64-linux-gnu.so\n'}
[0.400881] (semantic_msgs) StdoutLine: {'line': b'-- Up-to-date: /mnt/ssd/lsgloc_ws/install/semantic_msgs/lib/libsemantic_msgs__rosidl_generator_py.so\n'}
[0.400992] (semantic_msgs) StdoutLine: {'line': b'-- Up-to-date: /mnt/ssd/lsgloc_ws/install/semantic_msgs/share/semantic_msgs/msg/SemanticDetection.idl\n'}
[0.401061] (semantic_msgs) StdoutLine: {'line': b'-- Up-to-date: /mnt/ssd/lsgloc_ws/install/semantic_msgs/share/semantic_msgs/msg/SemanticDetectionArray.idl\n'}
[0.401111] (semantic_msgs) StdoutLine: {'line': b'-- Up-to-date: /mnt/ssd/lsgloc_ws/install/semantic_msgs/share/semantic_msgs/msg/SemanticDetection.msg\n'}
[0.401188] (semantic_msgs) StdoutLine: {'line': b'-- Up-to-date: /mnt/ssd/lsgloc_ws/install/semantic_msgs/share/semantic_msgs/msg/SemanticDetectionArray.msg\n'}
[0.401233] (semantic_msgs) StdoutLine: {'line': b'-- Up-to-date: /mnt/ssd/lsgloc_ws/install/semantic_msgs/share/ament_index/resource_index/package_run_dependencies/semantic_msgs\n'}
[0.401264] (semantic_msgs) StdoutLine: {'line': b'-- Up-to-date: /mnt/ssd/lsgloc_ws/install/semantic_msgs/share/ament_index/resource_index/parent_prefix_path/semantic_msgs\n'}
[0.401292] (semantic_msgs) StdoutLine: {'line': b'-- Up-to-date: /mnt/ssd/lsgloc_ws/install/semantic_msgs/share/semantic_msgs/environment/ament_prefix_path.sh\n'}
[0.401320] (semantic_msgs) StdoutLine: {'line': b'-- Up-to-date: /mnt/ssd/lsgloc_ws/install/semantic_msgs/share/semantic_msgs/environment/ament_prefix_path.dsv\n'}
[0.401370] (semantic_msgs) StdoutLine: {'line': b'-- Up-to-date: /mnt/ssd/lsgloc_ws/install/semantic_msgs/share/semantic_msgs/environment/path.sh\n'}
[0.401396] (semantic_msgs) StdoutLine: {'line': b'-- Up-to-date: /mnt/ssd/lsgloc_ws/install/semantic_msgs/share/semantic_msgs/environment/path.dsv\n'}
[0.401422] (semantic_msgs) StdoutLine: {'line': b'-- Up-to-date: /mnt/ssd/lsgloc_ws/install/semantic_msgs/share/semantic_msgs/local_setup.bash\n'}
[0.401447] (semantic_msgs) StdoutLine: {'line': b'-- Up-to-date: /mnt/ssd/lsgloc_ws/install/semantic_msgs/share/semantic_msgs/local_setup.sh\n'}
[0.401477] (semantic_msgs) StdoutLine: {'line': b'-- Up-to-date: /mnt/ssd/lsgloc_ws/install/semantic_msgs/share/semantic_msgs/local_setup.zsh\n'}
[0.401505] (semantic_msgs) StdoutLine: {'line': b'-- Up-to-date: /mnt/ssd/lsgloc_ws/install/semantic_msgs/share/semantic_msgs/local_setup.dsv\n'}
[0.401532] (semantic_msgs) StdoutLine: {'line': b'-- Installing: /mnt/ssd/lsgloc_ws/install/semantic_msgs/share/semantic_msgs/package.dsv\n'}
[0.401579] (semantic_msgs) StdoutLine: {'line': b'-- Up-to-date: /mnt/ssd/lsgloc_ws/install/semantic_msgs/share/ament_index/resource_index/packages/semantic_msgs\n'}
[0.401605] (semantic_msgs) StdoutLine: {'line': b'-- Up-to-date: /mnt/ssd/lsgloc_ws/install/semantic_msgs/share/semantic_msgs/cmake/export_semantic_msgs__rosidl_generator_cExport.cmake\n'}
[0.401630] (semantic_msgs) StdoutLine: {'line': b'-- Up-to-date: /mnt/ssd/lsgloc_ws/install/semantic_msgs/share/semantic_msgs/cmake/export_semantic_msgs__rosidl_generator_cExport-noconfig.cmake\n'}
[0.401676] (semantic_msgs) StdoutLine: {'line': b'-- Up-to-date: /mnt/ssd/lsgloc_ws/install/semantic_msgs/share/semantic_msgs/cmake/export_semantic_msgs__rosidl_typesupport_fastrtps_cExport.cmake\n'}
[0.401704] (semantic_msgs) StdoutLine: {'line': b'-- Up-to-date: /mnt/ssd/lsgloc_ws/install/semantic_msgs/share/semantic_msgs/cmake/export_semantic_msgs__rosidl_typesupport_fastrtps_cExport-noconfig.cmake\n'}
[0.401744] (semantic_msgs) StdoutLine: {'line': b'-- Up-to-date: /mnt/ssd/lsgloc_ws/install/semantic_msgs/share/semantic_msgs/cmake/export_semantic_msgs__rosidl_generator_cppExport.cmake\n'}
[0.401780] (semantic_msgs) StdoutLine: {'line': b'-- Up-to-date: /mnt/ssd/lsgloc_ws/install/semantic_msgs/share/semantic_msgs/cmake/export_semantic_msgs__rosidl_typesupport_fastrtps_cppExport.cmake\n'}
[0.401817] (semantic_msgs) StdoutLine: {'line': b'-- Up-to-date: /mnt/ssd/lsgloc_ws/install/semantic_msgs/share/semantic_msgs/cmake/export_semantic_msgs__rosidl_typesupport_fastrtps_cppExport-noconfig.cmake\n'}
[0.401853] (semantic_msgs) StdoutLine: {'line': b'-- Up-to-date: /mnt/ssd/lsgloc_ws/install/semantic_msgs/share/semantic_msgs/cmake/semantic_msgs__rosidl_typesupport_introspection_cExport.cmake\n'}
[0.401890] (semantic_msgs) StdoutLine: {'line': b'-- Up-to-date: /mnt/ssd/lsgloc_ws/install/semantic_msgs/share/semantic_msgs/cmake/semantic_msgs__rosidl_typesupport_introspection_cExport-noconfig.cmake\n'}
[0.401931] (semantic_msgs) StdoutLine: {'line': b'-- Up-to-date: /mnt/ssd/lsgloc_ws/install/semantic_msgs/share/semantic_msgs/cmake/semantic_msgs__rosidl_typesupport_cExport.cmake\n'}
[0.401967] (semantic_msgs) StdoutLine: {'line': b'-- Up-to-date: /mnt/ssd/lsgloc_ws/install/semantic_msgs/share/semantic_msgs/cmake/semantic_msgs__rosidl_typesupport_cExport-noconfig.cmake\n'}
[0.402010] (semantic_msgs) StdoutLine: {'line': b'-- Up-to-date: /mnt/ssd/lsgloc_ws/install/semantic_msgs/share/semantic_msgs/cmake/semantic_msgs__rosidl_typesupport_introspection_cppExport.cmake\n'}
[0.402042] (semantic_msgs) StdoutLine: {'line': b'-- Up-to-date: /mnt/ssd/lsgloc_ws/install/semantic_msgs/share/semantic_msgs/cmake/semantic_msgs__rosidl_typesupport_introspection_cppExport-noconfig.cmake\n'}
[0.402086] (semantic_msgs) StdoutLine: {'line': b'-- Up-to-date: /mnt/ssd/lsgloc_ws/install/semantic_msgs/share/semantic_msgs/cmake/semantic_msgs__rosidl_typesupport_cppExport.cmake\n'}
[0.402123] (semantic_msgs) StdoutLine: {'line': b'-- Up-to-date: /mnt/ssd/lsgloc_ws/install/semantic_msgs/share/semantic_msgs/cmake/semantic_msgs__rosidl_typesupport_cppExport-noconfig.cmake\n'}
[0.402163] (semantic_msgs) StdoutLine: {'line': b'-- Up-to-date: /mnt/ssd/lsgloc_ws/install/semantic_msgs/share/semantic_msgs/cmake/export_semantic_msgs__rosidl_generator_pyExport.cmake\n'}
[0.402198] (semantic_msgs) StdoutLine: {'line': b'-- Up-to-date: /mnt/ssd/lsgloc_ws/install/semantic_msgs/share/semantic_msgs/cmake/export_semantic_msgs__rosidl_generator_pyExport-noconfig.cmake\n'}
[0.402231] (semantic_msgs) StdoutLine: {'line': b'-- Up-to-date: /mnt/ssd/lsgloc_ws/install/semantic_msgs/share/semantic_msgs/cmake/rosidl_cmake-extras.cmake\n'}
[0.402272] (semantic_msgs) StdoutLine: {'line': b'-- Up-to-date: /mnt/ssd/lsgloc_ws/install/semantic_msgs/share/semantic_msgs/cmake/ament_cmake_export_dependencies-extras.cmake\n'}
[0.402300] (semantic_msgs) StdoutLine: {'line': b'-- Up-to-date: /mnt/ssd/lsgloc_ws/install/semantic_msgs/share/semantic_msgs/cmake/ament_cmake_export_include_directories-extras.cmake\n'}
[0.402342] (semantic_msgs) StdoutLine: {'line': b'-- Up-to-date: /mnt/ssd/lsgloc_ws/install/semantic_msgs/share/semantic_msgs/cmake/ament_cmake_export_libraries-extras.cmake\n'}
[0.402374] (semantic_msgs) StdoutLine: {'line': b'-- Up-to-date: /mnt/ssd/lsgloc_ws/install/semantic_msgs/share/semantic_msgs/cmake/ament_cmake_export_targets-extras.cmake\n'}
[0.402401] (semantic_msgs) StdoutLine: {'line': b'-- Up-to-date: /mnt/ssd/lsgloc_ws/install/semantic_msgs/share/semantic_msgs/cmake/rosidl_cmake_export_typesupport_targets-extras.cmake\n'}
[0.402448] (semantic_msgs) StdoutLine: {'line': b'-- Up-to-date: /mnt/ssd/lsgloc_ws/install/semantic_msgs/share/semantic_msgs/cmake/rosidl_cmake_export_typesupport_libraries-extras.cmake\n'}
[0.402473] (semantic_msgs) StdoutLine: {'line': b'-- Up-to-date: /mnt/ssd/lsgloc_ws/install/semantic_msgs/share/semantic_msgs/cmake/semantic_msgsConfig.cmake\n'}
[0.402503] (semantic_msgs) StdoutLine: {'line': b'-- Up-to-date: /mnt/ssd/lsgloc_ws/install/semantic_msgs/share/semantic_msgs/cmake/semantic_msgsConfig-version.cmake\n'}
[0.402528] (semantic_msgs) StdoutLine: {'line': b'-- Up-to-date: /mnt/ssd/lsgloc_ws/install/semantic_msgs/share/semantic_msgs/package.xml\n'}
[0.403653] (semantic_msgs) CommandEnded: {'returncode': 0}
[0.411767] (semantic_msgs) JobEnded: {'identifier': 'semantic_msgs', 'rc': 0}
[0.412255] (obj_detection) JobStarted: {'identifier': 'obj_detection'}
[0.414646] (semantic_mcl) JobStarted: {'identifier': 'semantic_mcl'}
[0.500081] (-) TimerEvent: {}
[0.600258] (-) TimerEvent: {}
[0.638614] (semantic_mcl) JobProgress: {'identifier': 'semantic_mcl', 'progress': 'cmake'}
[0.638912] (semantic_mcl) JobProgress: {'identifier': 'semantic_mcl', 'progress': 'build'}
[0.639385] (semantic_mcl) Command: {'cmd': ['/usr/bin/cmake', '--build', '/mnt/ssd/lsgloc_ws/build/semantic_mcl', '--', '-j16', '-l16'], 'cwd': '/mnt/ssd/lsgloc_ws/build/semantic_mcl', 'env': OrderedDict([('GJS_DEBUG_TOPICS', 'JS ERROR;JS LOG'), ('PYTHON_BASIC_REPL', '1'), ('LESSOPEN', '| /usr/bin/lesspipe %s'), ('LANGUAGE', 'en_SG:en'), ('USER', 'sensethreat'), ('XDG_SESSION_TYPE', 'x11'), ('GIT_ASKPASS', '/usr/share/code/resources/app/extensions/git/dist/askpass.sh'), ('SHLVL', '1'), ('LD_LIBRARY_PATH', '/mnt/ssd/lsgloc_ws/install/semantic_msgs/lib:/usr/local/cuda/lib64:/usr/lib/x86_64-linux-gnu/gazebo-11/plugins:/opt/ros/humble/opt/rviz_ogre_vendor/lib:/opt/ros/humble/lib/x86_64-linux-gnu:/opt/ros/humble/lib:/usr/local/cuda/lib64'), ('HOME', '/home/sensethreat'), ('CHROME_DESKTOP', 'code.desktop'), ('CONDA_SHLVL', '0'), ('TERM_PROGRAM_VERSION', '1.108.2'), ('DESKTOP_SESSION', 'ubuntu'), ('NVM_BIN', '/home/sensethreat/.nvm/versions/node/v20.20.1/bin'), ('NVM_INC', '/home/sensethreat/.nvm/versions/node/v20.20.1/include/node'), ('GIO_LAUNCHED_DESKTOP_FILE', '/usr/share/applications/code.desktop'), ('ROS_PYTHON_VERSION', '3'), ('GNOME_SHELL_SESSION_MODE', 'ubuntu'), ('GTK_MODULES', 'gail:atk-bridge'), ('VSCODE_GIT_ASKPASS_MAIN', '/usr/share/code/resources/app/extensions/git/dist/askpass-main.js'), ('VSCODE_GIT_ASKPASS_NODE', '/usr/share/code/code'), ('MANAGERPID', '4235'), ('PYDEVD_DISABLE_FILE_VALIDATION', '1'), ('SYSTEMD_EXEC_PID', '4526'), ('BUNDLED_DEBUGPY_PATH', '/home/sensethreat/.vscode/extensions/ms-python.debugpy-2025.18.0-linux-x64/bundled/libs/debugpy'), ('VSCODE_PYTHON_AUTOACTIVATE_GUARD', '1'), ('DBUS_SESSION_BUS_ADDRESS', 'unix:path=/run/user/1000/bus'), ('COLORTERM', 'truecolor'), ('_CE_M', ''), ('GIO_LAUNCHED_DESKTOP_FILE_PID', '1699102'), ('NVM_DIR', '/home/sensethreat/.nvm'), ('ROS_DISTRO', 'humble'), ('GTK_IM_MODULE', 'ibus'), ('LOGNAME', 'sensethreat'), ('JOURNAL_STREAM', '8:25865'), ('_', '/usr/bin/colcon'), ('ROS_VERSION', '2'), ('CLAUDE_CODE_SSE_PORT', '13146'), ('XDG_SESSION_CLASS', 'user'), ('GEMINI_CLI_IDE_WORKSPACE_PATH', '/mnt/ssd/lsgloc_ws'), ('USERNAME', 'sensethreat'), ('TERM', 'xterm-256color'), ('GNOME_DESKTOP_SESSION_ID', 'this-is-deprecated'), ('_CE_CONDA', ''), ('FC_FONTATIONS', '1'), ('ROS_LOCALHOST_ONLY', '0'), ('GEMINI_CLI_IDE_SERVER_PORT', '37737'), ('WINDOWPATH', '2'), ('PATH', '/usr/local/cuda/bin:/home/sensethreat/.config/Code/User/globalStorage/github.copilot-chat/debugCommand:/home/sensethreat/.config/Code/User/globalStorage/github.copilot-chat/copilotCli:/home/sensethreat/.local/bin:/home/sensethreat/.nvm/versions/node/v20.20.1/bin:/opt/ros/humble/bin:/home/sensethreat/anaconda3/condabin:/usr/local/cuda/bin:/home/sensethreat/.local/bin:/usr/local/sbin:/usr/local/bin:/usr/sbin:/usr/bin:/sbin:/bin:/usr/games:/usr/local/games:/snap/bin:/snap/bin:/home/sensethreat/.vscode/extensions/ms-python.debugpy-2025.18.0-linux-x64/bundled/scripts/noConfigScripts'), ('SESSION_MANAGER', 'local/gr00t-4090:@/tmp/.ICE-unix/4476,unix/gr00t-4090:/tmp/.ICE-unix/4476'), ('INVOCATION_ID', '2f188857ecf04eb188026dc287baa7cc'), ('XDG_MENU_PREFIX', 'gnome-'), ('XDG_RUNTIME_DIR', '/run/user/1000'), ('GDK_BACKEND', 'x11'), ('DISPLAY', ':1'), ('VSCODE_DEBUGPY_ADAPTER_ENDPOINTS', '/home/sensethreat/.vscode/extensions/ms-python.debugpy-2025.18.0-linux-x64/.noConfigDebugAdapterEndpoints/endpoint-9686078bbb06aef1.txt'), ('LANG', 'en_US.UTF-8'), ('XDG_CURRENT_DESKTOP', 'ubuntu:GNOME'), ('PYTHONSTARTUP', '/home/sensethreat/.config/Code/User/workspaceStorage/a1ba31dbdeff2a34003cc17b1390a45e/ms-python.python/pythonrc.py'), ('XMODIFIERS', '@im=ibus'), ('XDG_SESSION_DESKTOP', 'ubuntu'), ('XAUTHORITY', '/run/user/1000/gdm/Xauthority'), ('LS_COLORS', 'rs=0:di=01;34:ln=01;36:mh=00:pi=40;33:so=01;35:do=01;35:bd=40;33;01:cd=40;33;01:or=40;31;01:mi=00:su=37;41:sg=30;43:ca=30;41:tw=30;42:ow=34;42:st=37;44:ex=01;32:*.tar=01;31:*.tgz=01;31:*.arc=01;31:*.arj=01;31:*.taz=01;31:*.lha=01;31:*.lz4=01;31:*.lzh=01;31:*.lzma=01;31:*.tlz=01;31:*.txz=01;31:*.tzo=01;31:*.t7z=01;31:*.zip=01;31:*.z=01;31:*.dz=01;31:*.gz=01;31:*.lrz=01;31:*.lz=01;31:*.lzo=01;31:*.xz=01;31:*.zst=01;31:*.tzst=01;31:*.bz2=01;31:*.bz=01;31:*.tbz=01;31:*.tbz2=01;31:*.tz=01;31:*.deb=01;31:*.rpm=01;31:*.jar=01;31:*.war=01;31:*.ear=01;31:*.sar=01;31:*.rar=01;31:*.alz=01;31:*.ace=01;31:*.zoo=01;31:*.cpio=01;31:*.7z=01;31:*.rz=01;31:*.cab=01;31:*.wim=01;31:*.swm=01;31:*.dwm=01;31:*.esd=01;31:*.jpg=01;35:*.jpeg=01;35:*.mjpg=01;35:*.mjpeg=01;35:*.gif=01;35:*.bmp=01;35:*.pbm=01;35:*.pgm=01;35:*.ppm=01;35:*.tga=01;35:*.xbm=01;35:*.xpm=01;35:*.tif=01;35:*.tiff=01;35:*.png=01;35:*.svg=01;35:*.svgz=01;35:*.mng=01;35:*.pcx=01;35:*.mov=01;35:*.mpg=01;35:*.mpeg=01;35:*.m2v=01;35:*.mkv=01;35:*.webm=01;35:*.webp=01;35:*.ogm=01;35:*.mp4=01;35:*.m4v=01;35:*.mp4v=01;35:*.vob=01;35:*.qt=01;35:*.nuv=01;35:*.wmv=01;35:*.asf=01;35:*.rm=01;35:*.rmvb=01;35:*.flc=01;35:*.avi=01;35:*.fli=01;35:*.flv=01;35:*.gl=01;35:*.dl=01;35:*.xcf=01;35:*.xwd=01;35:*.yuv=01;35:*.cgm=01;35:*.emf=01;35:*.ogv=01;35:*.ogx=01;35:*.aac=00;36:*.au=00;36:*.flac=00;36:*.m4a=00;36:*.mid=00;36:*.midi=00;36:*.mka=00;36:*.mp3=00;36:*.mpc=00;36:*.ogg=00;36:*.ra=00;36:*.wav=00;36:*.oga=00;36:*.opus=00;36:*.spx=00;36:*.xspf=00;36:'), ('VSCODE_GIT_IPC_HANDLE', '/run/user/1000/vscode-git-e747b80a0c.sock'), ('TERM_PROGRAM', 'vscode'), ('SSH_AGENT_LAUNCHER', 'gnome-keyring'), ('SSH_AUTH_SOCK', '/run/user/1000/keyring/ssh'), ('ROS_DOMAIN_ID', '42'), ('AMENT_PREFIX_PATH', '/mnt/ssd/lsgloc_ws/install/semantic_msgs:/opt/ros/humble'), ('CONDA_PYTHON_EXE', '/home/sensethreat/anaconda3/bin/python'), ('SHELL', '/bin/bash'), ('QT_ACCESSIBILITY', '1'), ('GDMSESSION', 'ubuntu'), ('LESSCLOSE', '/usr/bin/lesspipe %s %s'), ('GPG_AGENT_INFO', '/run/user/1000/gnupg/S.gpg-agent:0:1'), ('GJS_DEBUG_OUTPUT', 'stderr'), ('VSCODE_GIT_ASKPASS_EXTRA_ARGS', ''), ('QT_IM_MODULE', 'ibus'), ('GEMINI_CLI_IDE_AUTH_TOKEN', '26413f97-634b-4051-b3bb-35b322666b9d'), ('PWD', '/mnt/ssd/lsgloc_ws/build/semantic_mcl'), ('TURTLEBOT3_MODEL', 'waffle'), ('LC_ALL', 'en_US.UTF-8'), ('XDG_CONFIG_DIRS', '/etc/xdg/xdg-ubuntu:/etc/xdg'), ('CONDA_EXE', '/home/sensethreat/anaconda3/bin/conda'), ('NVM_CD_FLAGS', ''), ('XDG_DATA_DIRS', '/usr/share/ubuntu:/usr/share/gnome:/usr/local/share/:/usr/share/:/var/lib/snapd/desktop'), ('LDS_MODEL', 'LDS-01'), ('PYTHONPATH', '/mnt/ssd/lsgloc_ws/install/semantic_msgs/local/lib/python3.10/dist-packages:/opt/ros/humble/lib/python3.10/site-packages:/opt/ros/humble/local/lib/python3.10/dist-packages'), ('COLCON', '1'), ('CMAKE_PREFIX_PATH', '/mnt/ssd/lsgloc_ws/install/semantic_msgs:/opt/ros/humble')]), 'shell': False}
[0.659909] (test_semantic_mcl) Command: {'cmd': ['/usr/bin/python3', '-W', 'ignore:setup.py install is deprecated', '-W', 'ignore:easy_install command is deprecated', 'setup.py', 'egg_info', '--egg-base', '../../build/test_semantic_mcl', 'build', '--build-base', '/mnt/ssd/lsgloc_ws/build/test_semantic_mcl/build', 'install', '--record', '/mnt/ssd/lsgloc_ws/build/test_semantic_mcl/install.log', '--single-version-externally-managed', 'install_data'], 'cwd': '/mnt/ssd/lsgloc_ws/src/test_semantic_mcl', 'env': {'GJS_DEBUG_TOPICS': 'JS ERROR;JS LOG', 'PYTHON_BASIC_REPL': '1', 'LESSOPEN': '| /usr/bin/lesspipe %s', 'LANGUAGE': 'en_SG:en', 'USER': 'sensethreat', 'XDG_SESSION_TYPE': 'x11', 'GIT_ASKPASS': '/usr/share/code/resources/app/extensions/git/dist/askpass.sh', 'SHLVL': '1', 'LD_LIBRARY_PATH': '/usr/local/cuda/lib64:/usr/lib/x86_64-linux-gnu/gazebo-11/plugins:/opt/ros/humble/opt/rviz_ogre_vendor/lib:/opt/ros/humble/lib/x86_64-linux-gnu:/opt/ros/humble/lib:/usr/local/cuda/lib64:', 'HOME': '/home/sensethreat', 'CHROME_DESKTOP': 'code.desktop', 'CONDA_SHLVL': '0', 'TERM_PROGRAM_VERSION': '1.108.2', 'DESKTOP_SESSION': 'ubuntu', 'NVM_BIN': '/home/sensethreat/.nvm/versions/node/v20.20.1/bin', 'NVM_INC': '/home/sensethreat/.nvm/versions/node/v20.20.1/include/node', 'GIO_LAUNCHED_DESKTOP_FILE': '/usr/share/applications/code.desktop', 'ROS_PYTHON_VERSION': '3', 'GNOME_SHELL_SESSION_MODE': 'ubuntu', 'GTK_MODULES': 'gail:atk-bridge', 'VSCODE_GIT_ASKPASS_MAIN': '/usr/share/code/resources/app/extensions/git/dist/askpass-main.js', 'VSCODE_GIT_ASKPASS_NODE': '/usr/share/code/code', 'MANAGERPID': '4235', 'PYDEVD_DISABLE_FILE_VALIDATION': '1', 'SYSTEMD_EXEC_PID': '4526', 'BUNDLED_DEBUGPY_PATH': '/home/sensethreat/.vscode/extensions/ms-python.debugpy-2025.18.0-linux-x64/bundled/libs/debugpy', 'VSCODE_PYTHON_AUTOACTIVATE_GUARD': '1', 'DBUS_SESSION_BUS_ADDRESS': 'unix:path=/run/user/1000/bus', 'COLORTERM': 'truecolor', '_CE_M': '', 'GIO_LAUNCHED_DESKTOP_FILE_PID': '1699102', 'NVM_DIR': '/home/sensethreat/.nvm', 'ROS_DISTRO': 'humble', 'GTK_IM_MODULE': 'ibus', 'LOGNAME': 'sensethreat', 'JOURNAL_STREAM': '8:25865', '_': '/usr/bin/colcon', 'ROS_VERSION': '2', 'CLAUDE_CODE_SSE_PORT': '13146', 'XDG_SESSION_CLASS': 'user', 'GEMINI_CLI_IDE_WORKSPACE_PATH': '/mnt/ssd/lsgloc_ws', 'USERNAME': 'sensethreat', 'TERM': 'xterm-256color', 'GNOME_DESKTOP_SESSION_ID': 'this-is-deprecated', '_CE_CONDA': '', 'FC_FONTATIONS': '1', 'ROS_LOCALHOST_ONLY': '0', 'GEMINI_CLI_IDE_SERVER_PORT': '37737', 'WINDOWPATH': '2', 'PATH': '/usr/local/cuda/bin:/home/sensethreat/.config/Code/User/globalStorage/github.copilot-chat/debugCommand:/home/sensethreat/.config/Code/User/globalStorage/github.copilot-chat/copilotCli:/home/sensethreat/.local/bin:/home/sensethreat/.nvm/versions/node/v20.20.1/bin:/opt/ros/humble/bin:/home/sensethreat/anaconda3/condabin:/usr/local/cuda/bin:/home/sensethreat/.local/bin:/usr/local/sbin:/usr/local/bin:/usr/sbin:/usr/bin:/sbin:/bin:/usr/games:/usr/local/games:/snap/bin:/snap/bin:/home/sensethreat/.vscode/extensions/ms-python.debugpy-2025.18.0-linux-x64/bundled/scripts/noConfigScripts', 'SESSION_MANAGER': 'local/gr00t-4090:@/tmp/.ICE-unix/4476,unix/gr00t-4090:/tmp/.ICE-unix/4476', 'INVOCATION_ID': '2f188857ecf04eb188026dc287baa7cc', 'XDG_MENU_PREFIX': 'gnome-', 'XDG_RUNTIME_DIR': '/run/user/1000', 'GDK_BACKEND': 'x11', 'DISPLAY': ':1', 'VSCODE_DEBUGPY_ADAPTER_ENDPOINTS': '/home/sensethreat/.vscode/extensions/ms-python.debugpy-2025.18.0-linux-x64/.noConfigDebugAdapterEndpoints/endpoint-9686078bbb06aef1.txt', 'LANG': 'en_US.UTF-8', 'XDG_CURRENT_DESKTOP': 'ubuntu:GNOME', 'PYTHONSTARTUP': '/home/sensethreat/.config/Code/User/workspaceStorage/a1ba31dbdeff2a34003cc17b1390a45e/ms-python.python/pythonrc.py', 'XMODIFIERS': '@im=ibus', 'XDG_SESSION_DESKTOP': 'ubuntu', 'XAUTHORITY': '/run/user/1000/gdm/Xauthority', 'LS_COLORS': 'rs=0:di=01;34:ln=01;36:mh=00:pi=40;33:so=01;35:do=01;35:bd=40;33;01:cd=40;33;01:or=40;31;01:mi=00:su=37;41:sg=30;43:ca=30;41:tw=30;42:ow=34;42:st=37;44:ex=01;32:*.tar=01;31:*.tgz=01;31:*.arc=01;31:*.arj=01;31:*.taz=01;31:*.lha=01;31:*.lz4=01;31:*.lzh=01;31:*.lzma=01;31:*.tlz=01;31:*.txz=01;31:*.tzo=01;31:*.t7z=01;31:*.zip=01;31:*.z=01;31:*.dz=01;31:*.gz=01;31:*.lrz=01;31:*.lz=01;31:*.lzo=01;31:*.xz=01;31:*.zst=01;31:*.tzst=01;31:*.bz2=01;31:*.bz=01;31:*.tbz=01;31:*.tbz2=01;31:*.tz=01;31:*.deb=01;31:*.rpm=01;31:*.jar=01;31:*.war=01;31:*.ear=01;31:*.sar=01;31:*.rar=01;31:*.alz=01;31:*.ace=01;31:*.zoo=01;31:*.cpio=01;31:*.7z=01;31:*.rz=01;31:*.cab=01;31:*.wim=01;31:*.swm=01;31:*.dwm=01;31:*.esd=01;31:*.jpg=01;35:*.jpeg=01;35:*.mjpg=01;35:*.mjpeg=01;35:*.gif=01;35:*.bmp=01;35:*.pbm=01;35:*.pgm=01;35:*.ppm=01;35:*.tga=01;35:*.xbm=01;35:*.xpm=01;35:*.tif=01;35:*.tiff=01;35:*.png=01;35:*.svg=01;35:*.svgz=01;35:*.mng=01;35:*.pcx=01;35:*.mov=01;35:*.mpg=01;35:*.mpeg=01;35:*.m2v=01;35:*.mkv=01;35:*.webm=01;35:*.webp=01;35:*.ogm=01;35:*.mp4=01;35:*.m4v=01;35:*.mp4v=01;35:*.vob=01;35:*.qt=01;35:*.nuv=01;35:*.wmv=01;35:*.asf=01;35:*.rm=01;35:*.rmvb=01;35:*.flc=01;35:*.avi=01;35:*.fli=01;35:*.flv=01;35:*.gl=01;35:*.dl=01;35:*.xcf=01;35:*.xwd=01;35:*.yuv=01;35:*.cgm=01;35:*.emf=01;35:*.ogv=01;35:*.ogx=01;35:*.aac=00;36:*.au=00;36:*.flac=00;36:*.m4a=00;36:*.mid=00;36:*.midi=00;36:*.mka=00;36:*.mp3=00;36:*.mpc=00;36:*.ogg=00;36:*.ra=00;36:*.wav=00;36:*.oga=00;36:*.opus=00;36:*.spx=00;36:*.xspf=00;36:', 'VSCODE_GIT_IPC_HANDLE': '/run/user/1000/vscode-git-e747b80a0c.sock', 'TERM_PROGRAM': 'vscode', 'SSH_AGENT_LAUNCHER': 'gnome-keyring', 'SSH_AUTH_SOCK': '/run/user/1000/keyring/ssh', 'ROS_DOMAIN_ID': '42', 'AMENT_PREFIX_PATH': '/opt/ros/humble', 'CONDA_PYTHON_EXE': '/home/sensethreat/anaconda3/bin/python', 'SHELL': '/bin/bash', 'QT_ACCESSIBILITY': '1', 'GDMSESSION': 'ubuntu', 'LESSCLOSE': '/usr/bin/lesspipe %s %s', 'GPG_AGENT_INFO': '/run/user/1000/gnupg/S.gpg-agent:0:1', 'GJS_DEBUG_OUTPUT': 'stderr', 'VSCODE_GIT_ASKPASS_EXTRA_ARGS': '', 'QT_IM_MODULE': 'ibus', 'GEMINI_CLI_IDE_AUTH_TOKEN': '26413f97-634b-4051-b3bb-35b322666b9d', 'PWD': '/mnt/ssd/lsgloc_ws/build/test_semantic_mcl', 'TURTLEBOT3_MODEL': 'waffle', 'LC_ALL': 'en_US.UTF-8', 'XDG_CONFIG_DIRS': '/etc/xdg/xdg-ubuntu:/etc/xdg', 'CONDA_EXE': '/home/sensethreat/anaconda3/bin/conda', 'NVM_CD_FLAGS': '', 'XDG_DATA_DIRS': '/usr/share/ubuntu:/usr/share/gnome:/usr/local/share/:/usr/share/:/var/lib/snapd/desktop', 'LDS_MODEL': 'LDS-01', 'PYTHONPATH': '/mnt/ssd/lsgloc_ws/build/test_semantic_mcl/prefix_override:/usr/lib/python3/dist-packages/colcon_core/task/python/colcon_distutils_commands:/mnt/ssd/lsgloc_ws/install/test_semantic_mcl/lib/python3.10/site-packages:/opt/ros/humble/lib/python3.10/site-packages:/opt/ros/humble/local/lib/python3.10/dist-packages', 'COLCON': '1'}, 'shell': False}
[0.675394] (semantic_mcl) StdoutLine: {'line': b'[ 30%] Built target gtest\n'}
[0.675494] (semantic_mcl) StdoutLine: {'line': b'[ 30%] Built target gtest_main\n'}
[0.675601] (semantic_mcl) StdoutLine: {'line': b'[ 69%] Built target semantic_mcl_core\n'}
[0.689350] (semantic_mcl) StdoutLine: {'line': b'[ 84%] Built target test_semantic_mcl\n'}
[0.692195] (semantic_mcl) StdoutLine: {'line': b'[100%] Built target semantic_mcl_node_exec\n'}
[0.699453] (semantic_mcl) CommandEnded: {'returncode': 0}
[0.699947] (semantic_mcl) JobProgress: {'identifier': 'semantic_mcl', 'progress': 'install'}
[0.700413] (semantic_mcl) Command: {'cmd': ['/usr/bin/cmake', '--install', '/mnt/ssd/lsgloc_ws/build/semantic_mcl'], 'cwd': '/mnt/ssd/lsgloc_ws/build/semantic_mcl', 'env': OrderedDict([('GJS_DEBUG_TOPICS', 'JS ERROR;JS LOG'), ('PYTHON_BASIC_REPL', '1'), ('LESSOPEN', '| /usr/bin/lesspipe %s'), ('LANGUAGE', 'en_SG:en'), ('USER', 'sensethreat'), ('XDG_SESSION_TYPE', 'x11'), ('GIT_ASKPASS', '/usr/share/code/resources/app/extensions/git/dist/askpass.sh'), ('SHLVL', '1'), ('LD_LIBRARY_PATH', '/mnt/ssd/lsgloc_ws/install/semantic_msgs/lib:/usr/local/cuda/lib64:/usr/lib/x86_64-linux-gnu/gazebo-11/plugins:/opt/ros/humble/opt/rviz_ogre_vendor/lib:/opt/ros/humble/lib/x86_64-linux-gnu:/opt/ros/humble/lib:/usr/local/cuda/lib64'), ('HOME', '/home/sensethreat'), ('CHROME_DESKTOP', 'code.desktop'), ('CONDA_SHLVL', '0'), ('TERM_PROGRAM_VERSION', '1.108.2'), ('DESKTOP_SESSION', 'ubuntu'), ('NVM_BIN', '/home/sensethreat/.nvm/versions/node/v20.20.1/bin'), ('NVM_INC', '/home/sensethreat/.nvm/versions/node/v20.20.1/include/node'), ('GIO_LAUNCHED_DESKTOP_FILE', '/usr/share/applications/code.desktop'), ('ROS_PYTHON_VERSION', '3'), ('GNOME_SHELL_SESSION_MODE', 'ubuntu'), ('GTK_MODULES', 'gail:atk-bridge'), ('VSCODE_GIT_ASKPASS_MAIN', '/usr/share/code/resources/app/extensions/git/dist/askpass-main.js'), ('VSCODE_GIT_ASKPASS_NODE', '/usr/share/code/code'), ('MANAGERPID', '4235'), ('PYDEVD_DISABLE_FILE_VALIDATION', '1'), ('SYSTEMD_EXEC_PID', '4526'), ('BUNDLED_DEBUGPY_PATH', '/home/sensethreat/.vscode/extensions/ms-python.debugpy-2025.18.0-linux-x64/bundled/libs/debugpy'), ('VSCODE_PYTHON_AUTOACTIVATE_GUARD', '1'), ('DBUS_SESSION_BUS_ADDRESS', 'unix:path=/run/user/1000/bus'), ('COLORTERM', 'truecolor'), ('_CE_M', ''), ('GIO_LAUNCHED_DESKTOP_FILE_PID', '1699102'), ('NVM_DIR', '/home/sensethreat/.nvm'), ('ROS_DISTRO', 'humble'), ('GTK_IM_MODULE', 'ibus'), ('LOGNAME', 'sensethreat'), ('JOURNAL_STREAM', '8:25865'), ('_', '/usr/bin/colcon'), ('ROS_VERSION', '2'), ('CLAUDE_CODE_SSE_PORT', '13146'), ('XDG_SESSION_CLASS', 'user'), ('GEMINI_CLI_IDE_WORKSPACE_PATH', '/mnt/ssd/lsgloc_ws'), ('USERNAME', 'sensethreat'), ('TERM', 'xterm-256color'), ('GNOME_DESKTOP_SESSION_ID', 'this-is-deprecated'), ('_CE_CONDA', ''), ('FC_FONTATIONS', '1'), ('ROS_LOCALHOST_ONLY', '0'), ('GEMINI_CLI_IDE_SERVER_PORT', '37737'), ('WINDOWPATH', '2'), ('PATH', '/usr/local/cuda/bin:/home/sensethreat/.config/Code/User/globalStorage/github.copilot-chat/debugCommand:/home/sensethreat/.config/Code/User/globalStorage/github.copilot-chat/copilotCli:/home/sensethreat/.local/bin:/home/sensethreat/.nvm/versions/node/v20.20.1/bin:/opt/ros/humble/bin:/home/sensethreat/anaconda3/condabin:/usr/local/cuda/bin:/home/sensethreat/.local/bin:/usr/local/sbin:/usr/local/bin:/usr/sbin:/usr/bin:/sbin:/bin:/usr/games:/usr/local/games:/snap/bin:/snap/bin:/home/sensethreat/.vscode/extensions/ms-python.debugpy-2025.18.0-linux-x64/bundled/scripts/noConfigScripts'), ('SESSION_MANAGER', 'local/gr00t-4090:@/tmp/.ICE-unix/4476,unix/gr00t-4090:/tmp/.ICE-unix/4476'), ('INVOCATION_ID', '2f188857ecf04eb188026dc287baa7cc'), ('XDG_MENU_PREFIX', 'gnome-'), ('XDG_RUNTIME_DIR', '/run/user/1000'), ('GDK_BACKEND', 'x11'), ('DISPLAY', ':1'), ('VSCODE_DEBUGPY_ADAPTER_ENDPOINTS', '/home/sensethreat/.vscode/extensions/ms-python.debugpy-2025.18.0-linux-x64/.noConfigDebugAdapterEndpoints/endpoint-9686078bbb06aef1.txt'), ('LANG', 'en_US.UTF-8'), ('XDG_CURRENT_DESKTOP', 'ubuntu:GNOME'), ('PYTHONSTARTUP', '/home/sensethreat/.config/Code/User/workspaceStorage/a1ba31dbdeff2a34003cc17b1390a45e/ms-python.python/pythonrc.py'), ('XMODIFIERS', '@im=ibus'), ('XDG_SESSION_DESKTOP', 'ubuntu'), ('XAUTHORITY', '/run/user/1000/gdm/Xauthority'), ('LS_COLORS', 'rs=0:di=01;34:ln=01;36:mh=00:pi=40;33:so=01;35:do=01;35:bd=40;33;01:cd=40;33;01:or=40;31;01:mi=00:su=37;41:sg=30;43:ca=30;41:tw=30;42:ow=34;42:st=37;44:ex=01;32:*.tar=01;31:*.tgz=01;31:*.arc=01;31:*.arj=01;31:*.taz=01;31:*.lha=01;31:*.lz4=01;31:*.lzh=01;31:*.lzma=01;31:*.tlz=01;31:*.txz=01;31:*.tzo=01;31:*.t7z=01;31:*.zip=01;31:*.z=01;31:*.dz=01;31:*.gz=01;31:*.lrz=01;31:*.lz=01;31:*.lzo=01;31:*.xz=01;31:*.zst=01;31:*.tzst=01;31:*.bz2=01;31:*.bz=01;31:*.tbz=01;31:*.tbz2=01;31:*.tz=01;31:*.deb=01;31:*.rpm=01;31:*.jar=01;31:*.war=01;31:*.ear=01;31:*.sar=01;31:*.rar=01;31:*.alz=01;31:*.ace=01;31:*.zoo=01;31:*.cpio=01;31:*.7z=01;31:*.rz=01;31:*.cab=01;31:*.wim=01;31:*.swm=01;31:*.dwm=01;31:*.esd=01;31:*.jpg=01;35:*.jpeg=01;35:*.mjpg=01;35:*.mjpeg=01;35:*.gif=01;35:*.bmp=01;35:*.pbm=01;35:*.pgm=01;35:*.ppm=01;35:*.tga=01;35:*.xbm=01;35:*.xpm=01;35:*.tif=01;35:*.tiff=01;35:*.png=01;35:*.svg=01;35:*.svgz=01;35:*.mng=01;35:*.pcx=01;35:*.mov=01;35:*.mpg=01;35:*.mpeg=01;35:*.m2v=01;35:*.mkv=01;35:*.webm=01;35:*.webp=01;35:*.ogm=01;35:*.mp4=01;35:*.m4v=01;35:*.mp4v=01;35:*.vob=01;35:*.qt=01;35:*.nuv=01;35:*.wmv=01;35:*.asf=01;35:*.rm=01;35:*.rmvb=01;35:*.flc=01;35:*.avi=01;35:*.fli=01;35:*.flv=01;35:*.gl=01;35:*.dl=01;35:*.xcf=01;35:*.xwd=01;35:*.yuv=01;35:*.cgm=01;35:*.emf=01;35:*.ogv=01;35:*.ogx=01;35:*.aac=00;36:*.au=00;36:*.flac=00;36:*.m4a=00;36:*.mid=00;36:*.midi=00;36:*.mka=00;36:*.mp3=00;36:*.mpc=00;36:*.ogg=00;36:*.ra=00;36:*.wav=00;36:*.oga=00;36:*.opus=00;36:*.spx=00;36:*.xspf=00;36:'), ('VSCODE_GIT_IPC_HANDLE', '/run/user/1000/vscode-git-e747b80a0c.sock'), ('TERM_PROGRAM', 'vscode'), ('SSH_AGENT_LAUNCHER', 'gnome-keyring'), ('SSH_AUTH_SOCK', '/run/user/1000/keyring/ssh'), ('ROS_DOMAIN_ID', '42'), ('AMENT_PREFIX_PATH', '/mnt/ssd/lsgloc_ws/install/semantic_msgs:/opt/ros/humble'), ('CONDA_PYTHON_EXE', '/home/sensethreat/anaconda3/bin/python'), ('SHELL', '/bin/bash'), ('QT_ACCESSIBILITY', '1'), ('GDMSESSION', 'ubuntu'), ('LESSCLOSE', '/usr/bin/lesspipe %s %s'), ('GPG_AGENT_INFO', '/run/user/1000/gnupg/S.gpg-agent:0:1'), ('GJS_DEBUG_OUTPUT', 'stderr'), ('VSCODE_GIT_ASKPASS_EXTRA_ARGS', ''), ('QT_IM_MODULE', 'ibus'), ('GEMINI_CLI_IDE_AUTH_TOKEN', '26413f97-634b-4051-b3bb-35b322666b9d'), ('PWD', '/mnt/ssd/lsgloc_ws/build/semantic_mcl'), ('TURTLEBOT3_MODEL', 'waffle'), ('LC_ALL', 'en_US.UTF-8'), ('XDG_CONFIG_DIRS', '/etc/xdg/xdg-ubuntu:/etc/xdg'), ('CONDA_EXE', '/home/sensethreat/anaconda3/bin/conda'), ('NVM_CD_FLAGS', ''), ('XDG_DATA_DIRS', '/usr/share/ubuntu:/usr/share/gnome:/usr/local/share/:/usr/share/:/var/lib/snapd/desktop'), ('LDS_MODEL', 'LDS-01'), ('PYTHONPATH', '/mnt/ssd/lsgloc_ws/install/semantic_msgs/local/lib/python3.10/dist-packages:/opt/ros/humble/lib/python3.10/site-packages:/opt/ros/humble/local/lib/python3.10/dist-packages'), ('COLCON', '1'), ('CMAKE_PREFIX_PATH', '/mnt/ssd/lsgloc_ws/install/semantic_msgs:/opt/ros/humble')]), 'shell': False}
[0.700950] (-) TimerEvent: {}
[0.704793] (semantic_mcl) StdoutLine: {'line': b'-- Install configuration: ""\n'}
[0.704921] (semantic_mcl) StdoutLine: {'line': b'-- Up-to-date: /mnt/ssd/lsgloc_ws/install/semantic_mcl/lib/semantic_mcl/semantic_mcl_node_exec\n'}
[0.705037] (semantic_mcl) StdoutLine: {'line': b'-- Up-to-date: /mnt/ssd/lsgloc_ws/install/semantic_mcl/share/ament_index/resource_index/package_run_dependencies/semantic_mcl\n'}
[0.705121] (semantic_mcl) StdoutLine: {'line': b'-- Up-to-date: /mnt/ssd/lsgloc_ws/install/semantic_mcl/share/ament_index/resource_index/parent_prefix_path/semantic_mcl\n'}
[0.705177] (semantic_mcl) StdoutLine: {'line': b'-- Up-to-date: /mnt/ssd/lsgloc_ws/install/semantic_mcl/share/semantic_mcl/environment/ament_prefix_path.sh\n'}
[0.705225] (semantic_mcl) StdoutLine: {'line': b'-- Up-to-date: /mnt/ssd/lsgloc_ws/install/semantic_mcl/share/semantic_mcl/environment/ament_prefix_path.dsv\n'}
[0.705306] (semantic_mcl) StdoutLine: {'line': b'-- Up-to-date: /mnt/ssd/lsgloc_ws/install/semantic_mcl/share/semantic_mcl/environment/path.sh\n'}
[0.705355] (semantic_mcl) StdoutLine: {'line': b'-- Up-to-date: /mnt/ssd/lsgloc_ws/install/semantic_mcl/share/semantic_mcl/environment/path.dsv\n'}
[0.705400] (semantic_mcl) StdoutLine: {'line': b'-- Up-to-date: /mnt/ssd/lsgloc_ws/install/semantic_mcl/share/semantic_mcl/local_setup.bash\n'}
[0.705448] (semantic_mcl) StdoutLine: {'line': b'-- Up-to-date: /mnt/ssd/lsgloc_ws/install/semantic_mcl/share/semantic_mcl/local_setup.sh\n'}
[0.705495] (semantic_mcl) StdoutLine: {'line': b'-- Up-to-date: /mnt/ssd/lsgloc_ws/install/semantic_mcl/share/semantic_mcl/local_setup.zsh\n'}
[0.705540] (semantic_mcl) StdoutLine: {'line': b'-- Up-to-date: /mnt/ssd/lsgloc_ws/install/semantic_mcl/share/semantic_mcl/local_setup.dsv\n'}
[0.705586] (semantic_mcl) StdoutLine: {'line': b'-- Installing: /mnt/ssd/lsgloc_ws/install/semantic_mcl/share/semantic_mcl/package.dsv\n'}
[0.705653] (semantic_mcl) StdoutLine: {'line': b'-- Up-to-date: /mnt/ssd/lsgloc_ws/install/semantic_mcl/share/ament_index/resource_index/packages/semantic_mcl\n'}
[0.705725] (semantic_mcl) StdoutLine: {'line': b'-- Up-to-date: /mnt/ssd/lsgloc_ws/install/semantic_mcl/share/semantic_mcl/cmake/semantic_mclConfig.cmake\n'}
[0.705771] (semantic_mcl) StdoutLine: {'line': b'-- Up-to-date: /mnt/ssd/lsgloc_ws/install/semantic_mcl/share/semantic_mcl/cmake/semantic_mclConfig-version.cmake\n'}
[0.705814] (semantic_mcl) StdoutLine: {'line': b'-- Up-to-date: /mnt/ssd/lsgloc_ws/install/semantic_mcl/share/semantic_mcl/package.xml\n'}
[0.706562] (semantic_mcl) CommandEnded: {'returncode': 0}
[0.713793] (semantic_mcl) JobEnded: {'identifier': 'semantic_mcl', 'rc': 0}
[0.801028] (-) TimerEvent: {}
[0.887181] (test_semantic_mcl) StdoutLine: {'line': b'running egg_info\n'}
[0.895770] (test_semantic_mcl) StdoutLine: {'line': b'writing ../../build/test_semantic_mcl/test_semantic_mcl.egg-info/PKG-INFO\n'}
[0.895898] (test_semantic_mcl) StdoutLine: {'line': b'writing dependency_links to ../../build/test_semantic_mcl/test_semantic_mcl.egg-info/dependency_links.txt\n'}
[0.896010] (test_semantic_mcl) StdoutLine: {'line': b'writing requirements to ../../build/test_semantic_mcl/test_semantic_mcl.egg-info/requires.txt\n'}
[0.896083] (test_semantic_mcl) StdoutLine: {'line': b'writing top-level names to ../../build/test_semantic_mcl/test_semantic_mcl.egg-info/top_level.txt\n'}
[0.901086] (-) TimerEvent: {}
[0.913154] (test_semantic_mcl) StdoutLine: {'line': b"reading manifest file '../../build/test_semantic_mcl/test_semantic_mcl.egg-info/SOURCES.txt'\n"}
[0.913612] (test_semantic_mcl) StdoutLine: {'line': b"writing manifest file '../../build/test_semantic_mcl/test_semantic_mcl.egg-info/SOURCES.txt'\n"}
[0.913685] (test_semantic_mcl) StdoutLine: {'line': b'running build\n'}
[0.913726] (test_semantic_mcl) StdoutLine: {'line': b'running build_py\n'}
[0.913805] (test_semantic_mcl) StdoutLine: {'line': b'running install\n'}
[0.916616] (test_semantic_mcl) StdoutLine: {'line': b'running install_lib\n'}
[0.925422] (test_semantic_mcl) StdoutLine: {'line': b'running install_data\n'}
[0.925596] (test_semantic_mcl) StdoutLine: {'line': b'running install_egg_info\n'}
[0.934608] (test_semantic_mcl) StdoutLine: {'line': b"removing '/mnt/ssd/lsgloc_ws/install/test_semantic_mcl/lib/python3.10/site-packages/test_semantic_mcl-0.0.0-py3.10.egg-info' (and everything under it)\n"}
[0.934796] (test_semantic_mcl) StdoutLine: {'line': b'Copying ../../build/test_semantic_mcl/test_semantic_mcl.egg-info to /mnt/ssd/lsgloc_ws/install/test_semantic_mcl/lib/python3.10/site-packages/test_semantic_mcl-0.0.0-py3.10.egg-info\n'}
[0.935194] (test_semantic_mcl) StdoutLine: {'line': b'running install_scripts\n'}
[0.968877] (test_semantic_mcl) StdoutLine: {'line': b"writing list of installed files to '/mnt/ssd/lsgloc_ws/build/test_semantic_mcl/install.log'\n"}
[0.986487] (test_semantic_mcl) CommandEnded: {'returncode': 0}
[0.989743] (test_semantic_mcl) JobEnded: {'identifier': 'test_semantic_mcl', 'rc': 0}
[1.001156] (-) TimerEvent: {}
[1.020830] (obj_detection) Command: {'cmd': ['/usr/bin/python3', '-W', 'ignore:setup.py install is deprecated', '-W', 'ignore:easy_install command is deprecated', 'setup.py', 'egg_info', '--egg-base', '../../build/obj_detection', 'build', '--build-base', '/mnt/ssd/lsgloc_ws/build/obj_detection/build', 'install', '--record', '/mnt/ssd/lsgloc_ws/build/obj_detection/install.log', '--single-version-externally-managed', 'install_data'], 'cwd': '/mnt/ssd/lsgloc_ws/src/obj_detection', 'env': {'GJS_DEBUG_TOPICS': 'JS ERROR;JS LOG', 'PYTHON_BASIC_REPL': '1', 'LESSOPEN': '| /usr/bin/lesspipe %s', 'LANGUAGE': 'en_SG:en', 'USER': 'sensethreat', 'XDG_SESSION_TYPE': 'x11', 'GIT_ASKPASS': '/usr/share/code/resources/app/extensions/git/dist/askpass.sh', 'SHLVL': '1', 'LD_LIBRARY_PATH': '/mnt/ssd/lsgloc_ws/install/semantic_msgs/lib:/usr/local/cuda/lib64:/usr/lib/x86_64-linux-gnu/gazebo-11/plugins:/opt/ros/humble/opt/rviz_ogre_vendor/lib:/opt/ros/humble/lib/x86_64-linux-gnu:/opt/ros/humble/lib:/usr/local/cuda/lib64', 'HOME': '/home/sensethreat', 'CHROME_DESKTOP': 'code.desktop', 'CONDA_SHLVL': '0', 'TERM_PROGRAM_VERSION': '1.108.2', 'DESKTOP_SESSION': 'ubuntu', 'NVM_BIN': '/home/sensethreat/.nvm/versions/node/v20.20.1/bin', 'NVM_INC': '/home/sensethreat/.nvm/versions/node/v20.20.1/include/node', 'GIO_LAUNCHED_DESKTOP_FILE': '/usr/share/applications/code.desktop', 'ROS_PYTHON_VERSION': '3', 'GNOME_SHELL_SESSION_MODE': 'ubuntu', 'GTK_MODULES': 'gail:atk-bridge', 'VSCODE_GIT_ASKPASS_MAIN': '/usr/share/code/resources/app/extensions/git/dist/askpass-main.js', 'VSCODE_GIT_ASKPASS_NODE': '/usr/share/code/code', 'MANAGERPID': '4235', 'PYDEVD_DISABLE_FILE_VALIDATION': '1', 'SYSTEMD_EXEC_PID': '4526', 'BUNDLED_DEBUGPY_PATH': '/home/sensethreat/.vscode/extensions/ms-python.debugpy-2025.18.0-linux-x64/bundled/libs/debugpy', 'VSCODE_PYTHON_AUTOACTIVATE_GUARD': '1', 'DBUS_SESSION_BUS_ADDRESS': 'unix:path=/run/user/1000/bus', 'COLORTERM': 'truecolor', '_CE_M': '', 'GIO_LAUNCHED_DESKTOP_FILE_PID': '1699102', 'NVM_DIR': '/home/sensethreat/.nvm', 'ROS_DISTRO': 'humble', 'GTK_IM_MODULE': 'ibus', 'LOGNAME': 'sensethreat', 'JOURNAL_STREAM': '8:25865', '_': '/usr/bin/colcon', 'ROS_VERSION': '2', 'CLAUDE_CODE_SSE_PORT': '13146', 'XDG_SESSION_CLASS': 'user', 'GEMINI_CLI_IDE_WORKSPACE_PATH': '/mnt/ssd/lsgloc_ws', 'USERNAME': 'sensethreat', 'TERM': 'xterm-256color', 'GNOME_DESKTOP_SESSION_ID': 'this-is-deprecated', '_CE_CONDA': '', 'FC_FONTATIONS': '1', 'ROS_LOCALHOST_ONLY': '0', 'GEMINI_CLI_IDE_SERVER_PORT': '37737', 'WINDOWPATH': '2', 'PATH': '/usr/local/cuda/bin:/home/sensethreat/.config/Code/User/globalStorage/github.copilot-chat/debugCommand:/home/sensethreat/.config/Code/User/globalStorage/github.copilot-chat/copilotCli:/home/sensethreat/.local/bin:/home/sensethreat/.nvm/versions/node/v20.20.1/bin:/opt/ros/humble/bin:/home/sensethreat/anaconda3/condabin:/usr/local/cuda/bin:/home/sensethreat/.local/bin:/usr/local/sbin:/usr/local/bin:/usr/sbin:/usr/bin:/sbin:/bin:/usr/games:/usr/local/games:/snap/bin:/snap/bin:/home/sensethreat/.vscode/extensions/ms-python.debugpy-2025.18.0-linux-x64/bundled/scripts/noConfigScripts', 'SESSION_MANAGER': 'local/gr00t-4090:@/tmp/.ICE-unix/4476,unix/gr00t-4090:/tmp/.ICE-unix/4476', 'INVOCATION_ID': '2f188857ecf04eb188026dc287baa7cc', 'XDG_MENU_PREFIX': 'gnome-', 'XDG_RUNTIME_DIR': '/run/user/1000', 'GDK_BACKEND': 'x11', 'DISPLAY': ':1', 'VSCODE_DEBUGPY_ADAPTER_ENDPOINTS': '/home/sensethreat/.vscode/extensions/ms-python.debugpy-2025.18.0-linux-x64/.noConfigDebugAdapterEndpoints/endpoint-9686078bbb06aef1.txt', 'LANG': 'en_US.UTF-8', 'XDG_CURRENT_DESKTOP': 'ubuntu:GNOME', 'PYTHONSTARTUP': '/home/sensethreat/.config/Code/User/workspaceStorage/a1ba31dbdeff2a34003cc17b1390a45e/ms-python.python/pythonrc.py', 'XMODIFIERS': '@im=ibus', 'XDG_SESSION_DESKTOP': 'ubuntu', 'XAUTHORITY': '/run/user/1000/gdm/Xauthority', 'LS_COLORS': 'rs=0:di=01;34:ln=01;36:mh=00:pi=40;33:so=01;35:do=01;35:bd=40;33;01:cd=40;33;01:or=40;31;01:mi=00:su=37;41:sg=30;43:ca=30;41:tw=30;42:ow=34;42:st=37;44:ex=01;32:*.tar=01;31:*.tgz=01;31:*.arc=01;31:*.arj=01;31:*.taz=01;31:*.lha=01;31:*.lz4=01;31:*.lzh=01;31:*.lzma=01;31:*.tlz=01;31:*.txz=01;31:*.tzo=01;31:*.t7z=01;31:*.zip=01;31:*.z=01;31:*.dz=01;31:*.gz=01;31:*.lrz=01;31:*.lz=01;31:*.lzo=01;31:*.xz=01;31:*.zst=01;31:*.tzst=01;31:*.bz2=01;31:*.bz=01;31:*.tbz=01;31:*.tbz2=01;31:*.tz=01;31:*.deb=01;31:*.rpm=01;31:*.jar=01;31:*.war=01;31:*.ear=01;31:*.sar=01;31:*.rar=01;31:*.alz=01;31:*.ace=01;31:*.zoo=01;31:*.cpio=01;31:*.7z=01;31:*.rz=01;31:*.cab=01;31:*.wim=01;31:*.swm=01;31:*.dwm=01;31:*.esd=01;31:*.jpg=01;35:*.jpeg=01;35:*.mjpg=01;35:*.mjpeg=01;35:*.gif=01;35:*.bmp=01;35:*.pbm=01;35:*.pgm=01;35:*.ppm=01;35:*.tga=01;35:*.xbm=01;35:*.xpm=01;35:*.tif=01;35:*.tiff=01;35:*.png=01;35:*.svg=01;35:*.svgz=01;35:*.mng=01;35:*.pcx=01;35:*.mov=01;35:*.mpg=01;35:*.mpeg=01;35:*.m2v=01;35:*.mkv=01;35:*.webm=01;35:*.webp=01;35:*.ogm=01;35:*.mp4=01;35:*.m4v=01;35:*.mp4v=01;35:*.vob=01;35:*.qt=01;35:*.nuv=01;35:*.wmv=01;35:*.asf=01;35:*.rm=01;35:*.rmvb=01;35:*.flc=01;35:*.avi=01;35:*.fli=01;35:*.flv=01;35:*.gl=01;35:*.dl=01;35:*.xcf=01;35:*.xwd=01;35:*.yuv=01;35:*.cgm=01;35:*.emf=01;35:*.ogv=01;35:*.ogx=01;35:*.aac=00;36:*.au=00;36:*.flac=00;36:*.m4a=00;36:*.mid=00;36:*.midi=00;36:*.mka=00;36:*.mp3=00;36:*.mpc=00;36:*.ogg=00;36:*.ra=00;36:*.wav=00;36:*.oga=00;36:*.opus=00;36:*.spx=00;36:*.xspf=00;36:', 'VSCODE_GIT_IPC_HANDLE': '/run/user/1000/vscode-git-e747b80a0c.sock', 'TERM_PROGRAM': 'vscode', 'SSH_AGENT_LAUNCHER': 'gnome-keyring', 'SSH_AUTH_SOCK': '/run/user/1000/keyring/ssh', 'ROS_DOMAIN_ID': '42', 'AMENT_PREFIX_PATH': '/mnt/ssd/lsgloc_ws/install/semantic_msgs:/opt/ros/humble', 'CONDA_PYTHON_EXE': '/home/sensethreat/anaconda3/bin/python', 'SHELL': '/bin/bash', 'QT_ACCESSIBILITY': '1', 'GDMSESSION': 'ubuntu', 'LESSCLOSE': '/usr/bin/lesspipe %s %s', 'GPG_AGENT_INFO': '/run/user/1000/gnupg/S.gpg-agent:0:1', 'GJS_DEBUG_OUTPUT': 'stderr', 'VSCODE_GIT_ASKPASS_EXTRA_ARGS': '', 'QT_IM_MODULE': 'ibus', 'GEMINI_CLI_IDE_AUTH_TOKEN': '26413f97-634b-4051-b3bb-35b322666b9d', 'PWD': '/mnt/ssd/lsgloc_ws/build/obj_detection', 'TURTLEBOT3_MODEL': 'waffle', 'LC_ALL': 'en_US.UTF-8', 'XDG_CONFIG_DIRS': '/etc/xdg/xdg-ubuntu:/etc/xdg', 'CONDA_EXE': '/home/sensethreat/anaconda3/bin/conda', 'NVM_CD_FLAGS': '', 'XDG_DATA_DIRS': '/usr/share/ubuntu:/usr/share/gnome:/usr/local/share/:/usr/share/:/var/lib/snapd/desktop', 'LDS_MODEL': 'LDS-01', 'PYTHONPATH': '/mnt/ssd/lsgloc_ws/build/obj_detection/prefix_override:/usr/lib/python3/dist-packages/colcon_core/task/python/colcon_distutils_commands:/mnt/ssd/lsgloc_ws/install/obj_detection/lib/python3.10/site-packages:/mnt/ssd/lsgloc_ws/install/semantic_msgs/local/lib/python3.10/dist-packages:/opt/ros/humble/lib/python3.10/site-packages:/opt/ros/humble/local/lib/python3.10/dist-packages', 'COLCON': '1', 'CMAKE_PREFIX_PATH': '/mnt/ssd/lsgloc_ws/install/semantic_msgs'}, 'shell': False}
[1.101236] (-) TimerEvent: {}
[1.201407] (-) TimerEvent: {}
[1.252298] (obj_detection) StdoutLine: {'line': b'running egg_info\n'}
[1.261131] (obj_detection) StdoutLine: {'line': b'writing ../../build/obj_detection/obj_detection.egg-info/PKG-INFO\n'}
[1.261241] (obj_detection) StdoutLine: {'line': b'writing dependency_links to ../../build/obj_detection/obj_detection.egg-info/dependency_links.txt\n'}
[1.261369] (obj_detection) StdoutLine: {'line': b'writing entry points to ../../build/obj_detection/obj_detection.egg-info/entry_points.txt\n'}
[1.261452] (obj_detection) StdoutLine: {'line': b'writing requirements to ../../build/obj_detection/obj_detection.egg-info/requires.txt\n'}
[1.261514] (obj_detection) StdoutLine: {'line': b'writing top-level names to ../../build/obj_detection/obj_detection.egg-info/top_level.txt\n'}
[1.279691] (obj_detection) StdoutLine: {'line': b"reading manifest file '../../build/obj_detection/obj_detection.egg-info/SOURCES.txt'\n"}
[1.280147] (obj_detection) StdoutLine: {'line': b"writing manifest file '../../build/obj_detection/obj_detection.egg-info/SOURCES.txt'\n"}
[1.280267] (obj_detection) StdoutLine: {'line': b'running build\n'}
[1.280313] (obj_detection) StdoutLine: {'line': b'running build_py\n'}
[1.280365] (obj_detection) StdoutLine: {'line': b'copying obj_detection/vlm_streaming_detector.py -> /mnt/ssd/lsgloc_ws/build/obj_detection/build/lib/obj_detection\n'}
[1.280467] (obj_detection) StdoutLine: {'line': b'copying obj_detection/vlm_backends.py -> /mnt/ssd/lsgloc_ws/build/obj_detection/build/lib/obj_detection\n'}
[1.280578] (obj_detection) StdoutLine: {'line': b'running install\n'}
[1.283417] (obj_detection) StdoutLine: {'line': b'running install_lib\n'}
[1.292201] (obj_detection) StdoutLine: {'line': b'copying /mnt/ssd/lsgloc_ws/build/obj_detection/build/lib/obj_detection/vlm_streaming_detector.py -> /mnt/ssd/lsgloc_ws/install/obj_detection/lib/python3.10/site-packages/obj_detection\n'}
[1.292357] (obj_detection) StdoutLine: {'line': b'copying /mnt/ssd/lsgloc_ws/build/obj_detection/build/lib/obj_detection/vlm_backends.py -> /mnt/ssd/lsgloc_ws/install/obj_detection/lib/python3.10/site-packages/obj_detection\n'}
[1.292607] (obj_detection) StdoutLine: {'line': b'byte-compiling /mnt/ssd/lsgloc_ws/install/obj_detection/lib/python3.10/site-packages/obj_detection/vlm_streaming_detector.py to vlm_streaming_detector.cpython-310.pyc\n'}
[1.293699] (obj_detection) StdoutLine: {'line': b'byte-compiling /mnt/ssd/lsgloc_ws/install/obj_detection/lib/python3.10/site-packages/obj_detection/vlm_backends.py to vlm_backends.cpython-310.pyc\n'}
[1.294082] (obj_detection) StdoutLine: {'line': b'running install_data\n'}
[1.294142] (obj_detection) StdoutLine: {'line': b'running install_egg_info\n'}
[1.301464] (-) TimerEvent: {}
[1.303382] (obj_detection) StdoutLine: {'line': b"removing '/mnt/ssd/lsgloc_ws/install/obj_detection/lib/python3.10/site-packages/obj_detection-0.0.0-py3.10.egg-info' (and everything under it)\n"}
[1.303575] (obj_detection) StdoutLine: {'line': b'Copying ../../build/obj_detection/obj_detection.egg-info to /mnt/ssd/lsgloc_ws/install/obj_detection/lib/python3.10/site-packages/obj_detection-0.0.0-py3.10.egg-info\n'}
[1.304033] (obj_detection) StdoutLine: {'line': b'running install_scripts\n'}
[1.338723] (obj_detection) StdoutLine: {'line': b'Installing vlm_service_node script to /mnt/ssd/lsgloc_ws/install/obj_detection/lib/obj_detection\n'}
[1.338814] (obj_detection) StdoutLine: {'line': b'Installing vlm_streaming_node script to /mnt/ssd/lsgloc_ws/install/obj_detection/lib/obj_detection\n'}
[1.338878] (obj_detection) StdoutLine: {'line': b'Installing yolo_node script to /mnt/ssd/lsgloc_ws/install/obj_detection/lib/obj_detection\n'}
[1.339054] (obj_detection) StdoutLine: {'line': b"writing list of installed files to '/mnt/ssd/lsgloc_ws/build/obj_detection/install.log'\n"}
[1.355772] (obj_detection) CommandEnded: {'returncode': 0}
[1.359051] (obj_detection) JobEnded: {'identifier': 'obj_detection', 'rc': 0}
[1.359439] (-) EventReactorShutdown: {}
