[0.000000] (-) TimerEvent: {}
[0.000295] (bcr_bot) JobQueued: {'identifier': 'bcr_bot', 'dependencies': OrderedDict()}
[0.000425] (semantic_msgs) JobQueued: {'identifier': 'semantic_msgs', 'dependencies': OrderedDict()}
[0.000437] (test_semantic_mcl) JobQueued: {'identifier': 'test_semantic_mcl', 'dependencies': OrderedDict()}
[0.000446] (obj_detection) JobQueued: {'identifier': 'obj_detection', 'dependencies': OrderedDict([('semantic_msgs', '/mnt/ssd/lsgloc_ws/install/semantic_msgs')])}
[0.000457] (semantic_mcl) JobQueued: {'identifier': 'semantic_mcl', 'dependencies': OrderedDict([('semantic_msgs', '/mnt/ssd/lsgloc_ws/install/semantic_msgs')])}
[0.000467] (semantic_msgs) JobStarted: {'identifier': 'semantic_msgs'}
[0.003764] (bcr_bot) JobStarted: {'identifier': 'bcr_bot'}
[0.005957] (test_semantic_mcl) JobStarted: {'identifier': 'test_semantic_mcl'}
[0.009722] (semantic_msgs) JobProgress: {'identifier': 'semantic_msgs', 'progress': 'cmake'}
[0.010038] (semantic_msgs) JobProgress: {'identifier': 'semantic_msgs', 'progress': 'build'}
[0.010490] (semantic_msgs) Command: {'cmd': ['/usr/bin/cmake', '--build', '/mnt/ssd/lsgloc_ws/build/semantic_msgs', '--', '-j16', '-l16'], 'cwd': '/mnt/ssd/lsgloc_ws/build/semantic_msgs', 'env': OrderedDict([('GJS_DEBUG_TOPICS', 'JS ERROR;JS LOG'), ('PYTHON_BASIC_REPL', '1'), ('LESSOPEN', '| /usr/bin/lesspipe %s'), ('LANGUAGE', 'en_SG:en'), ('USER', 'sensethreat'), ('XDG_SESSION_TYPE', 'x11'), ('GIT_ASKPASS', '/usr/share/code/resources/app/extensions/git/dist/askpass.sh'), ('SHLVL', '1'), ('LD_LIBRARY_PATH', '/usr/local/cuda/lib64:/usr/lib/x86_64-linux-gnu/gazebo-11/plugins:/opt/ros/humble/opt/rviz_ogre_vendor/lib:/opt/ros/humble/lib/x86_64-linux-gnu:/opt/ros/humble/lib:/usr/local/cuda/lib64:'), ('HOME', '/home/sensethreat'), ('CHROME_DESKTOP', 'code.desktop'), ('CONDA_SHLVL', '0'), ('TERM_PROGRAM_VERSION', '1.108.2'), ('DESKTOP_SESSION', 'ubuntu'), ('NVM_BIN', '/home/sensethreat/.nvm/versions/node/v20.20.1/bin'), ('NVM_INC', '/home/sensethreat/.nvm/versions/node/v20.20.1/include/node'), ('GIO_LAUNCHED_DESKTOP_FILE', '/usr/share/applications/code.desktop'), ('ROS_PYTHON_VERSION', '3'), ('GNOME_SHELL_SESSION_MODE', 'ubuntu'), ('GTK_MODULES', 'gail:atk-bridge'), ('VSCODE_GIT_ASKPASS_MAIN', '/usr/share/code/resources/app/extensions/git/dist/askpass-main.js'), ('VSCODE_GIT_ASKPASS_NODE', '/usr/share/code/code'), ('MANAGERPID', '4235'), ('PYDEVD_DISABLE_FILE_VALIDATION', '1'), ('SYSTEMD_EXEC_PID', '4526'), ('BUNDLED_DEBUGPY_PATH', '/home/sensethreat/.vscode/extensions/ms-python.debugpy-2025.18.0-linux-x64/bundled/libs/debugpy'), ('VSCODE_PYTHON_AUTOACTIVATE_GUARD', '1'), ('DBUS_SESSION_BUS_ADDRESS', 'unix:path=/run/user/1000/bus'), ('COLORTERM', 'truecolor'), ('_CE_M', ''), ('GIO_LAUNCHED_DESKTOP_FILE_PID', '1028265'), ('NVM_DIR', '/home/sensethreat/.nvm'), ('ROS_DISTRO', 'humble'), ('GTK_IM_MODULE', 'ibus'), ('LOGNAME', 'sensethreat'), ('JOURNAL_STREAM', '8:25865'), ('_', '/usr/bin/colcon'), ('ROS_VERSION', '2'), ('CLAUDE_CODE_SSE_PORT', '13764'), ('XDG_SESSION_CLASS', 'user'), ('GEMINI_CLI_IDE_WORKSPACE_PATH', '/mnt/ssd/lsgloc_ws'), ('USERNAME', 'sensethreat'), ('TERM', 'xterm-256color'), ('GNOME_DESKTOP_SESSION_ID', 'this-is-deprecated'), ('_CE_CONDA', ''), ('FC_FONTATIONS', '1'), ('ROS_LOCALHOST_ONLY', '0'), ('GEMINI_CLI_IDE_SERVER_PORT', '37267'), ('WINDOWPATH', '2'), ('PATH', '/usr/local/cuda/bin:/home/sensethreat/.config/Code/User/globalStorage/github.copilot-chat/debugCommand:/home/sensethreat/.config/Code/User/globalStorage/github.copilot-chat/copilotCli:/home/sensethreat/.local/bin:/home/sensethreat/.nvm/versions/node/v20.20.1/bin:/opt/ros/humble/bin:/home/sensethreat/anaconda3/condabin:/usr/local/cuda/bin:/home/sensethreat/.local/bin:/usr/local/sbin:/usr/local/bin:/usr/sbin:/usr/bin:/sbin:/bin:/usr/games:/usr/local/games:/snap/bin:/snap/bin:/home/sensethreat/.vscode/extensions/ms-python.debugpy-2025.18.0-linux-x64/bundled/scripts/noConfigScripts'), ('SESSION_MANAGER', 'local/gr00t-4090:@/tmp/.ICE-unix/4476,unix/gr00t-4090:/tmp/.ICE-unix/4476'), ('INVOCATION_ID', '2f188857ecf04eb188026dc287baa7cc'), ('XDG_MENU_PREFIX', 'gnome-'), ('XDG_RUNTIME_DIR', '/run/user/1000'), ('GDK_BACKEND', 'x11'), ('DISPLAY', ':1'), ('VSCODE_DEBUGPY_ADAPTER_ENDPOINTS', '/home/sensethreat/.vscode/extensions/ms-python.debugpy-2025.18.0-linux-x64/.noConfigDebugAdapterEndpoints/endpoint-9686078bbb06aef1.txt'), ('LANG', 'en_US.UTF-8'), ('XDG_CURRENT_DESKTOP', 'ubuntu:GNOME'), ('PYTHONSTARTUP', '/home/sensethreat/.config/Code/User/workspaceStorage/a1ba31dbdeff2a34003cc17b1390a45e/ms-python.python/pythonrc.py'), ('XMODIFIERS', '@im=ibus'), ('XDG_SESSION_DESKTOP', 'ubuntu'), ('XAUTHORITY', '/run/user/1000/gdm/Xauthority'), ('LS_COLORS', 'rs=0:di=01;34:ln=01;36:mh=00:pi=40;33:so=01;35:do=01;35:bd=40;33;01:cd=40;33;01:or=40;31;01:mi=00:su=37;41:sg=30;43:ca=30;41:tw=30;42:ow=34;42:st=37;44:ex=01;32:*.tar=01;31:*.tgz=01;31:*.arc=01;31:*.arj=01;31:*.taz=01;31:*.lha=01;31:*.lz4=01;31:*.lzh=01;31:*.lzma=01;31:*.tlz=01;31:*.txz=01;31:*.tzo=01;31:*.t7z=01;31:*.zip=01;31:*.z=01;31:*.dz=01;31:*.gz=01;31:*.lrz=01;31:*.lz=01;31:*.lzo=01;31:*.xz=01;31:*.zst=01;31:*.tzst=01;31:*.bz2=01;31:*.bz=01;31:*.tbz=01;31:*.tbz2=01;31:*.tz=01;31:*.deb=01;31:*.rpm=01;31:*.jar=01;31:*.war=01;31:*.ear=01;31:*.sar=01;31:*.rar=01;31:*.alz=01;31:*.ace=01;31:*.zoo=01;31:*.cpio=01;31:*.7z=01;31:*.rz=01;31:*.cab=01;31:*.wim=01;31:*.swm=01;31:*.dwm=01;31:*.esd=01;31:*.jpg=01;35:*.jpeg=01;35:*.mjpg=01;35:*.mjpeg=01;35:*.gif=01;35:*.bmp=01;35:*.pbm=01;35:*.pgm=01;35:*.ppm=01;35:*.tga=01;35:*.xbm=01;35:*.xpm=01;35:*.tif=01;35:*.tiff=01;35:*.png=01;35:*.svg=01;35:*.svgz=01;35:*.mng=01;35:*.pcx=01;35:*.mov=01;35:*.mpg=01;35:*.mpeg=01;35:*.m2v=01;35:*.mkv=01;35:*.webm=01;35:*.webp=01;35:*.ogm=01;35:*.mp4=01;35:*.m4v=01;35:*.mp4v=01;35:*.vob=01;35:*.qt=01;35:*.nuv=01;35:*.wmv=01;35:*.asf=01;35:*.rm=01;35:*.rmvb=01;35:*.flc=01;35:*.avi=01;35:*.fli=01;35:*.flv=01;35:*.gl=01;35:*.dl=01;35:*.xcf=01;35:*.xwd=01;35:*.yuv=01;35:*.cgm=01;35:*.emf=01;35:*.ogv=01;35:*.ogx=01;35:*.aac=00;36:*.au=00;36:*.flac=00;36:*.m4a=00;36:*.mid=00;36:*.midi=00;36:*.mka=00;36:*.mp3=00;36:*.mpc=00;36:*.ogg=00;36:*.ra=00;36:*.wav=00;36:*.oga=00;36:*.opus=00;36:*.spx=00;36:*.xspf=00;36:'), ('VSCODE_GIT_IPC_HANDLE', '/run/user/1000/vscode-git-e747b80a0c.sock'), ('TERM_PROGRAM', 'vscode'), ('SSH_AGENT_LAUNCHER', 'gnome-keyring'), ('SSH_AUTH_SOCK', '/run/user/1000/keyring/ssh'), ('ROS_DOMAIN_ID', '42'), ('AMENT_PREFIX_PATH', '/opt/ros/humble'), ('CONDA_PYTHON_EXE', '/home/sensethreat/anaconda3/bin/python'), ('SHELL', '/bin/bash'), ('QT_ACCESSIBILITY', '1'), ('GDMSESSION', 'ubuntu'), ('LESSCLOSE', '/usr/bin/lesspipe %s %s'), ('GPG_AGENT_INFO', '/run/user/1000/gnupg/S.gpg-agent:0:1'), ('GJS_DEBUG_OUTPUT', 'stderr'), ('VSCODE_GIT_ASKPASS_EXTRA_ARGS', ''), ('QT_IM_MODULE', 'ibus'), ('GEMINI_CLI_IDE_AUTH_TOKEN', '293643a9-4199-4c08-b153-80acc4f9fef3'), ('PWD', '/mnt/ssd/lsgloc_ws/build/semantic_msgs'), ('TURTLEBOT3_MODEL', 'waffle'), ('LC_ALL', 'en_US.UTF-8'), ('XDG_CONFIG_DIRS', '/etc/xdg/xdg-ubuntu:/etc/xdg'), ('CONDA_EXE', '/home/sensethreat/anaconda3/bin/conda'), ('NVM_CD_FLAGS', ''), ('XDG_DATA_DIRS', '/usr/share/ubuntu:/usr/share/gnome:/usr/local/share/:/usr/share/:/var/lib/snapd/desktop'), ('LDS_MODEL', 'LDS-01'), ('PYTHONPATH', '/opt/ros/humble/lib/python3.10/site-packages:/opt/ros/humble/local/lib/python3.10/dist-packages'), ('COLCON', '1'), ('CMAKE_PREFIX_PATH', '/opt/ros/humble')]), 'shell': False}
[0.011851] (bcr_bot) JobProgress: {'identifier': 'bcr_bot', 'progress': 'cmake'}
[0.012145] (bcr_bot) JobProgress: {'identifier': 'bcr_bot', 'progress': 'build'}
[0.012317] (bcr_bot) Command: {'cmd': ['/usr/bin/cmake', '--build', '/mnt/ssd/lsgloc_ws/build/bcr_bot', '--', '-j16', '-l16'], 'cwd': '/mnt/ssd/lsgloc_ws/build/bcr_bot', 'env': OrderedDict([('GJS_DEBUG_TOPICS', 'JS ERROR;JS LOG'), ('PYTHON_BASIC_REPL', '1'), ('LESSOPEN', '| /usr/bin/lesspipe %s'), ('LANGUAGE', 'en_SG:en'), ('USER', 'sensethreat'), ('XDG_SESSION_TYPE', 'x11'), ('GIT_ASKPASS', '/usr/share/code/resources/app/extensions/git/dist/askpass.sh'), ('SHLVL', '1'), ('LD_LIBRARY_PATH', '/usr/local/cuda/lib64:/usr/lib/x86_64-linux-gnu/gazebo-11/plugins:/opt/ros/humble/opt/rviz_ogre_vendor/lib:/opt/ros/humble/lib/x86_64-linux-gnu:/opt/ros/humble/lib:/usr/local/cuda/lib64:'), ('HOME', '/home/sensethreat'), ('CHROME_DESKTOP', 'code.desktop'), ('CONDA_SHLVL', '0'), ('TERM_PROGRAM_VERSION', '1.108.2'), ('DESKTOP_SESSION', 'ubuntu'), ('NVM_BIN', '/home/sensethreat/.nvm/versions/node/v20.20.1/bin'), ('NVM_INC', '/home/sensethreat/.nvm/versions/node/v20.20.1/include/node'), ('GIO_LAUNCHED_DESKTOP_FILE', '/usr/share/applications/code.desktop'), ('ROS_PYTHON_VERSION', '3'), ('GNOME_SHELL_SESSION_MODE', 'ubuntu'), ('GTK_MODULES', 'gail:atk-bridge'), ('VSCODE_GIT_ASKPASS_MAIN', '/usr/share/code/resources/app/extensions/git/dist/askpass-main.js'), ('VSCODE_GIT_ASKPASS_NODE', '/usr/share/code/code'), ('MANAGERPID', '4235'), ('PYDEVD_DISABLE_FILE_VALIDATION', '1'), ('SYSTEMD_EXEC_PID', '4526'), ('BUNDLED_DEBUGPY_PATH', '/home/sensethreat/.vscode/extensions/ms-python.debugpy-2025.18.0-linux-x64/bundled/libs/debugpy'), ('VSCODE_PYTHON_AUTOACTIVATE_GUARD', '1'), ('DBUS_SESSION_BUS_ADDRESS', 'unix:path=/run/user/1000/bus'), ('COLORTERM', 'truecolor'), ('_CE_M', ''), ('GIO_LAUNCHED_DESKTOP_FILE_PID', '1028265'), ('NVM_DIR', '/home/sensethreat/.nvm'), ('ROS_DISTRO', 'humble'), ('GTK_IM_MODULE', 'ibus'), ('LOGNAME', 'sensethreat'), ('JOURNAL_STREAM', '8:25865'), ('_', '/usr/bin/colcon'), ('ROS_VERSION', '2'), ('CLAUDE_CODE_SSE_PORT', '13764'), ('XDG_SESSION_CLASS', 'user'), ('GEMINI_CLI_IDE_WORKSPACE_PATH', '/mnt/ssd/lsgloc_ws'), ('USERNAME', 'sensethreat'), ('TERM', 'xterm-256color'), ('GNOME_DESKTOP_SESSION_ID', 'this-is-deprecated'), ('_CE_CONDA', ''), ('FC_FONTATIONS', '1'), ('ROS_LOCALHOST_ONLY', '0'), ('GEMINI_CLI_IDE_SERVER_PORT', '37267'), ('WINDOWPATH', '2'), ('PATH', '/usr/local/cuda/bin:/home/sensethreat/.config/Code/User/globalStorage/github.copilot-chat/debugCommand:/home/sensethreat/.config/Code/User/globalStorage/github.copilot-chat/copilotCli:/home/sensethreat/.local/bin:/home/sensethreat/.nvm/versions/node/v20.20.1/bin:/opt/ros/humble/bin:/home/sensethreat/anaconda3/condabin:/usr/local/cuda/bin:/home/sensethreat/.local/bin:/usr/local/sbin:/usr/local/bin:/usr/sbin:/usr/bin:/sbin:/bin:/usr/games:/usr/local/games:/snap/bin:/snap/bin:/home/sensethreat/.vscode/extensions/ms-python.debugpy-2025.18.0-linux-x64/bundled/scripts/noConfigScripts'), ('SESSION_MANAGER', 'local/gr00t-4090:@/tmp/.ICE-unix/4476,unix/gr00t-4090:/tmp/.ICE-unix/4476'), ('INVOCATION_ID', '2f188857ecf04eb188026dc287baa7cc'), ('XDG_MENU_PREFIX', 'gnome-'), ('XDG_RUNTIME_DIR', '/run/user/1000'), ('GDK_BACKEND', 'x11'), ('DISPLAY', ':1'), ('VSCODE_DEBUGPY_ADAPTER_ENDPOINTS', '/home/sensethreat/.vscode/extensions/ms-python.debugpy-2025.18.0-linux-x64/.noConfigDebugAdapterEndpoints/endpoint-9686078bbb06aef1.txt'), ('LANG', 'en_US.UTF-8'), ('XDG_CURRENT_DESKTOP', 'ubuntu:GNOME'), ('PYTHONSTARTUP', '/home/sensethreat/.config/Code/User/workspaceStorage/a1ba31dbdeff2a34003cc17b1390a45e/ms-python.python/pythonrc.py'), ('XMODIFIERS', '@im=ibus'), ('XDG_SESSION_DESKTOP', 'ubuntu'), ('XAUTHORITY', '/run/user/1000/gdm/Xauthority'), ('LS_COLORS', 'rs=0:di=01;34:ln=01;36:mh=00:pi=40;33:so=01;35:do=01;35:bd=40;33;01:cd=40;33;01:or=40;31;01:mi=00:su=37;41:sg=30;43:ca=30;41:tw=30;42:ow=34;42:st=37;44:ex=01;32:*.tar=01;31:*.tgz=01;31:*.arc=01;31:*.arj=01;31:*.taz=01;31:*.lha=01;31:*.lz4=01;31:*.lzh=01;31:*.lzma=01;31:*.tlz=01;31:*.txz=01;31:*.tzo=01;31:*.t7z=01;31:*.zip=01;31:*.z=01;31:*.dz=01;31:*.gz=01;31:*.lrz=01;31:*.lz=01;31:*.lzo=01;31:*.xz=01;31:*.zst=01;31:*.tzst=01;31:*.bz2=01;31:*.bz=01;31:*.tbz=01;31:*.tbz2=01;31:*.tz=01;31:*.deb=01;31:*.rpm=01;31:*.jar=01;31:*.war=01;31:*.ear=01;31:*.sar=01;31:*.rar=01;31:*.alz=01;31:*.ace=01;31:*.zoo=01;31:*.cpio=01;31:*.7z=01;31:*.rz=01;31:*.cab=01;31:*.wim=01;31:*.swm=01;31:*.dwm=01;31:*.esd=01;31:*.jpg=01;35:*.jpeg=01;35:*.mjpg=01;35:*.mjpeg=01;35:*.gif=01;35:*.bmp=01;35:*.pbm=01;35:*.pgm=01;35:*.ppm=01;35:*.tga=01;35:*.xbm=01;35:*.xpm=01;35:*.tif=01;35:*.tiff=01;35:*.png=01;35:*.svg=01;35:*.svgz=01;35:*.mng=01;35:*.pcx=01;35:*.mov=01;35:*.mpg=01;35:*.mpeg=01;35:*.m2v=01;35:*.mkv=01;35:*.webm=01;35:*.webp=01;35:*.ogm=01;35:*.mp4=01;35:*.m4v=01;35:*.mp4v=01;35:*.vob=01;35:*.qt=01;35:*.nuv=01;35:*.wmv=01;35:*.asf=01;35:*.rm=01;35:*.rmvb=01;35:*.flc=01;35:*.avi=01;35:*.fli=01;35:*.flv=01;35:*.gl=01;35:*.dl=01;35:*.xcf=01;35:*.xwd=01;35:*.yuv=01;35:*.cgm=01;35:*.emf=01;35:*.ogv=01;35:*.ogx=01;35:*.aac=00;36:*.au=00;36:*.flac=00;36:*.m4a=00;36:*.mid=00;36:*.midi=00;36:*.mka=00;36:*.mp3=00;36:*.mpc=00;36:*.ogg=00;36:*.ra=00;36:*.wav=00;36:*.oga=00;36:*.opus=00;36:*.spx=00;36:*.xspf=00;36:'), ('VSCODE_GIT_IPC_HANDLE', '/run/user/1000/vscode-git-e747b80a0c.sock'), ('TERM_PROGRAM', 'vscode'), ('SSH_AGENT_LAUNCHER', 'gnome-keyring'), ('SSH_AUTH_SOCK', '/run/user/1000/keyring/ssh'), ('ROS_DOMAIN_ID', '42'), ('AMENT_PREFIX_PATH', '/opt/ros/humble'), ('CONDA_PYTHON_EXE', '/home/sensethreat/anaconda3/bin/python'), ('SHELL', '/bin/bash'), ('QT_ACCESSIBILITY', '1'), ('GDMSESSION', 'ubuntu'), ('LESSCLOSE', '/usr/bin/lesspipe %s %s'), ('GPG_AGENT_INFO', '/run/user/1000/gnupg/S.gpg-agent:0:1'), ('GJS_DEBUG_OUTPUT', 'stderr'), ('VSCODE_GIT_ASKPASS_EXTRA_ARGS', ''), ('QT_IM_MODULE', 'ibus'), ('GEMINI_CLI_IDE_AUTH_TOKEN', '293643a9-4199-4c08-b153-80acc4f9fef3'), ('PWD', '/mnt/ssd/lsgloc_ws/build/bcr_bot'), ('TURTLEBOT3_MODEL', 'waffle'), ('LC_ALL', 'en_US.UTF-8'), ('XDG_CONFIG_DIRS', '/etc/xdg/xdg-ubuntu:/etc/xdg'), ('CONDA_EXE', '/home/sensethreat/anaconda3/bin/conda'), ('NVM_CD_FLAGS', ''), ('XDG_DATA_DIRS', '/usr/share/ubuntu:/usr/share/gnome:/usr/local/share/:/usr/share/:/var/lib/snapd/desktop'), ('LDS_MODEL', 'LDS-01'), ('PYTHONPATH', '/opt/ros/humble/lib/python3.10/site-packages:/opt/ros/humble/local/lib/python3.10/dist-packages'), ('COLCON', '1'), ('CMAKE_PREFIX_PATH', '/opt/ros/humble')]), 'shell': False}
[0.046563] (semantic_msgs) StdoutLine: {'line': b'[  2%] Built target semantic_msgs__cpp\n'}
[0.047457] (semantic_msgs) StdoutLine: {'line': b'[ 12%] Built target semantic_msgs__rosidl_generator_c\n'}
[0.052997] (semantic_msgs) StdoutLine: {'line': b'[ 12%] Built target ament_cmake_python_copy_semantic_msgs\n'}
[0.062357] (semantic_msgs) StdoutLine: {'line': b'[ 23%] Built target semantic_msgs__rosidl_typesupport_fastrtps_cpp\n'}
[0.062553] (semantic_msgs) StdoutLine: {'line': b'[ 33%] Built target semantic_msgs__rosidl_typesupport_introspection_cpp\n'}
[0.062773] (semantic_msgs) StdoutLine: {'line': b'[ 43%] Built target semantic_msgs__rosidl_typesupport_c\n'}
[0.063034] (semantic_msgs) StdoutLine: {'line': b'[ 58%] Built target semantic_msgs__rosidl_typesupport_cpp\n'}
[0.063116] (semantic_msgs) StdoutLine: {'line': b'[ 64%] Built target semantic_msgs__rosidl_typesupport_introspection_c\n'}
[0.063733] (semantic_msgs) StdoutLine: {'line': b'[ 74%] Built target semantic_msgs__rosidl_typesupport_fastrtps_c\n'}
[0.077666] (semantic_msgs) StdoutLine: {'line': b'[ 74%] Built target semantic_msgs\n'}
[0.091570] (semantic_msgs) StdoutLine: {'line': b'[ 76%] Built target semantic_msgs__py\n'}
[0.099842] (-) TimerEvent: {}
[0.106930] (semantic_msgs) StdoutLine: {'line': b'[ 84%] Built target semantic_msgs__rosidl_generator_py\n'}
[0.122102] (semantic_msgs) StdoutLine: {'line': b'[ 92%] Built target semantic_msgs__rosidl_typesupport_c__pyext\n'}
[0.122199] (semantic_msgs) StdoutLine: {'line': b'[ 94%] Built target semantic_msgs__rosidl_typesupport_introspection_c__pyext\n'}
[0.122270] (semantic_msgs) StdoutLine: {'line': b'[100%] Built target semantic_msgs__rosidl_typesupport_fastrtps_c__pyext\n'}
[0.199883] (-) TimerEvent: {}
[0.256573] (bcr_bot) CommandEnded: {'returncode': 0}
[0.257073] (bcr_bot) JobProgress: {'identifier': 'bcr_bot', 'progress': 'install'}
[0.264178] (bcr_bot) Command: {'cmd': ['/usr/bin/cmake', '--install', '/mnt/ssd/lsgloc_ws/build/bcr_bot'], 'cwd': '/mnt/ssd/lsgloc_ws/build/bcr_bot', 'env': OrderedDict([('GJS_DEBUG_TOPICS', 'JS ERROR;JS LOG'), ('PYTHON_BASIC_REPL', '1'), ('LESSOPEN', '| /usr/bin/lesspipe %s'), ('LANGUAGE', 'en_SG:en'), ('USER', 'sensethreat'), ('XDG_SESSION_TYPE', 'x11'), ('GIT_ASKPASS', '/usr/share/code/resources/app/extensions/git/dist/askpass.sh'), ('SHLVL', '1'), ('LD_LIBRARY_PATH', '/usr/local/cuda/lib64:/usr/lib/x86_64-linux-gnu/gazebo-11/plugins:/opt/ros/humble/opt/rviz_ogre_vendor/lib:/opt/ros/humble/lib/x86_64-linux-gnu:/opt/ros/humble/lib:/usr/local/cuda/lib64:'), ('HOME', '/home/sensethreat'), ('CHROME_DESKTOP', 'code.desktop'), ('CONDA_SHLVL', '0'), ('TERM_PROGRAM_VERSION', '1.108.2'), ('DESKTOP_SESSION', 'ubuntu'), ('NVM_BIN', '/home/sensethreat/.nvm/versions/node/v20.20.1/bin'), ('NVM_INC', '/home/sensethreat/.nvm/versions/node/v20.20.1/include/node'), ('GIO_LAUNCHED_DESKTOP_FILE', '/usr/share/applications/code.desktop'), ('ROS_PYTHON_VERSION', '3'), ('GNOME_SHELL_SESSION_MODE', 'ubuntu'), ('GTK_MODULES', 'gail:atk-bridge'), ('VSCODE_GIT_ASKPASS_MAIN', '/usr/share/code/resources/app/extensions/git/dist/askpass-main.js'), ('VSCODE_GIT_ASKPASS_NODE', '/usr/share/code/code'), ('MANAGERPID', '4235'), ('PYDEVD_DISABLE_FILE_VALIDATION', '1'), ('SYSTEMD_EXEC_PID', '4526'), ('BUNDLED_DEBUGPY_PATH', '/home/sensethreat/.vscode/extensions/ms-python.debugpy-2025.18.0-linux-x64/bundled/libs/debugpy'), ('VSCODE_PYTHON_AUTOACTIVATE_GUARD', '1'), ('DBUS_SESSION_BUS_ADDRESS', 'unix:path=/run/user/1000/bus'), ('COLORTERM', 'truecolor'), ('_CE_M', ''), ('GIO_LAUNCHED_DESKTOP_FILE_PID', '1028265'), ('NVM_DIR', '/home/sensethreat/.nvm'), ('ROS_DISTRO', 'humble'), ('GTK_IM_MODULE', 'ibus'), ('LOGNAME', 'sensethreat'), ('JOURNAL_STREAM', '8:25865'), ('_', '/usr/bin/colcon'), ('ROS_VERSION', '2'), ('CLAUDE_CODE_SSE_PORT', '13764'), ('XDG_SESSION_CLASS', 'user'), ('GEMINI_CLI_IDE_WORKSPACE_PATH', '/mnt/ssd/lsgloc_ws'), ('USERNAME', 'sensethreat'), ('TERM', 'xterm-256color'), ('GNOME_DESKTOP_SESSION_ID', 'this-is-deprecated'), ('_CE_CONDA', ''), ('FC_FONTATIONS', '1'), ('ROS_LOCALHOST_ONLY', '0'), ('GEMINI_CLI_IDE_SERVER_PORT', '37267'), ('WINDOWPATH', '2'), ('PATH', '/usr/local/cuda/bin:/home/sensethreat/.config/Code/User/globalStorage/github.copilot-chat/debugCommand:/home/sensethreat/.config/Code/User/globalStorage/github.copilot-chat/copilotCli:/home/sensethreat/.local/bin:/home/sensethreat/.nvm/versions/node/v20.20.1/bin:/opt/ros/humble/bin:/home/sensethreat/anaconda3/condabin:/usr/local/cuda/bin:/home/sensethreat/.local/bin:/usr/local/sbin:/usr/local/bin:/usr/sbin:/usr/bin:/sbin:/bin:/usr/games:/usr/local/games:/snap/bin:/snap/bin:/home/sensethreat/.vscode/extensions/ms-python.debugpy-2025.18.0-linux-x64/bundled/scripts/noConfigScripts'), ('SESSION_MANAGER', 'local/gr00t-4090:@/tmp/.ICE-unix/4476,unix/gr00t-4090:/tmp/.ICE-unix/4476'), ('INVOCATION_ID', '2f188857ecf04eb188026dc287baa7cc'), ('XDG_MENU_PREFIX', 'gnome-'), ('XDG_RUNTIME_DIR', '/run/user/1000'), ('GDK_BACKEND', 'x11'), ('DISPLAY', ':1'), ('VSCODE_DEBUGPY_ADAPTER_ENDPOINTS', '/home/sensethreat/.vscode/extensions/ms-python.debugpy-2025.18.0-linux-x64/.noConfigDebugAdapterEndpoints/endpoint-9686078bbb06aef1.txt'), ('LANG', 'en_US.UTF-8'), ('XDG_CURRENT_DESKTOP', 'ubuntu:GNOME'), ('PYTHONSTARTUP', '/home/sensethreat/.config/Code/User/workspaceStorage/a1ba31dbdeff2a34003cc17b1390a45e/ms-python.python/pythonrc.py'), ('XMODIFIERS', '@im=ibus'), ('XDG_SESSION_DESKTOP', 'ubuntu'), ('XAUTHORITY', '/run/user/1000/gdm/Xauthority'), ('LS_COLORS', 'rs=0:di=01;34:ln=01;36:mh=00:pi=40;33:so=01;35:do=01;35:bd=40;33;01:cd=40;33;01:or=40;31;01:mi=00:su=37;41:sg=30;43:ca=30;41:tw=30;42:ow=34;42:st=37;44:ex=01;32:*.tar=01;31:*.tgz=01;31:*.arc=01;31:*.arj=01;31:*.taz=01;31:*.lha=01;31:*.lz4=01;31:*.lzh=01;31:*.lzma=01;31:*.tlz=01;31:*.txz=01;31:*.tzo=01;31:*.t7z=01;31:*.zip=01;31:*.z=01;31:*.dz=01;31:*.gz=01;31:*.lrz=01;31:*.lz=01;31:*.lzo=01;31:*.xz=01;31:*.zst=01;31:*.tzst=01;31:*.bz2=01;31:*.bz=01;31:*.tbz=01;31:*.tbz2=01;31:*.tz=01;31:*.deb=01;31:*.rpm=01;31:*.jar=01;31:*.war=01;31:*.ear=01;31:*.sar=01;31:*.rar=01;31:*.alz=01;31:*.ace=01;31:*.zoo=01;31:*.cpio=01;31:*.7z=01;31:*.rz=01;31:*.cab=01;31:*.wim=01;31:*.swm=01;31:*.dwm=01;31:*.esd=01;31:*.jpg=01;35:*.jpeg=01;35:*.mjpg=01;35:*.mjpeg=01;35:*.gif=01;35:*.bmp=01;35:*.pbm=01;35:*.pgm=01;35:*.ppm=01;35:*.tga=01;35:*.xbm=01;35:*.xpm=01;35:*.tif=01;35:*.tiff=01;35:*.png=01;35:*.svg=01;35:*.svgz=01;35:*.mng=01;35:*.pcx=01;35:*.mov=01;35:*.mpg=01;35:*.mpeg=01;35:*.m2v=01;35:*.mkv=01;35:*.webm=01;35:*.webp=01;35:*.ogm=01;35:*.mp4=01;35:*.m4v=01;35:*.mp4v=01;35:*.vob=01;35:*.qt=01;35:*.nuv=01;35:*.wmv=01;35:*.asf=01;35:*.rm=01;35:*.rmvb=01;35:*.flc=01;35:*.avi=01;35:*.fli=01;35:*.flv=01;35:*.gl=01;35:*.dl=01;35:*.xcf=01;35:*.xwd=01;35:*.yuv=01;35:*.cgm=01;35:*.emf=01;35:*.ogv=01;35:*.ogx=01;35:*.aac=00;36:*.au=00;36:*.flac=00;36:*.m4a=00;36:*.mid=00;36:*.midi=00;36:*.mka=00;36:*.mp3=00;36:*.mpc=00;36:*.ogg=00;36:*.ra=00;36:*.wav=00;36:*.oga=00;36:*.opus=00;36:*.spx=00;36:*.xspf=00;36:'), ('VSCODE_GIT_IPC_HANDLE', '/run/user/1000/vscode-git-e747b80a0c.sock'), ('TERM_PROGRAM', 'vscode'), ('SSH_AGENT_LAUNCHER', 'gnome-keyring'), ('SSH_AUTH_SOCK', '/run/user/1000/keyring/ssh'), ('ROS_DOMAIN_ID', '42'), ('AMENT_PREFIX_PATH', '/opt/ros/humble'), ('CONDA_PYTHON_EXE', '/home/sensethreat/anaconda3/bin/python'), ('SHELL', '/bin/bash'), ('QT_ACCESSIBILITY', '1'), ('GDMSESSION', 'ubuntu'), ('LESSCLOSE', '/usr/bin/lesspipe %s %s'), ('GPG_AGENT_INFO', '/run/user/1000/gnupg/S.gpg-agent:0:1'), ('GJS_DEBUG_OUTPUT', 'stderr'), ('VSCODE_GIT_ASKPASS_EXTRA_ARGS', ''), ('QT_IM_MODULE', 'ibus'), ('GEMINI_CLI_IDE_AUTH_TOKEN', '293643a9-4199-4c08-b153-80acc4f9fef3'), ('PWD', '/mnt/ssd/lsgloc_ws/build/bcr_bot'), ('TURTLEBOT3_MODEL', 'waffle'), ('LC_ALL', 'en_US.UTF-8'), ('XDG_CONFIG_DIRS', '/etc/xdg/xdg-ubuntu:/etc/xdg'), ('CONDA_EXE', '/home/sensethreat/anaconda3/bin/conda'), ('NVM_CD_FLAGS', ''), ('XDG_DATA_DIRS', '/usr/share/ubuntu:/usr/share/gnome:/usr/local/share/:/usr/share/:/var/lib/snapd/desktop'), ('LDS_MODEL', 'LDS-01'), ('PYTHONPATH', '/opt/ros/humble/lib/python3.10/site-packages:/opt/ros/humble/local/lib/python3.10/dist-packages'), ('COLCON', '1'), ('CMAKE_PREFIX_PATH', '/opt/ros/humble')]), 'shell': False}
[0.269152] (bcr_bot) StdoutLine: {'line': b'-- Install configuration: ""\n'}
[0.269272] (bcr_bot) StdoutLine: {'line': b'-- Up-to-date: /mnt/ssd/lsgloc_ws/install/bcr_bot/share/bcr_bot//launch\n'}
[0.269336] (bcr_bot) StdoutLine: {'line': b'-- Up-to-date: /mnt/ssd/lsgloc_ws/install/bcr_bot/share/bcr_bot//launch/bcr_bot_gz_spawn.launch.py\n'}
[0.269390] (bcr_bot) StdoutLine: {'line': b'-- Installing: /mnt/ssd/lsgloc_ws/install/bcr_bot/share/bcr_bot//launch/bcr_bot_gazebo_spawn.launch.py\n'}
[0.269494] (bcr_bot) StdoutLine: {'line': b'-- Up-to-date: /mnt/ssd/lsgloc_ws/install/bcr_bot/share/bcr_bot//launch/nav2.launch.py\n'}
[0.269580] (bcr_bot) StdoutLine: {'line': b'-- Up-to-date: /mnt/ssd/lsgloc_ws/install/bcr_bot/share/bcr_bot//launch/rviz.launch.py\n'}
[0.269661] (bcr_bot) StdoutLine: {'line': b'-- Up-to-date: /mnt/ssd/lsgloc_ws/install/bcr_bot/share/bcr_bot//launch/gz.launch.py\n'}
[0.269741] (bcr_bot) StdoutLine: {'line': b'-- Up-to-date: /mnt/ssd/lsgloc_ws/install/bcr_bot/share/bcr_bot//launch/ign.launch.py\n'}
[0.269824] (bcr_bot) StdoutLine: {'line': b'-- Up-to-date: /mnt/ssd/lsgloc_ws/install/bcr_bot/share/bcr_bot//launch/mapping.launch.py\n'}
[0.269925] (bcr_bot) StdoutLine: {'line': b'-- Up-to-date: /mnt/ssd/lsgloc_ws/install/bcr_bot/share/bcr_bot//launch/gazebo.launch.py\n'}
[0.270021] (bcr_bot) StdoutLine: {'line': b'-- Up-to-date: /mnt/ssd/lsgloc_ws/install/bcr_bot/share/bcr_bot//launch/bcr_bot_ign_spawn.launch.py\n'}
[0.270096] (bcr_bot) StdoutLine: {'line': b'-- Up-to-date: /mnt/ssd/lsgloc_ws/install/bcr_bot/share/bcr_bot//launch/teleop.launch.py\n'}
[0.270169] (bcr_bot) StdoutLine: {'line': b'-- Up-to-date: /mnt/ssd/lsgloc_ws/install/bcr_bot/share/bcr_bot//meshes\n'}
[0.270255] (bcr_bot) StdoutLine: {'line': b'-- Up-to-date: /mnt/ssd/lsgloc_ws/install/bcr_bot/share/bcr_bot//meshes/kinect\n'}
[0.270322] (bcr_bot) StdoutLine: {'line': b'-- Up-to-date: /mnt/ssd/lsgloc_ws/install/bcr_bot/share/bcr_bot//meshes/kinect/kinect.jpg\n'}
[0.270408] (bcr_bot) StdoutLine: {'line': b'-- Up-to-date: /mnt/ssd/lsgloc_ws/install/bcr_bot/share/bcr_bot//meshes/kinect/kinect.dae\n'}
[0.270484] (bcr_bot) StdoutLine: {'line': b'-- Up-to-date: /mnt/ssd/lsgloc_ws/install/bcr_bot/share/bcr_bot//meshes/kinect/d415.dae\n'}
[0.270561] (bcr_bot) StdoutLine: {'line': b'-- Up-to-date: /mnt/ssd/lsgloc_ws/install/bcr_bot/share/bcr_bot//meshes/kinect/kinect.tga\n'}
[0.270637] (bcr_bot) StdoutLine: {'line': b'-- Up-to-date: /mnt/ssd/lsgloc_ws/install/bcr_bot/share/bcr_bot//meshes/logo.png\n'}
[0.270733] (bcr_bot) StdoutLine: {'line': b'-- Up-to-date: /mnt/ssd/lsgloc_ws/install/bcr_bot/share/bcr_bot//meshes/realsense_texture.png\n'}
[0.270811] (bcr_bot) StdoutLine: {'line': b'-- Up-to-date: /mnt/ssd/lsgloc_ws/install/bcr_bot/share/bcr_bot//meshes/bcr_bot_mesh.dae\n'}
[0.270896] (bcr_bot) StdoutLine: {'line': b'-- Up-to-date: /mnt/ssd/lsgloc_ws/install/bcr_bot/share/bcr_bot//models\n'}
[0.270973] (bcr_bot) StdoutLine: {'line': b'-- Up-to-date: /mnt/ssd/lsgloc_ws/install/bcr_bot/share/bcr_bot//models/aws_robomaker_warehouse_WallB_01\n'}
[0.271029] (bcr_bot) StdoutLine: {'line': b'-- Up-to-date: /mnt/ssd/lsgloc_ws/install/bcr_bot/share/bcr_bot//models/aws_robomaker_warehouse_WallB_01/model.config\n'}
[0.271126] (bcr_bot) StdoutLine: {'line': b'-- Up-to-date: /mnt/ssd/lsgloc_ws/install/bcr_bot/share/bcr_bot//models/aws_robomaker_warehouse_WallB_01/model.sdf\n'}
[0.271203] (bcr_bot) StdoutLine: {'line': b'-- Up-to-date: /mnt/ssd/lsgloc_ws/install/bcr_bot/share/bcr_bot//models/aws_robomaker_warehouse_WallB_01/meshes\n'}
[0.271277] (bcr_bot) StdoutLine: {'line': b'-- Up-to-date: /mnt/ssd/lsgloc_ws/install/bcr_bot/share/bcr_bot//models/aws_robomaker_warehouse_WallB_01/meshes/aws_robomaker_warehouse_WallB_01_collision.DAE\n'}
[0.271364] (bcr_bot) StdoutLine: {'line': b'-- Up-to-date: /mnt/ssd/lsgloc_ws/install/bcr_bot/share/bcr_bot//models/aws_robomaker_warehouse_WallB_01/meshes/aws_robomaker_warehouse_WallB_01_visual.DAE\n'}
[0.271436] (bcr_bot) StdoutLine: {'line': b'-- Up-to-date: /mnt/ssd/lsgloc_ws/install/bcr_bot/share/bcr_bot//models/aws_robomaker_warehouse_WallB_01/materials\n'}
[0.271489] (bcr_bot) StdoutLine: {'line': b'-- Up-to-date: /mnt/ssd/lsgloc_ws/install/bcr_bot/share/bcr_bot//models/aws_robomaker_warehouse_WallB_01/materials/textures\n'}
[0.271575] (bcr_bot) StdoutLine: {'line': b'-- Up-to-date: /mnt/ssd/lsgloc_ws/install/bcr_bot/share/bcr_bot//models/aws_robomaker_warehouse_WallB_01/materials/textures/aws_robomaker_warehouse_WallB_01.png\n'}
[0.271667] (bcr_bot) StdoutLine: {'line': b'-- Up-to-date: /mnt/ssd/lsgloc_ws/install/bcr_bot/share/bcr_bot//models/aws_robomaker_warehouse_ClutteringA_01\n'}
[0.271722] (bcr_bot) StdoutLine: {'line': b'-- Up-to-date: /mnt/ssd/lsgloc_ws/install/bcr_bot/share/bcr_bot//models/aws_robomaker_warehouse_ClutteringA_01/model.config\n'}
[0.271804] (bcr_bot) StdoutLine: {'line': b'-- Up-to-date: /mnt/ssd/lsgloc_ws/install/bcr_bot/share/bcr_bot//models/aws_robomaker_warehouse_ClutteringA_01/model.sdf\n'}
[0.271913] (bcr_bot) StdoutLine: {'line': b'-- Up-to-date: /mnt/ssd/lsgloc_ws/install/bcr_bot/share/bcr_bot//models/aws_robomaker_warehouse_ClutteringA_01/meshes\n'}
[0.271995] (bcr_bot) StdoutLine: {'line': b'-- Up-to-date: /mnt/ssd/lsgloc_ws/install/bcr_bot/share/bcr_bot//models/aws_robomaker_warehouse_ClutteringA_01/meshes/aws_robomaker_warehouse_ClutteringA_01_collision.DAE\n'}
[0.272035] (bcr_bot) StdoutLine: {'line': b'-- Up-to-date: /mnt/ssd/lsgloc_ws/install/bcr_bot/share/bcr_bot//models/aws_robomaker_warehouse_ClutteringA_01/meshes/aws_robomaker_warehouse_ClutteringA_01_visual.DAE\n'}
[0.272070] (bcr_bot) StdoutLine: {'line': b'-- Up-to-date: /mnt/ssd/lsgloc_ws/install/bcr_bot/share/bcr_bot//models/aws_robomaker_warehouse_ClutteringA_01/.DS_Store\n'}
[0.272102] (bcr_bot) StdoutLine: {'line': b'-- Up-to-date: /mnt/ssd/lsgloc_ws/install/bcr_bot/share/bcr_bot//models/aws_robomaker_warehouse_ClutteringA_01/materials\n'}
[0.272132] (bcr_bot) StdoutLine: {'line': b'-- Up-to-date: /mnt/ssd/lsgloc_ws/install/bcr_bot/share/bcr_bot//models/aws_robomaker_warehouse_ClutteringA_01/materials/textures\n'}
[0.272203] (bcr_bot) StdoutLine: {'line': b'-- Up-to-date: /mnt/ssd/lsgloc_ws/install/bcr_bot/share/bcr_bot//models/aws_robomaker_warehouse_ClutteringA_01/materials/textures/aws_robomaker_warehouse_ClutteringA_03.png\n'}
[0.272237] (bcr_bot) StdoutLine: {'line': b'-- Up-to-date: /mnt/ssd/lsgloc_ws/install/bcr_bot/share/bcr_bot//models/aws_robomaker_warehouse_ClutteringA_01/materials/textures/aws_robomaker_warehouse_ClutteringA_01.png\n'}
[0.272278] (bcr_bot) StdoutLine: {'line': b'-- Up-to-date: /mnt/ssd/lsgloc_ws/install/bcr_bot/share/bcr_bot//models/aws_robomaker_warehouse_ClutteringA_01/materials/textures/aws_robomaker_warehouse_ClutteringA_02.png\n'}
[0.272308] (bcr_bot) StdoutLine: {'line': b'-- Up-to-date: /mnt/ssd/lsgloc_ws/install/bcr_bot/share/bcr_bot//models/aws_robomaker_warehouse_ClutteringA_01/materials/textures/.DS_Store\n'}
[0.272337] (bcr_bot) StdoutLine: {'line': b'-- Up-to-date: /mnt/ssd/lsgloc_ws/install/bcr_bot/share/bcr_bot//models/aws_robomaker_warehouse_ClutteringA_01/materials/.DS_Store\n'}
[0.272366] (bcr_bot) StdoutLine: {'line': b'-- Up-to-date: /mnt/ssd/lsgloc_ws/install/bcr_bot/share/bcr_bot//models/aws_robomaker_warehouse_ShelfF_01\n'}
[0.272395] (bcr_bot) StdoutLine: {'line': b'-- Up-to-date: /mnt/ssd/lsgloc_ws/install/bcr_bot/share/bcr_bot//models/aws_robomaker_warehouse_ShelfF_01/model.config\n'}
[0.272425] (bcr_bot) StdoutLine: {'line': b'-- Up-to-date: /mnt/ssd/lsgloc_ws/install/bcr_bot/share/bcr_bot//models/aws_robomaker_warehouse_ShelfF_01/model.sdf\n'}
[0.272455] (bcr_bot) StdoutLine: {'line': b'-- Up-to-date: /mnt/ssd/lsgloc_ws/install/bcr_bot/share/bcr_bot//models/aws_robomaker_warehouse_ShelfF_01/meshes\n'}
[0.272484] (bcr_bot) StdoutLine: {'line': b'-- Up-to-date: /mnt/ssd/lsgloc_ws/install/bcr_bot/share/bcr_bot//models/aws_robomaker_warehouse_ShelfF_01/meshes/aws_robomaker_warehouse_ShelfF_01_collision.DAE\n'}
[0.272513] (bcr_bot) StdoutLine: {'line': b'-- Up-to-date: /mnt/ssd/lsgloc_ws/install/bcr_bot/share/bcr_bot//models/aws_robomaker_warehouse_ShelfF_01/meshes/aws_robomaker_warehouse_ShelfF_01_visual.DAE\n'}
[0.272542] (bcr_bot) StdoutLine: {'line': b'-- Up-to-date: /mnt/ssd/lsgloc_ws/install/bcr_bot/share/bcr_bot//models/aws_robomaker_warehouse_ShelfF_01/materials\n'}
[0.272571] (bcr_bot) StdoutLine: {'line': b'-- Up-to-date: /mnt/ssd/lsgloc_ws/install/bcr_bot/share/bcr_bot//models/aws_robomaker_warehouse_ShelfF_01/materials/textures\n'}
[0.272600] (bcr_bot) StdoutLine: {'line': b'-- Up-to-date: /mnt/ssd/lsgloc_ws/install/bcr_bot/share/bcr_bot//models/aws_robomaker_warehouse_ShelfF_01/materials/textures/aws_robomaker_warehouse_ShelfF_03.png\n'}
[0.272628] (bcr_bot) StdoutLine: {'line': b'-- Up-to-date: /mnt/ssd/lsgloc_ws/install/bcr_bot/share/bcr_bot//models/aws_robomaker_warehouse_ShelfF_01/materials/textures/aws_robomaker_warehouse_ShelfF_01.png\n'}
[0.272657] (bcr_bot) StdoutLine: {'line': b'-- Up-to-date: /mnt/ssd/lsgloc_ws/install/bcr_bot/share/bcr_bot//models/aws_robomaker_warehouse_ShelfF_01/materials/textures/aws_robomaker_warehouse_ShelfF_02.png\n'}
[0.272686] (bcr_bot) StdoutLine: {'line': b'-- Up-to-date: /mnt/ssd/lsgloc_ws/install/bcr_bot/share/bcr_bot//models/aws_robomaker_warehouse_DeskC_01\n'}
[0.272714] (bcr_bot) StdoutLine: {'line': b'-- Up-to-date: /mnt/ssd/lsgloc_ws/install/bcr_bot/share/bcr_bot//models/aws_robomaker_warehouse_DeskC_01/model.config\n'}
[0.272743] (bcr_bot) StdoutLine: {'line': b'-- Up-to-date: /mnt/ssd/lsgloc_ws/install/bcr_bot/share/bcr_bot//models/aws_robomaker_warehouse_DeskC_01/model.sdf\n'}
[0.272771] (bcr_bot) StdoutLine: {'line': b'-- Up-to-date: /mnt/ssd/lsgloc_ws/install/bcr_bot/share/bcr_bot//models/aws_robomaker_warehouse_DeskC_01/meshes\n'}
[0.272800] (bcr_bot) StdoutLine: {'line': b'-- Up-to-date: /mnt/ssd/lsgloc_ws/install/bcr_bot/share/bcr_bot//models/aws_robomaker_warehouse_DeskC_01/meshes/aws_robomaker_warehouse_DeskC_01_visual.DAE\n'}
[0.272829] (bcr_bot) StdoutLine: {'line': b'-- Up-to-date: /mnt/ssd/lsgloc_ws/install/bcr_bot/share/bcr_bot//models/aws_robomaker_warehouse_DeskC_01/meshes/aws_robomaker_warehouse_DeskC_01_collision.DAE\n'}
[0.272871] (bcr_bot) StdoutLine: {'line': b'-- Up-to-date: /mnt/ssd/lsgloc_ws/install/bcr_bot/share/bcr_bot//models/aws_robomaker_warehouse_DeskC_01/materials\n'}
[0.272944] (bcr_bot) StdoutLine: {'line': b'-- Up-to-date: /mnt/ssd/lsgloc_ws/install/bcr_bot/share/bcr_bot//models/aws_robomaker_warehouse_DeskC_01/materials/textures\n'}
[0.272978] (bcr_bot) StdoutLine: {'line': b'-- Up-to-date: /mnt/ssd/lsgloc_ws/install/bcr_bot/share/bcr_bot//models/aws_robomaker_warehouse_DeskC_01/materials/textures/aws_robomaker_warehouse_DeskC_01.png\n'}
[0.273007] (bcr_bot) StdoutLine: {'line': b'-- Up-to-date: /mnt/ssd/lsgloc_ws/install/bcr_bot/share/bcr_bot//models/aws_robomaker_warehouse_DeskC_01/materials/textures/aws_robomaker_warehouse_DeskC_04.png\n'}
[0.273036] (bcr_bot) StdoutLine: {'line': b'-- Up-to-date: /mnt/ssd/lsgloc_ws/install/bcr_bot/share/bcr_bot//models/aws_robomaker_warehouse_DeskC_01/materials/textures/aws_robomaker_warehouse_DeskC_03.psd\n'}
[0.273065] (bcr_bot) StdoutLine: {'line': b'-- Up-to-date: /mnt/ssd/lsgloc_ws/install/bcr_bot/share/bcr_bot//models/aws_robomaker_warehouse_DeskC_01/materials/textures/aws_robomaker_warehouse_DeskC_03.png\n'}
[0.273094] (bcr_bot) StdoutLine: {'line': b'-- Up-to-date: /mnt/ssd/lsgloc_ws/install/bcr_bot/share/bcr_bot//models/aws_robomaker_warehouse_DeskC_01/materials/textures/aws_robomaker_warehouse_DeskC_02.png\n'}
[0.273152] (bcr_bot) StdoutLine: {'line': b'-- Up-to-date: /mnt/ssd/lsgloc_ws/install/bcr_bot/share/bcr_bot//models/aws_robomaker_warehouse_DeskC_01/materials/.DS_Store\n'}
[0.273182] (bcr_bot) StdoutLine: {'line': b'-- Up-to-date: /mnt/ssd/lsgloc_ws/install/bcr_bot/share/bcr_bot//models/aws_robomaker_warehouse_Lamp_01\n'}
[0.273211] (bcr_bot) StdoutLine: {'line': b'-- Up-to-date: /mnt/ssd/lsgloc_ws/install/bcr_bot/share/bcr_bot//models/aws_robomaker_warehouse_Lamp_01/model.config\n'}
[0.273240] (bcr_bot) StdoutLine: {'line': b'-- Up-to-date: /mnt/ssd/lsgloc_ws/install/bcr_bot/share/bcr_bot//models/aws_robomaker_warehouse_Lamp_01/model.sdf\n'}
[0.273276] (bcr_bot) StdoutLine: {'line': b'-- Up-to-date: /mnt/ssd/lsgloc_ws/install/bcr_bot/share/bcr_bot//models/aws_robomaker_warehouse_Lamp_01/meshes\n'}
[0.273322] (bcr_bot) StdoutLine: {'line': b'-- Up-to-date: /mnt/ssd/lsgloc_ws/install/bcr_bot/share/bcr_bot//models/aws_robomaker_warehouse_Lamp_01/meshes/aws_robomaker_warehouse_Lamp_01_collision.DAE\n'}
[0.273352] (bcr_bot) StdoutLine: {'line': b'-- Up-to-date: /mnt/ssd/lsgloc_ws/install/bcr_bot/share/bcr_bot//models/aws_robomaker_warehouse_Lamp_01/meshes/aws_robomaker_warehouse_Lamp_01_visual.DAE\n'}
[0.273381] (bcr_bot) StdoutLine: {'line': b'-- Up-to-date: /mnt/ssd/lsgloc_ws/install/bcr_bot/share/bcr_bot//models/aws_robomaker_warehouse_Lamp_01/materials\n'}
[0.273410] (bcr_bot) StdoutLine: {'line': b'-- Up-to-date: /mnt/ssd/lsgloc_ws/install/bcr_bot/share/bcr_bot//models/aws_robomaker_warehouse_Lamp_01/materials/textures\n'}
[0.273438] (bcr_bot) StdoutLine: {'line': b'-- Up-to-date: /mnt/ssd/lsgloc_ws/install/bcr_bot/share/bcr_bot//models/aws_robomaker_warehouse_Lamp_01/materials/textures/aws_robomaker_warehouse_Lamp_01.png\n'}
[0.273467] (bcr_bot) StdoutLine: {'line': b'-- Up-to-date: /mnt/ssd/lsgloc_ws/install/bcr_bot/share/bcr_bot//models/aws_robomaker_warehouse_PalletJackB_01\n'}
[0.273496] (bcr_bot) StdoutLine: {'line': b'-- Up-to-date: /mnt/ssd/lsgloc_ws/install/bcr_bot/share/bcr_bot//models/aws_robomaker_warehouse_PalletJackB_01/model.config\n'}
[0.273524] (bcr_bot) StdoutLine: {'line': b'-- Up-to-date: /mnt/ssd/lsgloc_ws/install/bcr_bot/share/bcr_bot//models/aws_robomaker_warehouse_PalletJackB_01/model.sdf\n'}
[0.273553] (bcr_bot) StdoutLine: {'line': b'-- Up-to-date: /mnt/ssd/lsgloc_ws/install/bcr_bot/share/bcr_bot//models/aws_robomaker_warehouse_PalletJackB_01/meshes\n'}
[0.273583] (bcr_bot) StdoutLine: {'line': b'-- Up-to-date: /mnt/ssd/lsgloc_ws/install/bcr_bot/share/bcr_bot//models/aws_robomaker_warehouse_PalletJackB_01/meshes/aws_robomaker_warehouse_PalletJackB_01_collision.DAE\n'}
[0.273628] (bcr_bot) StdoutLine: {'line': b'-- Up-to-date: /mnt/ssd/lsgloc_ws/install/bcr_bot/share/bcr_bot//models/aws_robomaker_warehouse_PalletJackB_01/meshes/aws_robomaker_warehouse_PalletJackB_01_visual.DAE\n'}
[0.273676] (bcr_bot) StdoutLine: {'line': b'-- Up-to-date: /mnt/ssd/lsgloc_ws/install/bcr_bot/share/bcr_bot//models/aws_robomaker_warehouse_PalletJackB_01/.DS_Store\n'}
[0.273753] (bcr_bot) StdoutLine: {'line': b'-- Up-to-date: /mnt/ssd/lsgloc_ws/install/bcr_bot/share/bcr_bot//models/aws_robomaker_warehouse_PalletJackB_01/materials\n'}
[0.273782] (bcr_bot) StdoutLine: {'line': b'-- Up-to-date: /mnt/ssd/lsgloc_ws/install/bcr_bot/share/bcr_bot//models/aws_robomaker_warehouse_PalletJackB_01/materials/textures\n'}
[0.273812] (bcr_bot) StdoutLine: {'line': b'-- Up-to-date: /mnt/ssd/lsgloc_ws/install/bcr_bot/share/bcr_bot//models/aws_robomaker_warehouse_PalletJackB_01/materials/textures/aws_robomaker_warehouse_PalletJackB_01.png\n'}
[0.273840] (bcr_bot) StdoutLine: {'line': b'-- Up-to-date: /mnt/ssd/lsgloc_ws/install/bcr_bot/share/bcr_bot//models/aws_robomaker_warehouse_PalletJackB_01/materials/textures/aws_robomaker_warehouse_PalletJackB_02.png\n'}
[0.273909] (bcr_bot) StdoutLine: {'line': b'-- Up-to-date: /mnt/ssd/lsgloc_ws/install/bcr_bot/share/bcr_bot//models/aws_robomaker_warehouse_PalletJackB_01/materials/.DS_Store\n'}
[0.273971] (bcr_bot) StdoutLine: {'line': b'-- Up-to-date: /mnt/ssd/lsgloc_ws/install/bcr_bot/share/bcr_bot//models/aws_robomaker_warehouse_ClutteringC_01\n'}
[0.274007] (bcr_bot) StdoutLine: {'line': b'-- Up-to-date: /mnt/ssd/lsgloc_ws/install/bcr_bot/share/bcr_bot//models/aws_robomaker_warehouse_ClutteringC_01/model.config\n'}
[0.274038] (bcr_bot) StdoutLine: {'line': b'-- Up-to-date: /mnt/ssd/lsgloc_ws/install/bcr_bot/share/bcr_bot//models/aws_robomaker_warehouse_ClutteringC_01/model.sdf\n'}
[0.274067] (bcr_bot) StdoutLine: {'line': b'-- Up-to-date: /mnt/ssd/lsgloc_ws/install/bcr_bot/share/bcr_bot//models/aws_robomaker_warehouse_ClutteringC_01/meshes\n'}
[0.274094] (bcr_bot) StdoutLine: {'line': b'-- Up-to-date: /mnt/ssd/lsgloc_ws/install/bcr_bot/share/bcr_bot//models/aws_robomaker_warehouse_ClutteringC_01/meshes/aws_robomaker_warehouse_ClutteringC_01_collision.DAE\n'}
[0.274122] (bcr_bot) StdoutLine: {'line': b'-- Up-to-date: /mnt/ssd/lsgloc_ws/install/bcr_bot/share/bcr_bot//models/aws_robomaker_warehouse_ClutteringC_01/meshes/aws_robomaker_warehouse_ClutteringC_01_visual.DAE\n'}
[0.274148] (bcr_bot) StdoutLine: {'line': b'-- Up-to-date: /mnt/ssd/lsgloc_ws/install/bcr_bot/share/bcr_bot//models/aws_robomaker_warehouse_ClutteringC_01/materials\n'}
[0.274174] (bcr_bot) StdoutLine: {'line': b'-- Up-to-date: /mnt/ssd/lsgloc_ws/install/bcr_bot/share/bcr_bot//models/aws_robomaker_warehouse_ClutteringC_01/materials/textures\n'}
[0.274207] (bcr_bot) StdoutLine: {'line': b'-- Up-to-date: /mnt/ssd/lsgloc_ws/install/bcr_bot/share/bcr_bot//models/aws_robomaker_warehouse_ClutteringC_01/materials/textures/aws_robomaker_warehouse_ClutteringC_02.png\n'}
[0.274235] (bcr_bot) StdoutLine: {'line': b'-- Up-to-date: /mnt/ssd/lsgloc_ws/install/bcr_bot/share/bcr_bot//models/aws_robomaker_warehouse_ClutteringC_01/materials/textures/aws_robomaker_warehouse_ClutteringC_01.png\n'}
[0.274261] (bcr_bot) StdoutLine: {'line': b'-- Up-to-date: /mnt/ssd/lsgloc_ws/install/bcr_bot/share/bcr_bot//models/aws_robomaker_warehouse_Bucket_01\n'}
[0.274287] (bcr_bot) StdoutLine: {'line': b'-- Up-to-date: /mnt/ssd/lsgloc_ws/install/bcr_bot/share/bcr_bot//models/aws_robomaker_warehouse_Bucket_01/model.config\n'}
[0.274315] (bcr_bot) StdoutLine: {'line': b'-- Up-to-date: /mnt/ssd/lsgloc_ws/install/bcr_bot/share/bcr_bot//models/aws_robomaker_warehouse_Bucket_01/model.sdf\n'}
[0.274342] (bcr_bot) StdoutLine: {'line': b'-- Up-to-date: /mnt/ssd/lsgloc_ws/install/bcr_bot/share/bcr_bot//models/aws_robomaker_warehouse_Bucket_01/meshes\n'}
[0.274369] (bcr_bot) StdoutLine: {'line': b'-- Up-to-date: /mnt/ssd/lsgloc_ws/install/bcr_bot/share/bcr_bot//models/aws_robomaker_warehouse_Bucket_01/meshes/aws_robomaker_warehouse_Bucket_01_visual.DAE\n'}
[0.274398] (bcr_bot) StdoutLine: {'line': b'-- Up-to-date: /mnt/ssd/lsgloc_ws/install/bcr_bot/share/bcr_bot//models/aws_robomaker_warehouse_Bucket_01/meshes/aws_robomaker_warehouse_Bucket_01_collision.DAE\n'}
[0.274427] (bcr_bot) StdoutLine: {'line': b'-- Up-to-date: /mnt/ssd/lsgloc_ws/install/bcr_bot/share/bcr_bot//models/aws_robomaker_warehouse_Bucket_01/.DS_Store\n'}
[0.274462] (bcr_bot) StdoutLine: {'line': b'-- Up-to-date: /mnt/ssd/lsgloc_ws/install/bcr_bot/share/bcr_bot//models/aws_robomaker_warehouse_Bucket_01/materials\n'}
[0.274592] (bcr_bot) StdoutLine: {'line': b'-- Up-to-date: /mnt/ssd/lsgloc_ws/install/bcr_bot/share/bcr_bot//models/aws_robomaker_warehouse_Bucket_01/materials/textures\n'}
[0.274784] (bcr_bot) StdoutLine: {'line': b'-- Up-to-date: /mnt/ssd/lsgloc_ws/install/bcr_bot/share/bcr_bot//models/aws_robomaker_warehouse_Bucket_01/materials/textures/aws_robomaker_warehouse_Bucket_01.png\n'}
[0.274847] (bcr_bot) StdoutLine: {'line': b'-- Up-to-date: /mnt/ssd/lsgloc_ws/install/bcr_bot/share/bcr_bot//models/aws_robomaker_warehouse_Bucket_01/materials/.DS_Store\n'}
[0.275154] (bcr_bot) StdoutLine: {'line': b'-- Up-to-date: /mnt/ssd/lsgloc_ws/install/bcr_bot/share/bcr_bot//models/aws_robomaker_warehouse_TrashCanC_01\n'}
[0.275221] (bcr_bot) StdoutLine: {'line': b'-- Up-to-date: /mnt/ssd/lsgloc_ws/install/bcr_bot/share/bcr_bot//models/aws_robomaker_warehouse_TrashCanC_01/model.config\n'}
[0.275278] (bcr_bot) StdoutLine: {'line': b'-- Up-to-date: /mnt/ssd/lsgloc_ws/install/bcr_bot/share/bcr_bot//models/aws_robomaker_warehouse_TrashCanC_01/model.sdf\n'}
[0.275323] (bcr_bot) StdoutLine: {'line': b'-- Up-to-date: /mnt/ssd/lsgloc_ws/install/bcr_bot/share/bcr_bot//models/aws_robomaker_warehouse_TrashCanC_01/meshes\n'}
[0.275364] (bcr_bot) StdoutLine: {'line': b'-- Up-to-date: /mnt/ssd/lsgloc_ws/install/bcr_bot/share/bcr_bot//models/aws_robomaker_warehouse_TrashCanC_01/meshes/aws_robomaker_warehouse_TrashCanC_01_collision.DAE\n'}
[0.275407] (bcr_bot) StdoutLine: {'line': b'-- Up-to-date: /mnt/ssd/lsgloc_ws/install/bcr_bot/share/bcr_bot//models/aws_robomaker_warehouse_TrashCanC_01/meshes/aws_robomaker_warehouse_TrashCanC_01_visual.DAE\n'}
[0.275529] (bcr_bot) StdoutLine: {'line': b'-- Up-to-date: /mnt/ssd/lsgloc_ws/install/bcr_bot/share/bcr_bot//models/aws_robomaker_warehouse_TrashCanC_01/materials\n'}
[0.275593] (bcr_bot) StdoutLine: {'line': b'-- Up-to-date: /mnt/ssd/lsgloc_ws/install/bcr_bot/share/bcr_bot//models/aws_robomaker_warehouse_TrashCanC_01/materials/textures\n'}
[0.275644] (bcr_bot) StdoutLine: {'line': b'-- Up-to-date: /mnt/ssd/lsgloc_ws/install/bcr_bot/share/bcr_bot//models/aws_robomaker_warehouse_TrashCanC_01/materials/textures/aws_robomaker_warehouse_TrashCanC_01.png\n'}
[0.275688] (bcr_bot) StdoutLine: {'line': b'-- Up-to-date: /mnt/ssd/lsgloc_ws/install/bcr_bot/share/bcr_bot//models/aws_robomaker_warehouse_ShelfE_01\n'}
[0.275730] (bcr_bot) StdoutLine: {'line': b'-- Up-to-date: /mnt/ssd/lsgloc_ws/install/bcr_bot/share/bcr_bot//models/aws_robomaker_warehouse_ShelfE_01/model.config\n'}
[0.275774] (bcr_bot) StdoutLine: {'line': b'-- Up-to-date: /mnt/ssd/lsgloc_ws/install/bcr_bot/share/bcr_bot//models/aws_robomaker_warehouse_ShelfE_01/model.sdf\n'}
[0.275822] (bcr_bot) StdoutLine: {'line': b'-- Up-to-date: /mnt/ssd/lsgloc_ws/install/bcr_bot/share/bcr_bot//models/aws_robomaker_warehouse_ShelfE_01/meshes\n'}
[0.275871] (bcr_bot) StdoutLine: {'line': b'-- Up-to-date: /mnt/ssd/lsgloc_ws/install/bcr_bot/share/bcr_bot//models/aws_robomaker_warehouse_ShelfE_01/meshes/aws_robomaker_warehouse_ShelfE_01_collision.DAE\n'}
[0.276103] (bcr_bot) StdoutLine: {'line': b'-- Up-to-date: /mnt/ssd/lsgloc_ws/install/bcr_bot/share/bcr_bot//models/aws_robomaker_warehouse_ShelfE_01/meshes/aws_robomaker_warehouse_ShelfE_01_visual.DAE\n'}
[0.276145] (bcr_bot) StdoutLine: {'line': b'-- Up-to-date: /mnt/ssd/lsgloc_ws/install/bcr_bot/share/bcr_bot//models/aws_robomaker_warehouse_ShelfE_01/.DS_Store\n'}
[0.276177] (bcr_bot) StdoutLine: {'line': b'-- Up-to-date: /mnt/ssd/lsgloc_ws/install/bcr_bot/share/bcr_bot//models/aws_robomaker_warehouse_ShelfE_01/materials\n'}
[0.276206] (bcr_bot) StdoutLine: {'line': b'-- Up-to-date: /mnt/ssd/lsgloc_ws/install/bcr_bot/share/bcr_bot//models/aws_robomaker_warehouse_ShelfE_01/materials/textures\n'}
[0.276249] (bcr_bot) StdoutLine: {'line': b'-- Up-to-date: /mnt/ssd/lsgloc_ws/install/bcr_bot/share/bcr_bot//models/aws_robomaker_warehouse_ShelfE_01/materials/textures/aws_robomaker_warehouse_ShelfE_03.png\n'}
[0.276432] (bcr_bot) StdoutLine: {'line': b'-- Up-to-date: /mnt/ssd/lsgloc_ws/install/bcr_bot/share/bcr_bot//models/aws_robomaker_warehouse_ShelfE_01/materials/textures/aws_robomaker_warehouse_ShelfE_02.png\n'}
[0.276462] (bcr_bot) StdoutLine: {'line': b'-- Up-to-date: /mnt/ssd/lsgloc_ws/install/bcr_bot/share/bcr_bot//models/aws_robomaker_warehouse_ShelfE_01/materials/textures/aws_robomaker_warehouse_ShelfE_04.png\n'}
[0.276491] (bcr_bot) StdoutLine: {'line': b'-- Up-to-date: /mnt/ssd/lsgloc_ws/install/bcr_bot/share/bcr_bot//models/aws_robomaker_warehouse_ShelfE_01/materials/textures/aws_robomaker_warehouse_ShelfE_01.png\n'}
[0.276519] (bcr_bot) StdoutLine: {'line': b'-- Up-to-date: /mnt/ssd/lsgloc_ws/install/bcr_bot/share/bcr_bot//models/aws_robomaker_warehouse_ShelfE_01/materials/.DS_Store\n'}
[0.276548] (bcr_bot) StdoutLine: {'line': b'-- Up-to-date: /mnt/ssd/lsgloc_ws/install/bcr_bot/share/bcr_bot//models/aws_robomaker_warehouse_ClutteringD_01\n'}
[0.276577] (bcr_bot) StdoutLine: {'line': b'-- Up-to-date: /mnt/ssd/lsgloc_ws/install/bcr_bot/share/bcr_bot//models/aws_robomaker_warehouse_ClutteringD_01/model.config\n'}
[0.276606] (bcr_bot) StdoutLine: {'line': b'-- Up-to-date: /mnt/ssd/lsgloc_ws/install/bcr_bot/share/bcr_bot//models/aws_robomaker_warehouse_ClutteringD_01/model.sdf\n'}
[0.276635] (bcr_bot) StdoutLine: {'line': b'-- Up-to-date: /mnt/ssd/lsgloc_ws/install/bcr_bot/share/bcr_bot//models/aws_robomaker_warehouse_ClutteringD_01/meshes\n'}
[0.276692] (bcr_bot) StdoutLine: {'line': b'-- Up-to-date: /mnt/ssd/lsgloc_ws/install/bcr_bot/share/bcr_bot//models/aws_robomaker_warehouse_ClutteringD_01/meshes/aws_robomaker_warehouse_ClutteringD_01_visual.DAE\n'}
[0.276722] (bcr_bot) StdoutLine: {'line': b'-- Up-to-date: /mnt/ssd/lsgloc_ws/install/bcr_bot/share/bcr_bot//models/aws_robomaker_warehouse_ClutteringD_01/meshes/aws_robomaker_warehouse_ClutteringD_01_collision.DAE\n'}
[0.276751] (bcr_bot) StdoutLine: {'line': b'-- Up-to-date: /mnt/ssd/lsgloc_ws/install/bcr_bot/share/bcr_bot//models/aws_robomaker_warehouse_ClutteringD_01/materials\n'}
[0.276779] (bcr_bot) StdoutLine: {'line': b'-- Up-to-date: /mnt/ssd/lsgloc_ws/install/bcr_bot/share/bcr_bot//models/aws_robomaker_warehouse_ClutteringD_01/materials/textures\n'}
[0.276808] (bcr_bot) StdoutLine: {'line': b'-- Up-to-date: /mnt/ssd/lsgloc_ws/install/bcr_bot/share/bcr_bot//models/aws_robomaker_warehouse_ClutteringD_01/materials/textures/aws_robomaker_warehouse_ClutteringD_01.png\n'}
[0.276837] (bcr_bot) StdoutLine: {'line': b'-- Up-to-date: /mnt/ssd/lsgloc_ws/install/bcr_bot/share/bcr_bot//models/aws_robomaker_warehouse_ClutteringD_01/materials/textures/aws_robomaker_warehouse_ClutteringD_02.png\n'}
[0.276871] (bcr_bot) StdoutLine: {'line': b'-- Up-to-date: /mnt/ssd/lsgloc_ws/install/bcr_bot/share/bcr_bot//models/aws_robomaker_warehouse_ShelfD_01\n'}
[0.276957] (bcr_bot) StdoutLine: {'line': b'-- Up-to-date: /mnt/ssd/lsgloc_ws/install/bcr_bot/share/bcr_bot//models/aws_robomaker_warehouse_ShelfD_01/model.config\n'}
[0.276989] (bcr_bot) StdoutLine: {'line': b'-- Up-to-date: /mnt/ssd/lsgloc_ws/install/bcr_bot/share/bcr_bot//models/aws_robomaker_warehouse_ShelfD_01/model.sdf\n'}
[0.277019] (bcr_bot) StdoutLine: {'line': b'-- Up-to-date: /mnt/ssd/lsgloc_ws/install/bcr_bot/share/bcr_bot//models/aws_robomaker_warehouse_ShelfD_01/meshes\n'}
[0.277047] (bcr_bot) StdoutLine: {'line': b'-- Up-to-date: /mnt/ssd/lsgloc_ws/install/bcr_bot/share/bcr_bot//models/aws_robomaker_warehouse_ShelfD_01/meshes/aws_robomaker_warehouse_ShelfD_01_collision.DAE\n'}
[0.277076] (bcr_bot) StdoutLine: {'line': b'-- Up-to-date: /mnt/ssd/lsgloc_ws/install/bcr_bot/share/bcr_bot//models/aws_robomaker_warehouse_ShelfD_01/meshes/aws_robomaker_warehouse_ShelfD_01_visual.DAE\n'}
[0.277104] (bcr_bot) StdoutLine: {'line': b'-- Up-to-date: /mnt/ssd/lsgloc_ws/install/bcr_bot/share/bcr_bot//models/aws_robomaker_warehouse_ShelfD_01/materials\n'}
[0.277133] (bcr_bot) StdoutLine: {'line': b'-- Up-to-date: /mnt/ssd/lsgloc_ws/install/bcr_bot/share/bcr_bot//models/aws_robomaker_warehouse_ShelfD_01/materials/textures\n'}
[0.277164] (bcr_bot) StdoutLine: {'line': b'-- Up-to-date: /mnt/ssd/lsgloc_ws/install/bcr_bot/share/bcr_bot//models/aws_robomaker_warehouse_ShelfD_01/materials/textures/aws_robomaker_warehouse_ShelfD_02.png\n'}
[0.277192] (bcr_bot) StdoutLine: {'line': b'-- Up-to-date: /mnt/ssd/lsgloc_ws/install/bcr_bot/share/bcr_bot//models/aws_robomaker_warehouse_ShelfD_01/materials/textures/aws_robomaker_warehouse_ShelfD_01.png\n'}
[0.277220] (bcr_bot) StdoutLine: {'line': b'-- Up-to-date: /mnt/ssd/lsgloc_ws/install/bcr_bot/share/bcr_bot//models/aws_robomaker_warehouse_ShelfD_01/materials/textures/aws_robomaker_warehouse_ShelfD_03.png\n'}
[0.277250] (bcr_bot) StdoutLine: {'line': b'-- Up-to-date: /mnt/ssd/lsgloc_ws/install/bcr_bot/share/bcr_bot//models/aws_robomaker_warehouse_ShelfD_01/materials/textures/aws_robomaker_warehouse_ShelfD_04.png\n'}
[0.277281] (bcr_bot) StdoutLine: {'line': b'-- Up-to-date: /mnt/ssd/lsgloc_ws/install/bcr_bot/share/bcr_bot//models/aws_robomaker_warehouse_GroundB_01\n'}
[0.277311] (bcr_bot) StdoutLine: {'line': b'-- Up-to-date: /mnt/ssd/lsgloc_ws/install/bcr_bot/share/bcr_bot//models/aws_robomaker_warehouse_GroundB_01/model.config\n'}
[0.277366] (bcr_bot) StdoutLine: {'line': b'-- Up-to-date: /mnt/ssd/lsgloc_ws/install/bcr_bot/share/bcr_bot//models/aws_robomaker_warehouse_GroundB_01/model.sdf\n'}
[0.277399] (bcr_bot) StdoutLine: {'line': b'-- Up-to-date: /mnt/ssd/lsgloc_ws/install/bcr_bot/share/bcr_bot//models/aws_robomaker_warehouse_GroundB_01/meshes\n'}
[0.277430] (bcr_bot) StdoutLine: {'line': b'-- Up-to-date: /mnt/ssd/lsgloc_ws/install/bcr_bot/share/bcr_bot//models/aws_robomaker_warehouse_GroundB_01/meshes/aws_robomaker_warehouse_GroundB_01_visual.DAE\n'}
[0.277460] (bcr_bot) StdoutLine: {'line': b'-- Up-to-date: /mnt/ssd/lsgloc_ws/install/bcr_bot/share/bcr_bot//models/aws_robomaker_warehouse_GroundB_01/meshes/aws_robomaker_warehouse_GroundB_01_collision.DAE\n'}
[0.277490] (bcr_bot) StdoutLine: {'line': b'-- Up-to-date: /mnt/ssd/lsgloc_ws/install/bcr_bot/share/bcr_bot//models/aws_robomaker_warehouse_GroundB_01/materials\n'}
[0.277519] (bcr_bot) StdoutLine: {'line': b'-- Up-to-date: /mnt/ssd/lsgloc_ws/install/bcr_bot/share/bcr_bot//models/aws_robomaker_warehouse_GroundB_01/materials/textures\n'}
[0.277547] (bcr_bot) StdoutLine: {'line': b'-- Up-to-date: /mnt/ssd/lsgloc_ws/install/bcr_bot/share/bcr_bot//models/aws_robomaker_warehouse_GroundB_01/materials/textures/aws_robomaker_warehouse_GroundB_02.png\n'}
[0.277576] (bcr_bot) StdoutLine: {'line': b'-- Up-to-date: /mnt/ssd/lsgloc_ws/install/bcr_bot/share/bcr_bot//models/aws_robomaker_warehouse_GroundB_01/materials/textures/aws_robomaker_warehouse_GroundB_01.png\n'}
[0.277605] (bcr_bot) StdoutLine: {'line': b'-- Up-to-date: /mnt/ssd/lsgloc_ws/install/bcr_bot/share/bcr_bot//models/aws_robomaker_warehouse_RoofB_01\n'}
[0.277633] (bcr_bot) StdoutLine: {'line': b'-- Up-to-date: /mnt/ssd/lsgloc_ws/install/bcr_bot/share/bcr_bot//models/aws_robomaker_warehouse_RoofB_01/model.config\n'}
[0.277662] (bcr_bot) StdoutLine: {'line': b'-- Up-to-date: /mnt/ssd/lsgloc_ws/install/bcr_bot/share/bcr_bot//models/aws_robomaker_warehouse_RoofB_01/model.sdf\n'}
[0.277690] (bcr_bot) StdoutLine: {'line': b'-- Up-to-date: /mnt/ssd/lsgloc_ws/install/bcr_bot/share/bcr_bot//models/aws_robomaker_warehouse_RoofB_01/meshes\n'}
[0.277719] (bcr_bot) StdoutLine: {'line': b'-- Up-to-date: /mnt/ssd/lsgloc_ws/install/bcr_bot/share/bcr_bot//models/aws_robomaker_warehouse_RoofB_01/meshes/aws_robomaker_warehouse_RoofB_01_collision.DAE\n'}
[0.277747] (bcr_bot) StdoutLine: {'line': b'-- Up-to-date: /mnt/ssd/lsgloc_ws/install/bcr_bot/share/bcr_bot//models/aws_robomaker_warehouse_RoofB_01/meshes/aws_robomaker_warehouse_RoofB_01_visual.DAE\n'}
[0.277776] (bcr_bot) StdoutLine: {'line': b'-- Up-to-date: /mnt/ssd/lsgloc_ws/install/bcr_bot/share/bcr_bot//models/aws_robomaker_warehouse_RoofB_01/materials\n'}
[0.277830] (bcr_bot) StdoutLine: {'line': b'-- Up-to-date: /mnt/ssd/lsgloc_ws/install/bcr_bot/share/bcr_bot//models/aws_robomaker_warehouse_RoofB_01/materials/textures\n'}
[0.277866] (bcr_bot) StdoutLine: {'line': b'-- Up-to-date: /mnt/ssd/lsgloc_ws/install/bcr_bot/share/bcr_bot//models/aws_robomaker_warehouse_RoofB_01/materials/textures/aws_robomaker_warehouse_RoofB_01.png\n'}
[0.277939] (bcr_bot) StdoutLine: {'line': b'-- Up-to-date: /mnt/ssd/lsgloc_ws/install/bcr_bot/share/bcr_bot//urdf\n'}
[0.277969] (bcr_bot) StdoutLine: {'line': b'-- Up-to-date: /mnt/ssd/lsgloc_ws/install/bcr_bot/share/bcr_bot//urdf/macros.xacro\n'}
[0.277998] (bcr_bot) StdoutLine: {'line': b'-- Up-to-date: /mnt/ssd/lsgloc_ws/install/bcr_bot/share/bcr_bot//urdf/ign.xacro\n'}
[0.278027] (bcr_bot) StdoutLine: {'line': b'-- Installing: /mnt/ssd/lsgloc_ws/install/bcr_bot/share/bcr_bot//urdf/gazebo.xacro\n'}
[0.278055] (bcr_bot) StdoutLine: {'line': b'-- Up-to-date: /mnt/ssd/lsgloc_ws/install/bcr_bot/share/bcr_bot//urdf/materials.xacro\n'}
[0.278083] (bcr_bot) StdoutLine: {'line': b'-- Installing: /mnt/ssd/lsgloc_ws/install/bcr_bot/share/bcr_bot//urdf/bcr_bot.xacro\n'}
[0.278112] (bcr_bot) StdoutLine: {'line': b'-- Up-to-date: /mnt/ssd/lsgloc_ws/install/bcr_bot/share/bcr_bot//urdf/gz.xacro\n'}
[0.278141] (bcr_bot) StdoutLine: {'line': b'-- Up-to-date: /mnt/ssd/lsgloc_ws/install/bcr_bot/share/bcr_bot//worlds\n'}
[0.278169] (bcr_bot) StdoutLine: {'line': b'-- Up-to-date: /mnt/ssd/lsgloc_ws/install/bcr_bot/share/bcr_bot//worlds/small_warehouse.sdf\n'}
[0.278197] (bcr_bot) StdoutLine: {'line': b'-- Up-to-date: /mnt/ssd/lsgloc_ws/install/bcr_bot/share/bcr_bot//worlds/empty.sdf\n'}
[0.278225] (bcr_bot) StdoutLine: {'line': b'-- Up-to-date: /mnt/ssd/lsgloc_ws/install/bcr_bot/share/bcr_bot//rviz\n'}
[0.278254] (bcr_bot) StdoutLine: {'line': b'-- Up-to-date: /mnt/ssd/lsgloc_ws/install/bcr_bot/share/bcr_bot//rviz/map.rviz\n'}
[0.278282] (bcr_bot) StdoutLine: {'line': b'-- Up-to-date: /mnt/ssd/lsgloc_ws/install/bcr_bot/share/bcr_bot//rviz/entire_setup.rviz\n'}
[0.278311] (bcr_bot) StdoutLine: {'line': b'-- Up-to-date: /mnt/ssd/lsgloc_ws/install/bcr_bot/share/bcr_bot/config\n'}
[0.278339] (bcr_bot) StdoutLine: {'line': b'-- Up-to-date: /mnt/ssd/lsgloc_ws/install/bcr_bot/share/bcr_bot/config/bcr_map.yaml\n'}
[0.278367] (bcr_bot) StdoutLine: {'line': b'-- Up-to-date: /mnt/ssd/lsgloc_ws/install/bcr_bot/share/bcr_bot/config/bcr_map.pgm\n'}
[0.278396] (bcr_bot) StdoutLine: {'line': b'-- Up-to-date: /mnt/ssd/lsgloc_ws/install/bcr_bot/share/bcr_bot/config/nav2_params.yaml\n'}
[0.278424] (bcr_bot) StdoutLine: {'line': b'-- Up-to-date: /mnt/ssd/lsgloc_ws/install/bcr_bot/share/bcr_bot/config/mapper_params_online_async.yaml\n'}
[0.278452] (bcr_bot) StdoutLine: {'line': b'-- Up-to-date: /mnt/ssd/lsgloc_ws/install/bcr_bot/lib/bcr_bot/remapper.py\n'}
[0.278489] (bcr_bot) StdoutLine: {'line': b'-- Up-to-date: /mnt/ssd/lsgloc_ws/install/bcr_bot/share/ament_index/resource_index/package_run_dependencies/bcr_bot\n'}
[0.278518] (bcr_bot) StdoutLine: {'line': b'-- Up-to-date: /mnt/ssd/lsgloc_ws/install/bcr_bot/share/ament_index/resource_index/parent_prefix_path/bcr_bot\n'}
[0.278547] (bcr_bot) StdoutLine: {'line': b'-- Up-to-date: /mnt/ssd/lsgloc_ws/install/bcr_bot/share/bcr_bot/environment/ament_prefix_path.sh\n'}
[0.278611] (bcr_bot) StdoutLine: {'line': b'-- Up-to-date: /mnt/ssd/lsgloc_ws/install/bcr_bot/share/bcr_bot/environment/ament_prefix_path.dsv\n'}
[0.278644] (bcr_bot) StdoutLine: {'line': b'-- Up-to-date: /mnt/ssd/lsgloc_ws/install/bcr_bot/share/bcr_bot/environment/path.sh\n'}
[0.278675] (bcr_bot) StdoutLine: {'line': b'-- Up-to-date: /mnt/ssd/lsgloc_ws/install/bcr_bot/share/bcr_bot/environment/path.dsv\n'}
[0.278704] (bcr_bot) StdoutLine: {'line': b'-- Up-to-date: /mnt/ssd/lsgloc_ws/install/bcr_bot/share/bcr_bot/local_setup.bash\n'}
[0.278733] (bcr_bot) StdoutLine: {'line': b'-- Up-to-date: /mnt/ssd/lsgloc_ws/install/bcr_bot/share/bcr_bot/local_setup.sh\n'}
[0.278761] (bcr_bot) StdoutLine: {'line': b'-- Up-to-date: /mnt/ssd/lsgloc_ws/install/bcr_bot/share/bcr_bot/local_setup.zsh\n'}
[0.278790] (bcr_bot) StdoutLine: {'line': b'-- Up-to-date: /mnt/ssd/lsgloc_ws/install/bcr_bot/share/bcr_bot/local_setup.dsv\n'}
[0.278822] (bcr_bot) StdoutLine: {'line': b'-- Installing: /mnt/ssd/lsgloc_ws/install/bcr_bot/share/bcr_bot/package.dsv\n'}
[0.278851] (bcr_bot) StdoutLine: {'line': b'-- Up-to-date: /mnt/ssd/lsgloc_ws/install/bcr_bot/share/ament_index/resource_index/packages/bcr_bot\n'}
[0.278950] (bcr_bot) StdoutLine: {'line': b'-- Up-to-date: /mnt/ssd/lsgloc_ws/install/bcr_bot/share/bcr_bot/cmake/bcr_botConfig.cmake\n'}
[0.278982] (bcr_bot) StdoutLine: {'line': b'-- Up-to-date: /mnt/ssd/lsgloc_ws/install/bcr_bot/share/bcr_bot/cmake/bcr_botConfig-version.cmake\n'}
[0.279010] (bcr_bot) StdoutLine: {'line': b'-- Up-to-date: /mnt/ssd/lsgloc_ws/install/bcr_bot/share/bcr_bot/package.xml\n'}
[0.279040] (bcr_bot) CommandEnded: {'returncode': 0}
[0.281040] (semantic_msgs) StdoutLine: {'line': b'running egg_info\n'}
[0.287513] (bcr_bot) JobEnded: {'identifier': 'bcr_bot', 'rc': 0}
[0.295083] (semantic_msgs) StdoutLine: {'line': b'writing semantic_msgs.egg-info/PKG-INFO\n'}
[0.295192] (semantic_msgs) StdoutLine: {'line': b'writing dependency_links to semantic_msgs.egg-info/dependency_links.txt\n'}
[0.295320] (semantic_msgs) StdoutLine: {'line': b'writing top-level names to semantic_msgs.egg-info/top_level.txt\n'}
[0.299946] (-) TimerEvent: {}
[0.324422] (semantic_msgs) StdoutLine: {'line': b"reading manifest file 'semantic_msgs.egg-info/SOURCES.txt'\n"}
[0.324764] (semantic_msgs) StdoutLine: {'line': b"writing manifest file 'semantic_msgs.egg-info/SOURCES.txt'\n"}
[0.347620] (semantic_msgs) StdoutLine: {'line': b'[100%] Built target ament_cmake_python_build_semantic_msgs_egg\n'}
[0.356172] (semantic_msgs) CommandEnded: {'returncode': 0}
[0.356572] (semantic_msgs) JobProgress: {'identifier': 'semantic_msgs', 'progress': 'install'}
[0.356832] (semantic_msgs) Command: {'cmd': ['/usr/bin/cmake', '--install', '/mnt/ssd/lsgloc_ws/build/semantic_msgs'], 'cwd': '/mnt/ssd/lsgloc_ws/build/semantic_msgs', 'env': OrderedDict([('GJS_DEBUG_TOPICS', 'JS ERROR;JS LOG'), ('PYTHON_BASIC_REPL', '1'), ('LESSOPEN', '| /usr/bin/lesspipe %s'), ('LANGUAGE', 'en_SG:en'), ('USER', 'sensethreat'), ('XDG_SESSION_TYPE', 'x11'), ('GIT_ASKPASS', '/usr/share/code/resources/app/extensions/git/dist/askpass.sh'), ('SHLVL', '1'), ('LD_LIBRARY_PATH', '/usr/local/cuda/lib64:/usr/lib/x86_64-linux-gnu/gazebo-11/plugins:/opt/ros/humble/opt/rviz_ogre_vendor/lib:/opt/ros/humble/lib/x86_64-linux-gnu:/opt/ros/humble/lib:/usr/local/cuda/lib64:'), ('HOME', '/home/sensethreat'), ('CHROME_DESKTOP', 'code.desktop'), ('CONDA_SHLVL', '0'), ('TERM_PROGRAM_VERSION', '1.108.2'), ('DESKTOP_SESSION', 'ubuntu'), ('NVM_BIN', '/home/sensethreat/.nvm/versions/node/v20.20.1/bin'), ('NVM_INC', '/home/sensethreat/.nvm/versions/node/v20.20.1/include/node'), ('GIO_LAUNCHED_DESKTOP_FILE', '/usr/share/applications/code.desktop'), ('ROS_PYTHON_VERSION', '3'), ('GNOME_SHELL_SESSION_MODE', 'ubuntu'), ('GTK_MODULES', 'gail:atk-bridge'), ('VSCODE_GIT_ASKPASS_MAIN', '/usr/share/code/resources/app/extensions/git/dist/askpass-main.js'), ('VSCODE_GIT_ASKPASS_NODE', '/usr/share/code/code'), ('MANAGERPID', '4235'), ('PYDEVD_DISABLE_FILE_VALIDATION', '1'), ('SYSTEMD_EXEC_PID', '4526'), ('BUNDLED_DEBUGPY_PATH', '/home/sensethreat/.vscode/extensions/ms-python.debugpy-2025.18.0-linux-x64/bundled/libs/debugpy'), ('VSCODE_PYTHON_AUTOACTIVATE_GUARD', '1'), ('DBUS_SESSION_BUS_ADDRESS', 'unix:path=/run/user/1000/bus'), ('COLORTERM', 'truecolor'), ('_CE_M', ''), ('GIO_LAUNCHED_DESKTOP_FILE_PID', '1028265'), ('NVM_DIR', '/home/sensethreat/.nvm'), ('ROS_DISTRO', 'humble'), ('GTK_IM_MODULE', 'ibus'), ('LOGNAME', 'sensethreat'), ('JOURNAL_STREAM', '8:25865'), ('_', '/usr/bin/colcon'), ('ROS_VERSION', '2'), ('CLAUDE_CODE_SSE_PORT', '13764'), ('XDG_SESSION_CLASS', 'user'), ('GEMINI_CLI_IDE_WORKSPACE_PATH', '/mnt/ssd/lsgloc_ws'), ('USERNAME', 'sensethreat'), ('TERM', 'xterm-256color'), ('GNOME_DESKTOP_SESSION_ID', 'this-is-deprecated'), ('_CE_CONDA', ''), ('FC_FONTATIONS', '1'), ('ROS_LOCALHOST_ONLY', '0'), ('GEMINI_CLI_IDE_SERVER_PORT', '37267'), ('WINDOWPATH', '2'), ('PATH', '/usr/local/cuda/bin:/home/sensethreat/.config/Code/User/globalStorage/github.copilot-chat/debugCommand:/home/sensethreat/.config/Code/User/globalStorage/github.copilot-chat/copilotCli:/home/sensethreat/.local/bin:/home/sensethreat/.nvm/versions/node/v20.20.1/bin:/opt/ros/humble/bin:/home/sensethreat/anaconda3/condabin:/usr/local/cuda/bin:/home/sensethreat/.local/bin:/usr/local/sbin:/usr/local/bin:/usr/sbin:/usr/bin:/sbin:/bin:/usr/games:/usr/local/games:/snap/bin:/snap/bin:/home/sensethreat/.vscode/extensions/ms-python.debugpy-2025.18.0-linux-x64/bundled/scripts/noConfigScripts'), ('SESSION_MANAGER', 'local/gr00t-4090:@/tmp/.ICE-unix/4476,unix/gr00t-4090:/tmp/.ICE-unix/4476'), ('INVOCATION_ID', '2f188857ecf04eb188026dc287baa7cc'), ('XDG_MENU_PREFIX', 'gnome-'), ('XDG_RUNTIME_DIR', '/run/user/1000'), ('GDK_BACKEND', 'x11'), ('DISPLAY', ':1'), ('VSCODE_DEBUGPY_ADAPTER_ENDPOINTS', '/home/sensethreat/.vscode/extensions/ms-python.debugpy-2025.18.0-linux-x64/.noConfigDebugAdapterEndpoints/endpoint-9686078bbb06aef1.txt'), ('LANG', 'en_US.UTF-8'), ('XDG_CURRENT_DESKTOP', 'ubuntu:GNOME'), ('PYTHONSTARTUP', '/home/sensethreat/.config/Code/User/workspaceStorage/a1ba31dbdeff2a34003cc17b1390a45e/ms-python.python/pythonrc.py'), ('XMODIFIERS', '@im=ibus'), ('XDG_SESSION_DESKTOP', 'ubuntu'), ('XAUTHORITY', '/run/user/1000/gdm/Xauthority'), ('LS_COLORS', 'rs=0:di=01;34:ln=01;36:mh=00:pi=40;33:so=01;35:do=01;35:bd=40;33;01:cd=40;33;01:or=40;31;01:mi=00:su=37;41:sg=30;43:ca=30;41:tw=30;42:ow=34;42:st=37;44:ex=01;32:*.tar=01;31:*.tgz=01;31:*.arc=01;31:*.arj=01;31:*.taz=01;31:*.lha=01;31:*.lz4=01;31:*.lzh=01;31:*.lzma=01;31:*.tlz=01;31:*.txz=01;31:*.tzo=01;31:*.t7z=01;31:*.zip=01;31:*.z=01;31:*.dz=01;31:*.gz=01;31:*.lrz=01;31:*.lz=01;31:*.lzo=01;31:*.xz=01;31:*.zst=01;31:*.tzst=01;31:*.bz2=01;31:*.bz=01;31:*.tbz=01;31:*.tbz2=01;31:*.tz=01;31:*.deb=01;31:*.rpm=01;31:*.jar=01;31:*.war=01;31:*.ear=01;31:*.sar=01;31:*.rar=01;31:*.alz=01;31:*.ace=01;31:*.zoo=01;31:*.cpio=01;31:*.7z=01;31:*.rz=01;31:*.cab=01;31:*.wim=01;31:*.swm=01;31:*.dwm=01;31:*.esd=01;31:*.jpg=01;35:*.jpeg=01;35:*.mjpg=01;35:*.mjpeg=01;35:*.gif=01;35:*.bmp=01;35:*.pbm=01;35:*.pgm=01;35:*.ppm=01;35:*.tga=01;35:*.xbm=01;35:*.xpm=01;35:*.tif=01;35:*.tiff=01;35:*.png=01;35:*.svg=01;35:*.svgz=01;35:*.mng=01;35:*.pcx=01;35:*.mov=01;35:*.mpg=01;35:*.mpeg=01;35:*.m2v=01;35:*.mkv=01;35:*.webm=01;35:*.webp=01;35:*.ogm=01;35:*.mp4=01;35:*.m4v=01;35:*.mp4v=01;35:*.vob=01;35:*.qt=01;35:*.nuv=01;35:*.wmv=01;35:*.asf=01;35:*.rm=01;35:*.rmvb=01;35:*.flc=01;35:*.avi=01;35:*.fli=01;35:*.flv=01;35:*.gl=01;35:*.dl=01;35:*.xcf=01;35:*.xwd=01;35:*.yuv=01;35:*.cgm=01;35:*.emf=01;35:*.ogv=01;35:*.ogx=01;35:*.aac=00;36:*.au=00;36:*.flac=00;36:*.m4a=00;36:*.mid=00;36:*.midi=00;36:*.mka=00;36:*.mp3=00;36:*.mpc=00;36:*.ogg=00;36:*.ra=00;36:*.wav=00;36:*.oga=00;36:*.opus=00;36:*.spx=00;36:*.xspf=00;36:'), ('VSCODE_GIT_IPC_HANDLE', '/run/user/1000/vscode-git-e747b80a0c.sock'), ('TERM_PROGRAM', 'vscode'), ('SSH_AGENT_LAUNCHER', 'gnome-keyring'), ('SSH_AUTH_SOCK', '/run/user/1000/keyring/ssh'), ('ROS_DOMAIN_ID', '42'), ('AMENT_PREFIX_PATH', '/opt/ros/humble'), ('CONDA_PYTHON_EXE', '/home/sensethreat/anaconda3/bin/python'), ('SHELL', '/bin/bash'), ('QT_ACCESSIBILITY', '1'), ('GDMSESSION', 'ubuntu'), ('LESSCLOSE', '/usr/bin/lesspipe %s %s'), ('GPG_AGENT_INFO', '/run/user/1000/gnupg/S.gpg-agent:0:1'), ('GJS_DEBUG_OUTPUT', 'stderr'), ('VSCODE_GIT_ASKPASS_EXTRA_ARGS', ''), ('QT_IM_MODULE', 'ibus'), ('GEMINI_CLI_IDE_AUTH_TOKEN', '293643a9-4199-4c08-b153-80acc4f9fef3'), ('PWD', '/mnt/ssd/lsgloc_ws/build/semantic_msgs'), ('TURTLEBOT3_MODEL', 'waffle'), ('LC_ALL', 'en_US.UTF-8'), ('XDG_CONFIG_DIRS', '/etc/xdg/xdg-ubuntu:/etc/xdg'), ('CONDA_EXE', '/home/sensethreat/anaconda3/bin/conda'), ('NVM_CD_FLAGS', ''), ('XDG_DATA_DIRS', '/usr/share/ubuntu:/usr/share/gnome:/usr/local/share/:/usr/share/:/var/lib/snapd/desktop'), ('LDS_MODEL', 'LDS-01'), ('PYTHONPATH', '/opt/ros/humble/lib/python3.10/site-packages:/opt/ros/humble/local/lib/python3.10/dist-packages'), ('COLCON', '1'), ('CMAKE_PREFIX_PATH', '/opt/ros/humble')]), 'shell': False}
[0.362777] (semantic_msgs) StdoutLine: {'line': b'-- Install configuration: ""\n'}
[0.362891] (semantic_msgs) StdoutLine: {'line': b'-- Up-to-date: /mnt/ssd/lsgloc_ws/install/semantic_msgs/share/ament_index/resource_index/rosidl_interfaces/semantic_msgs\n'}
[0.362950] (semantic_msgs) StdoutLine: {'line': b'-- Up-to-date: /mnt/ssd/lsgloc_ws/install/semantic_msgs/include/semantic_msgs/semantic_msgs\n'}
[0.362994] (semantic_msgs) StdoutLine: {'line': b'-- Up-to-date: /mnt/ssd/lsgloc_ws/install/semantic_msgs/include/semantic_msgs/semantic_msgs/msg\n'}
[0.363057] (semantic_msgs) StdoutLine: {'line': b'-- Up-to-date: /mnt/ssd/lsgloc_ws/install/semantic_msgs/include/semantic_msgs/semantic_msgs/msg/semantic_detection_array.h\n'}
[0.363157] (semantic_msgs) StdoutLine: {'line': b'-- Up-to-date: /mnt/ssd/lsgloc_ws/install/semantic_msgs/include/semantic_msgs/semantic_msgs/msg/semantic_detection.h\n'}
[0.363196] (semantic_msgs) StdoutLine: {'line': b'-- Up-to-date: /mnt/ssd/lsgloc_ws/install/semantic_msgs/include/semantic_msgs/semantic_msgs/msg/detail\n'}
[0.363232] (semantic_msgs) StdoutLine: {'line': b'-- Up-to-date: /mnt/ssd/lsgloc_ws/install/semantic_msgs/include/semantic_msgs/semantic_msgs/msg/detail/semantic_detection_array__functions.h\n'}
[0.363272] (semantic_msgs) StdoutLine: {'line': b'-- Up-to-date: /mnt/ssd/lsgloc_ws/install/semantic_msgs/include/semantic_msgs/semantic_msgs/msg/detail/semantic_detection__type_support.h\n'}
[0.363313] (semantic_msgs) StdoutLine: {'line': b'-- Up-to-date: /mnt/ssd/lsgloc_ws/install/semantic_msgs/include/semantic_msgs/semantic_msgs/msg/detail/semantic_detection__functions.c\n'}
[0.363353] (semantic_msgs) StdoutLine: {'line': b'-- Up-to-date: /mnt/ssd/lsgloc_ws/install/semantic_msgs/include/semantic_msgs/semantic_msgs/msg/detail/semantic_detection_array__functions.c\n'}
[0.363394] (semantic_msgs) StdoutLine: {'line': b'-- Up-to-date: /mnt/ssd/lsgloc_ws/install/semantic_msgs/include/semantic_msgs/semantic_msgs/msg/detail/semantic_detection_array__type_support.h\n'}
[0.363426] (semantic_msgs) StdoutLine: {'line': b'-- Up-to-date: /mnt/ssd/lsgloc_ws/install/semantic_msgs/include/semantic_msgs/semantic_msgs/msg/detail/semantic_detection__struct.h\n'}
[0.363459] (semantic_msgs) StdoutLine: {'line': b'-- Up-to-date: /mnt/ssd/lsgloc_ws/install/semantic_msgs/include/semantic_msgs/semantic_msgs/msg/detail/semantic_detection_array__struct.h\n'}
[0.363490] (semantic_msgs) StdoutLine: {'line': b'-- Up-to-date: /mnt/ssd/lsgloc_ws/install/semantic_msgs/include/semantic_msgs/semantic_msgs/msg/detail/semantic_detection__functions.h\n'}
[0.363523] (semantic_msgs) StdoutLine: {'line': b'-- Up-to-date: /mnt/ssd/lsgloc_ws/install/semantic_msgs/include/semantic_msgs/semantic_msgs/msg/rosidl_generator_c__visibility_control.h\n'}
[0.363555] (semantic_msgs) StdoutLine: {'line': b'-- Up-to-date: /mnt/ssd/lsgloc_ws/install/semantic_msgs/share/semantic_msgs/environment/library_path.sh\n'}
[0.363595] (semantic_msgs) StdoutLine: {'line': b'-- Up-to-date: /mnt/ssd/lsgloc_ws/install/semantic_msgs/share/semantic_msgs/environment/library_path.dsv\n'}
[0.363627] (semantic_msgs) StdoutLine: {'line': b'-- Up-to-date: /mnt/ssd/lsgloc_ws/install/semantic_msgs/lib/libsemantic_msgs__rosidl_generator_c.so\n'}
[0.363696] (semantic_msgs) StdoutLine: {'line': b'-- Up-to-date: /mnt/ssd/lsgloc_ws/install/semantic_msgs/include/semantic_msgs/semantic_msgs\n'}
[0.363731] (semantic_msgs) StdoutLine: {'line': b'-- Up-to-date: /mnt/ssd/lsgloc_ws/install/semantic_msgs/include/semantic_msgs/semantic_msgs/msg\n'}
[0.363764] (semantic_msgs) StdoutLine: {'line': b'-- Up-to-date: /mnt/ssd/lsgloc_ws/install/semantic_msgs/include/semantic_msgs/semantic_msgs/msg/rosidl_typesupport_fastrtps_c__visibility_control.h\n'}
[0.363796] (semantic_msgs) StdoutLine: {'line': b'-- Up-to-date: /mnt/ssd/lsgloc_ws/install/semantic_msgs/include/semantic_msgs/semantic_msgs/msg/detail\n'}
[0.363828] (semantic_msgs) StdoutLine: {'line': b'-- Up-to-date: /mnt/ssd/lsgloc_ws/install/semantic_msgs/include/semantic_msgs/semantic_msgs/msg/detail/semantic_detection_array__rosidl_typesupport_fastrtps_c.h\n'}
[0.363869] (semantic_msgs) StdoutLine: {'line': b'-- Up-to-date: /mnt/ssd/lsgloc_ws/install/semantic_msgs/include/semantic_msgs/semantic_msgs/msg/detail/semantic_detection__rosidl_typesupport_fastrtps_c.h\n'}
[0.363955] (semantic_msgs) StdoutLine: {'line': b'-- Up-to-date: /mnt/ssd/lsgloc_ws/install/semantic_msgs/lib/libsemantic_msgs__rosidl_typesupport_fastrtps_c.so\n'}
[0.363995] (semantic_msgs) StdoutLine: {'line': b'-- Up-to-date: /mnt/ssd/lsgloc_ws/install/semantic_msgs/include/semantic_msgs/semantic_msgs\n'}
[0.364028] (semantic_msgs) StdoutLine: {'line': b'-- Up-to-date: /mnt/ssd/lsgloc_ws/install/semantic_msgs/include/semantic_msgs/semantic_msgs/msg\n'}
[0.364060] (semantic_msgs) StdoutLine: {'line': b'-- Up-to-date: /mnt/ssd/lsgloc_ws/install/semantic_msgs/include/semantic_msgs/semantic_msgs/msg/semantic_detection.hpp\n'}
[0.364091] (semantic_msgs) StdoutLine: {'line': b'-- Up-to-date: /mnt/ssd/lsgloc_ws/install/semantic_msgs/include/semantic_msgs/semantic_msgs/msg/semantic_detection_array.hpp\n'}
[0.364123] (semantic_msgs) StdoutLine: {'line': b'-- Up-to-date: /mnt/ssd/lsgloc_ws/install/semantic_msgs/include/semantic_msgs/semantic_msgs/msg/detail\n'}
[0.364154] (semantic_msgs) StdoutLine: {'line': b'-- Up-to-date: /mnt/ssd/lsgloc_ws/install/semantic_msgs/include/semantic_msgs/semantic_msgs/msg/detail/semantic_detection_array__type_support.hpp\n'}
[0.364186] (semantic_msgs) StdoutLine: {'line': b'-- Up-to-date: /mnt/ssd/lsgloc_ws/install/semantic_msgs/include/semantic_msgs/semantic_msgs/msg/detail/semantic_detection__struct.hpp\n'}
[0.364218] (semantic_msgs) StdoutLine: {'line': b'-- Up-to-date: /mnt/ssd/lsgloc_ws/install/semantic_msgs/include/semantic_msgs/semantic_msgs/msg/detail/semantic_detection_array__traits.hpp\n'}
[0.364249] (semantic_msgs) StdoutLine: {'line': b'-- Up-to-date: /mnt/ssd/lsgloc_ws/install/semantic_msgs/include/semantic_msgs/semantic_msgs/msg/detail/semantic_detection_array__builder.hpp\n'}
[0.364281] (semantic_msgs) StdoutLine: {'line': b'-- Up-to-date: /mnt/ssd/lsgloc_ws/install/semantic_msgs/include/semantic_msgs/semantic_msgs/msg/detail/semantic_detection__traits.hpp\n'}
[0.364312] (semantic_msgs) StdoutLine: {'line': b'-- Up-to-date: /mnt/ssd/lsgloc_ws/install/semantic_msgs/include/semantic_msgs/semantic_msgs/msg/detail/semantic_detection__type_support.hpp\n'}
[0.364343] (semantic_msgs) StdoutLine: {'line': b'-- Up-to-date: /mnt/ssd/lsgloc_ws/install/semantic_msgs/include/semantic_msgs/semantic_msgs/msg/detail/semantic_detection_array__struct.hpp\n'}
[0.364375] (semantic_msgs) StdoutLine: {'line': b'-- Up-to-date: /mnt/ssd/lsgloc_ws/install/semantic_msgs/include/semantic_msgs/semantic_msgs/msg/detail/semantic_detection__builder.hpp\n'}
[0.364411] (semantic_msgs) StdoutLine: {'line': b'-- Up-to-date: /mnt/ssd/lsgloc_ws/install/semantic_msgs/include/semantic_msgs/semantic_msgs/msg/rosidl_generator_cpp__visibility_control.hpp\n'}
[0.364456] (semantic_msgs) StdoutLine: {'line': b'-- Up-to-date: /mnt/ssd/lsgloc_ws/install/semantic_msgs/include/semantic_msgs/semantic_msgs\n'}
[0.364488] (semantic_msgs) StdoutLine: {'line': b'-- Up-to-date: /mnt/ssd/lsgloc_ws/install/semantic_msgs/include/semantic_msgs/semantic_msgs/msg\n'}
[0.364520] (semantic_msgs) StdoutLine: {'line': b'-- Up-to-date: /mnt/ssd/lsgloc_ws/install/semantic_msgs/include/semantic_msgs/semantic_msgs/msg/rosidl_typesupport_fastrtps_cpp__visibility_control.h\n'}
[0.364552] (semantic_msgs) StdoutLine: {'line': b'-- Up-to-date: /mnt/ssd/lsgloc_ws/install/semantic_msgs/include/semantic_msgs/semantic_msgs/msg/detail\n'}
[0.364626] (semantic_msgs) StdoutLine: {'line': b'-- Up-to-date: /mnt/ssd/lsgloc_ws/install/semantic_msgs/include/semantic_msgs/semantic_msgs/msg/detail/semantic_detection_array__rosidl_typesupport_fastrtps_cpp.hpp\n'}
[0.364656] (semantic_msgs) StdoutLine: {'line': b'-- Up-to-date: /mnt/ssd/lsgloc_ws/install/semantic_msgs/include/semantic_msgs/semantic_msgs/msg/detail/semantic_detection__rosidl_typesupport_fastrtps_cpp.hpp\n'}
[0.364685] (semantic_msgs) StdoutLine: {'line': b'-- Up-to-date: /mnt/ssd/lsgloc_ws/install/semantic_msgs/include/semantic_msgs/semantic_msgs/msg/detail/dds_fastrtps\n'}
[0.364729] (semantic_msgs) StdoutLine: {'line': b'-- Up-to-date: /mnt/ssd/lsgloc_ws/install/semantic_msgs/lib/libsemantic_msgs__rosidl_typesupport_fastrtps_cpp.so\n'}
[0.364781] (semantic_msgs) StdoutLine: {'line': b'-- Up-to-date: /mnt/ssd/lsgloc_ws/install/semantic_msgs/include/semantic_msgs/semantic_msgs\n'}
[0.364821] (semantic_msgs) StdoutLine: {'line': b'-- Up-to-date: /mnt/ssd/lsgloc_ws/install/semantic_msgs/include/semantic_msgs/semantic_msgs/msg\n'}
[0.364854] (semantic_msgs) StdoutLine: {'line': b'-- Up-to-date: /mnt/ssd/lsgloc_ws/install/semantic_msgs/include/semantic_msgs/semantic_msgs/msg/rosidl_typesupport_introspection_c__visibility_control.h\n'}
[0.364904] (semantic_msgs) StdoutLine: {'line': b'-- Up-to-date: /mnt/ssd/lsgloc_ws/install/semantic_msgs/include/semantic_msgs/semantic_msgs/msg/detail\n'}
[0.364938] (semantic_msgs) StdoutLine: {'line': b'-- Up-to-date: /mnt/ssd/lsgloc_ws/install/semantic_msgs/include/semantic_msgs/semantic_msgs/msg/detail/semantic_detection_array__type_support.c\n'}
[0.364973] (semantic_msgs) StdoutLine: {'line': b'-- Up-to-date: /mnt/ssd/lsgloc_ws/install/semantic_msgs/include/semantic_msgs/semantic_msgs/msg/detail/semantic_detection__rosidl_typesupport_introspection_c.h\n'}
[0.365005] (semantic_msgs) StdoutLine: {'line': b'-- Up-to-date: /mnt/ssd/lsgloc_ws/install/semantic_msgs/include/semantic_msgs/semantic_msgs/msg/detail/semantic_detection_array__rosidl_typesupport_introspection_c.h\n'}
[0.365037] (semantic_msgs) StdoutLine: {'line': b'-- Up-to-date: /mnt/ssd/lsgloc_ws/install/semantic_msgs/include/semantic_msgs/semantic_msgs/msg/detail/semantic_detection__type_support.c\n'}
[0.365069] (semantic_msgs) StdoutLine: {'line': b'-- Up-to-date: /mnt/ssd/lsgloc_ws/install/semantic_msgs/lib/libsemantic_msgs__rosidl_typesupport_introspection_c.so\n'}
[0.365117] (semantic_msgs) StdoutLine: {'line': b'-- Up-to-date: /mnt/ssd/lsgloc_ws/install/semantic_msgs/lib/libsemantic_msgs__rosidl_typesupport_c.so\n'}
[0.365147] (semantic_msgs) StdoutLine: {'line': b'-- Up-to-date: /mnt/ssd/lsgloc_ws/install/semantic_msgs/include/semantic_msgs/semantic_msgs\n'}
[0.365176] (semantic_msgs) StdoutLine: {'line': b'-- Up-to-date: /mnt/ssd/lsgloc_ws/install/semantic_msgs/include/semantic_msgs/semantic_msgs/msg\n'}
[0.365207] (semantic_msgs) StdoutLine: {'line': b'-- Up-to-date: /mnt/ssd/lsgloc_ws/install/semantic_msgs/include/semantic_msgs/semantic_msgs/msg/detail\n'}
[0.365239] (semantic_msgs) StdoutLine: {'line': b'-- Up-to-date: /mnt/ssd/lsgloc_ws/install/semantic_msgs/include/semantic_msgs/semantic_msgs/msg/detail/semantic_detection_array__rosidl_typesupport_introspection_cpp.hpp\n'}
[0.365270] (semantic_msgs) StdoutLine: {'line': b'-- Up-to-date: /mnt/ssd/lsgloc_ws/install/semantic_msgs/include/semantic_msgs/semantic_msgs/msg/detail/semantic_detection__type_support.cpp\n'}
[0.365302] (semantic_msgs) StdoutLine: {'line': b'-- Up-to-date: /mnt/ssd/lsgloc_ws/install/semantic_msgs/include/semantic_msgs/semantic_msgs/msg/detail/semantic_detection_array__type_support.cpp\n'}
[0.365334] (semantic_msgs) StdoutLine: {'line': b'-- Up-to-date: /mnt/ssd/lsgloc_ws/install/semantic_msgs/include/semantic_msgs/semantic_msgs/msg/detail/semantic_detection__rosidl_typesupport_introspection_cpp.hpp\n'}
[0.365366] (semantic_msgs) StdoutLine: {'line': b'-- Up-to-date: /mnt/ssd/lsgloc_ws/install/semantic_msgs/lib/libsemantic_msgs__rosidl_typesupport_introspection_cpp.so\n'}
[0.365399] (semantic_msgs) StdoutLine: {'line': b'-- Up-to-date: /mnt/ssd/lsgloc_ws/install/semantic_msgs/lib/libsemantic_msgs__rosidl_typesupport_cpp.so\n'}
[0.365437] (semantic_msgs) StdoutLine: {'line': b'-- Up-to-date: /mnt/ssd/lsgloc_ws/install/semantic_msgs/share/semantic_msgs/environment/pythonpath.sh\n'}
[0.365488] (semantic_msgs) StdoutLine: {'line': b'-- Up-to-date: /mnt/ssd/lsgloc_ws/install/semantic_msgs/share/semantic_msgs/environment/pythonpath.dsv\n'}
[0.365513] (semantic_msgs) StdoutLine: {'line': b'-- Up-to-date: /mnt/ssd/lsgloc_ws/install/semantic_msgs/local/lib/python3.10/dist-packages/semantic_msgs-0.0.0-py3.10.egg-info\n'}
[0.365539] (semantic_msgs) StdoutLine: {'line': b'-- Installing: /mnt/ssd/lsgloc_ws/install/semantic_msgs/local/lib/python3.10/dist-packages/semantic_msgs-0.0.0-py3.10.egg-info/SOURCES.txt\n'}
[0.365565] (semantic_msgs) StdoutLine: {'line': b'-- Installing: /mnt/ssd/lsgloc_ws/install/semantic_msgs/local/lib/python3.10/dist-packages/semantic_msgs-0.0.0-py3.10.egg-info/top_level.txt\n'}
[0.365592] (semantic_msgs) StdoutLine: {'line': b'-- Installing: /mnt/ssd/lsgloc_ws/install/semantic_msgs/local/lib/python3.10/dist-packages/semantic_msgs-0.0.0-py3.10.egg-info/PKG-INFO\n'}
[0.365630] (semantic_msgs) StdoutLine: {'line': b'-- Installing: /mnt/ssd/lsgloc_ws/install/semantic_msgs/local/lib/python3.10/dist-packages/semantic_msgs-0.0.0-py3.10.egg-info/dependency_links.txt\n'}
[0.365668] (semantic_msgs) StdoutLine: {'line': b'-- Up-to-date: /mnt/ssd/lsgloc_ws/install/semantic_msgs/local/lib/python3.10/dist-packages/semantic_msgs\n'}
[0.365706] (semantic_msgs) StdoutLine: {'line': b'-- Up-to-date: /mnt/ssd/lsgloc_ws/install/semantic_msgs/local/lib/python3.10/dist-packages/semantic_msgs/libsemantic_msgs__rosidl_generator_py.so\n'}
[0.365754] (semantic_msgs) StdoutLine: {'line': b'-- Up-to-date: /mnt/ssd/lsgloc_ws/install/semantic_msgs/local/lib/python3.10/dist-packages/semantic_msgs/semantic_msgs_s__rosidl_typesupport_c.cpython-310-x86_64-linux-gnu.so\n'}
[0.365781] (semantic_msgs) StdoutLine: {'line': b'-- Up-to-date: /mnt/ssd/lsgloc_ws/install/semantic_msgs/local/lib/python3.10/dist-packages/semantic_msgs/_semantic_msgs_s.ep.rosidl_typesupport_introspection_c.c\n'}
[0.365825] (semantic_msgs) StdoutLine: {'line': b'-- Up-to-date: /mnt/ssd/lsgloc_ws/install/semantic_msgs/local/lib/python3.10/dist-packages/semantic_msgs/__init__.py\n'}
[0.365852] (semantic_msgs) StdoutLine: {'line': b'-- Up-to-date: /mnt/ssd/lsgloc_ws/install/semantic_msgs/local/lib/python3.10/dist-packages/semantic_msgs/msg\n'}
[0.365911] (semantic_msgs) StdoutLine: {'line': b'-- Up-to-date: /mnt/ssd/lsgloc_ws/install/semantic_msgs/local/lib/python3.10/dist-packages/semantic_msgs/msg/__init__.py\n'}
[0.365936] (semantic_msgs) StdoutLine: {'line': b'-- Up-to-date: /mnt/ssd/lsgloc_ws/install/semantic_msgs/local/lib/python3.10/dist-packages/semantic_msgs/msg/_semantic_detection.py\n'}
[0.365960] (semantic_msgs) StdoutLine: {'line': b'-- Up-to-date: /mnt/ssd/lsgloc_ws/install/semantic_msgs/local/lib/python3.10/dist-packages/semantic_msgs/msg/_semantic_detection_s.c\n'}
[0.365983] (semantic_msgs) StdoutLine: {'line': b'-- Up-to-date: /mnt/ssd/lsgloc_ws/install/semantic_msgs/local/lib/python3.10/dist-packages/semantic_msgs/msg/_semantic_detection_array_s.c\n'}
[0.366007] (semantic_msgs) StdoutLine: {'line': b'-- Up-to-date: /mnt/ssd/lsgloc_ws/install/semantic_msgs/local/lib/python3.10/dist-packages/semantic_msgs/msg/_semantic_detection_array.py\n'}
[0.366030] (semantic_msgs) StdoutLine: {'line': b'-- Up-to-date: /mnt/ssd/lsgloc_ws/install/semantic_msgs/local/lib/python3.10/dist-packages/semantic_msgs/_semantic_msgs_s.ep.rosidl_typesupport_fastrtps_c.c\n'}
[0.366054] (semantic_msgs) StdoutLine: {'line': b'-- Up-to-date: /mnt/ssd/lsgloc_ws/install/semantic_msgs/local/lib/python3.10/dist-packages/semantic_msgs/_semantic_msgs_s.ep.rosidl_typesupport_c.c\n'}
[0.366078] (semantic_msgs) StdoutLine: {'line': b'-- Up-to-date: /mnt/ssd/lsgloc_ws/install/semantic_msgs/local/lib/python3.10/dist-packages/semantic_msgs/semantic_msgs_s__rosidl_typesupport_fastrtps_c.cpython-310-x86_64-linux-gnu.so\n'}
[0.366107] (semantic_msgs) StdoutLine: {'line': b'-- Up-to-date: /mnt/ssd/lsgloc_ws/install/semantic_msgs/local/lib/python3.10/dist-packages/semantic_msgs/semantic_msgs_s__rosidl_typesupport_introspection_c.cpython-310-x86_64-linux-gnu.so\n'}
[0.385962] (semantic_msgs) StdoutLine: {'line': b"Listing '/mnt/ssd/lsgloc_ws/install/semantic_msgs/local/lib/python3.10/dist-packages/semantic_msgs'...\n"}
[0.386038] (semantic_msgs) StdoutLine: {'line': b"Listing '/mnt/ssd/lsgloc_ws/install/semantic_msgs/local/lib/python3.10/dist-packages/semantic_msgs/msg'...\n"}
[0.388355] (semantic_msgs) StdoutLine: {'line': b'-- Up-to-date: /mnt/ssd/lsgloc_ws/install/semantic_msgs/local/lib/python3.10/dist-packages/semantic_msgs/semantic_msgs_s__rosidl_typesupport_fastrtps_c.cpython-310-x86_64-linux-gnu.so\n'}
[0.388593] (semantic_msgs) StdoutLine: {'line': b'-- Up-to-date: /mnt/ssd/lsgloc_ws/install/semantic_msgs/local/lib/python3.10/dist-packages/semantic_msgs/semantic_msgs_s__rosidl_typesupport_introspection_c.cpython-310-x86_64-linux-gnu.so\n'}
[0.388823] (semantic_msgs) StdoutLine: {'line': b'-- Up-to-date: /mnt/ssd/lsgloc_ws/install/semantic_msgs/local/lib/python3.10/dist-packages/semantic_msgs/semantic_msgs_s__rosidl_typesupport_c.cpython-310-x86_64-linux-gnu.so\n'}
[0.389076] (semantic_msgs) StdoutLine: {'line': b'-- Up-to-date: /mnt/ssd/lsgloc_ws/install/semantic_msgs/lib/libsemantic_msgs__rosidl_generator_py.so\n'}
[0.389232] (semantic_msgs) StdoutLine: {'line': b'-- Up-to-date: /mnt/ssd/lsgloc_ws/install/semantic_msgs/share/semantic_msgs/msg/SemanticDetection.idl\n'}
[0.389289] (semantic_msgs) StdoutLine: {'line': b'-- Up-to-date: /mnt/ssd/lsgloc_ws/install/semantic_msgs/share/semantic_msgs/msg/SemanticDetectionArray.idl\n'}
[0.389349] (semantic_msgs) StdoutLine: {'line': b'-- Up-to-date: /mnt/ssd/lsgloc_ws/install/semantic_msgs/share/semantic_msgs/msg/SemanticDetection.msg\n'}
[0.389385] (semantic_msgs) StdoutLine: {'line': b'-- Up-to-date: /mnt/ssd/lsgloc_ws/install/semantic_msgs/share/semantic_msgs/msg/SemanticDetectionArray.msg\n'}
[0.389448] (semantic_msgs) StdoutLine: {'line': b'-- Up-to-date: /mnt/ssd/lsgloc_ws/install/semantic_msgs/share/ament_index/resource_index/package_run_dependencies/semantic_msgs\n'}
[0.389489] (semantic_msgs) StdoutLine: {'line': b'-- Up-to-date: /mnt/ssd/lsgloc_ws/install/semantic_msgs/share/ament_index/resource_index/parent_prefix_path/semantic_msgs\n'}
[0.389523] (semantic_msgs) StdoutLine: {'line': b'-- Up-to-date: /mnt/ssd/lsgloc_ws/install/semantic_msgs/share/semantic_msgs/environment/ament_prefix_path.sh\n'}
[0.389555] (semantic_msgs) StdoutLine: {'line': b'-- Up-to-date: /mnt/ssd/lsgloc_ws/install/semantic_msgs/share/semantic_msgs/environment/ament_prefix_path.dsv\n'}
[0.389607] (semantic_msgs) StdoutLine: {'line': b'-- Up-to-date: /mnt/ssd/lsgloc_ws/install/semantic_msgs/share/semantic_msgs/environment/path.sh\n'}
[0.389647] (semantic_msgs) StdoutLine: {'line': b'-- Up-to-date: /mnt/ssd/lsgloc_ws/install/semantic_msgs/share/semantic_msgs/environment/path.dsv\n'}
[0.389678] (semantic_msgs) StdoutLine: {'line': b'-- Up-to-date: /mnt/ssd/lsgloc_ws/install/semantic_msgs/share/semantic_msgs/local_setup.bash\n'}
[0.389732] (semantic_msgs) StdoutLine: {'line': b'-- Up-to-date: /mnt/ssd/lsgloc_ws/install/semantic_msgs/share/semantic_msgs/local_setup.sh\n'}
[0.389774] (semantic_msgs) StdoutLine: {'line': b'-- Up-to-date: /mnt/ssd/lsgloc_ws/install/semantic_msgs/share/semantic_msgs/local_setup.zsh\n'}
[0.389805] (semantic_msgs) StdoutLine: {'line': b'-- Up-to-date: /mnt/ssd/lsgloc_ws/install/semantic_msgs/share/semantic_msgs/local_setup.dsv\n'}
[0.389834] (semantic_msgs) StdoutLine: {'line': b'-- Installing: /mnt/ssd/lsgloc_ws/install/semantic_msgs/share/semantic_msgs/package.dsv\n'}
[0.389904] (semantic_msgs) StdoutLine: {'line': b'-- Up-to-date: /mnt/ssd/lsgloc_ws/install/semantic_msgs/share/ament_index/resource_index/packages/semantic_msgs\n'}
[0.389973] (semantic_msgs) StdoutLine: {'line': b'-- Up-to-date: /mnt/ssd/lsgloc_ws/install/semantic_msgs/share/semantic_msgs/cmake/export_semantic_msgs__rosidl_generator_cExport.cmake\n'}
[0.390011] (semantic_msgs) StdoutLine: {'line': b'-- Up-to-date: /mnt/ssd/lsgloc_ws/install/semantic_msgs/share/semantic_msgs/cmake/export_semantic_msgs__rosidl_generator_cExport-noconfig.cmake\n'}
[0.390074] (semantic_msgs) StdoutLine: {'line': b'-- Up-to-date: /mnt/ssd/lsgloc_ws/install/semantic_msgs/share/semantic_msgs/cmake/export_semantic_msgs__rosidl_typesupport_fastrtps_cExport.cmake\n'}
[0.390120] (semantic_msgs) StdoutLine: {'line': b'-- Up-to-date: /mnt/ssd/lsgloc_ws/install/semantic_msgs/share/semantic_msgs/cmake/export_semantic_msgs__rosidl_typesupport_fastrtps_cExport-noconfig.cmake\n'}
[0.390168] (semantic_msgs) StdoutLine: {'line': b'-- Up-to-date: /mnt/ssd/lsgloc_ws/install/semantic_msgs/share/semantic_msgs/cmake/export_semantic_msgs__rosidl_generator_cppExport.cmake\n'}
[0.390225] (semantic_msgs) StdoutLine: {'line': b'-- Up-to-date: /mnt/ssd/lsgloc_ws/install/semantic_msgs/share/semantic_msgs/cmake/export_semantic_msgs__rosidl_typesupport_fastrtps_cppExport.cmake\n'}
[0.390270] (semantic_msgs) StdoutLine: {'line': b'-- Up-to-date: /mnt/ssd/lsgloc_ws/install/semantic_msgs/share/semantic_msgs/cmake/export_semantic_msgs__rosidl_typesupport_fastrtps_cppExport-noconfig.cmake\n'}
[0.390314] (semantic_msgs) StdoutLine: {'line': b'-- Up-to-date: /mnt/ssd/lsgloc_ws/install/semantic_msgs/share/semantic_msgs/cmake/semantic_msgs__rosidl_typesupport_introspection_cExport.cmake\n'}
[0.390358] (semantic_msgs) StdoutLine: {'line': b'-- Up-to-date: /mnt/ssd/lsgloc_ws/install/semantic_msgs/share/semantic_msgs/cmake/semantic_msgs__rosidl_typesupport_introspection_cExport-noconfig.cmake\n'}
[0.390410] (semantic_msgs) StdoutLine: {'line': b'-- Up-to-date: /mnt/ssd/lsgloc_ws/install/semantic_msgs/share/semantic_msgs/cmake/semantic_msgs__rosidl_typesupport_cExport.cmake\n'}
[0.390454] (semantic_msgs) StdoutLine: {'line': b'-- Up-to-date: /mnt/ssd/lsgloc_ws/install/semantic_msgs/share/semantic_msgs/cmake/semantic_msgs__rosidl_typesupport_cExport-noconfig.cmake\n'}
[0.390503] (semantic_msgs) StdoutLine: {'line': b'-- Up-to-date: /mnt/ssd/lsgloc_ws/install/semantic_msgs/share/semantic_msgs/cmake/semantic_msgs__rosidl_typesupport_introspection_cppExport.cmake\n'}
[0.390534] (semantic_msgs) StdoutLine: {'line': b'-- Up-to-date: /mnt/ssd/lsgloc_ws/install/semantic_msgs/share/semantic_msgs/cmake/semantic_msgs__rosidl_typesupport_introspection_cppExport-noconfig.cmake\n'}
[0.390583] (semantic_msgs) StdoutLine: {'line': b'-- Up-to-date: /mnt/ssd/lsgloc_ws/install/semantic_msgs/share/semantic_msgs/cmake/semantic_msgs__rosidl_typesupport_cppExport.cmake\n'}
[0.390614] (semantic_msgs) StdoutLine: {'line': b'-- Up-to-date: /mnt/ssd/lsgloc_ws/install/semantic_msgs/share/semantic_msgs/cmake/semantic_msgs__rosidl_typesupport_cppExport-noconfig.cmake\n'}
[0.390664] (semantic_msgs) StdoutLine: {'line': b'-- Up-to-date: /mnt/ssd/lsgloc_ws/install/semantic_msgs/share/semantic_msgs/cmake/export_semantic_msgs__rosidl_generator_pyExport.cmake\n'}
[0.390697] (semantic_msgs) StdoutLine: {'line': b'-- Up-to-date: /mnt/ssd/lsgloc_ws/install/semantic_msgs/share/semantic_msgs/cmake/export_semantic_msgs__rosidl_generator_pyExport-noconfig.cmake\n'}
[0.390751] (semantic_msgs) StdoutLine: {'line': b'-- Up-to-date: /mnt/ssd/lsgloc_ws/install/semantic_msgs/share/semantic_msgs/cmake/rosidl_cmake-extras.cmake\n'}
[0.390784] (semantic_msgs) StdoutLine: {'line': b'-- Up-to-date: /mnt/ssd/lsgloc_ws/install/semantic_msgs/share/semantic_msgs/cmake/ament_cmake_export_dependencies-extras.cmake\n'}
[0.390817] (semantic_msgs) StdoutLine: {'line': b'-- Up-to-date: /mnt/ssd/lsgloc_ws/install/semantic_msgs/share/semantic_msgs/cmake/ament_cmake_export_include_directories-extras.cmake\n'}
[0.390849] (semantic_msgs) StdoutLine: {'line': b'-- Up-to-date: /mnt/ssd/lsgloc_ws/install/semantic_msgs/share/semantic_msgs/cmake/ament_cmake_export_libraries-extras.cmake\n'}
[0.390914] (semantic_msgs) StdoutLine: {'line': b'-- Up-to-date: /mnt/ssd/lsgloc_ws/install/semantic_msgs/share/semantic_msgs/cmake/ament_cmake_export_targets-extras.cmake\n'}
[0.390950] (semantic_msgs) StdoutLine: {'line': b'-- Up-to-date: /mnt/ssd/lsgloc_ws/install/semantic_msgs/share/semantic_msgs/cmake/rosidl_cmake_export_typesupport_targets-extras.cmake\n'}
[0.390982] (semantic_msgs) StdoutLine: {'line': b'-- Up-to-date: /mnt/ssd/lsgloc_ws/install/semantic_msgs/share/semantic_msgs/cmake/rosidl_cmake_export_typesupport_libraries-extras.cmake\n'}
[0.391012] (semantic_msgs) StdoutLine: {'line': b'-- Up-to-date: /mnt/ssd/lsgloc_ws/install/semantic_msgs/share/semantic_msgs/cmake/semantic_msgsConfig.cmake\n'}
[0.391048] (semantic_msgs) StdoutLine: {'line': b'-- Up-to-date: /mnt/ssd/lsgloc_ws/install/semantic_msgs/share/semantic_msgs/cmake/semantic_msgsConfig-version.cmake\n'}
[0.391078] (semantic_msgs) StdoutLine: {'line': b'-- Up-to-date: /mnt/ssd/lsgloc_ws/install/semantic_msgs/share/semantic_msgs/package.xml\n'}
[0.392047] (semantic_msgs) CommandEnded: {'returncode': 0}
[0.400040] (-) TimerEvent: {}
[0.400827] (semantic_msgs) JobEnded: {'identifier': 'semantic_msgs', 'rc': 0}
[0.401419] (obj_detection) JobStarted: {'identifier': 'obj_detection'}
[0.404071] (semantic_mcl) JobStarted: {'identifier': 'semantic_mcl'}
[0.500137] (-) TimerEvent: {}
[0.600338] (-) TimerEvent: {}
[0.623628] (semantic_mcl) JobProgress: {'identifier': 'semantic_mcl', 'progress': 'cmake'}
[0.623980] (semantic_mcl) JobProgress: {'identifier': 'semantic_mcl', 'progress': 'build'}
[0.624249] (semantic_mcl) Command: {'cmd': ['/usr/bin/cmake', '--build', '/mnt/ssd/lsgloc_ws/build/semantic_mcl', '--', '-j16', '-l16'], 'cwd': '/mnt/ssd/lsgloc_ws/build/semantic_mcl', 'env': OrderedDict([('GJS_DEBUG_TOPICS', 'JS ERROR;JS LOG'), ('PYTHON_BASIC_REPL', '1'), ('LESSOPEN', '| /usr/bin/lesspipe %s'), ('LANGUAGE', 'en_SG:en'), ('USER', 'sensethreat'), ('XDG_SESSION_TYPE', 'x11'), ('GIT_ASKPASS', '/usr/share/code/resources/app/extensions/git/dist/askpass.sh'), ('SHLVL', '1'), ('LD_LIBRARY_PATH', '/mnt/ssd/lsgloc_ws/install/semantic_msgs/lib:/usr/local/cuda/lib64:/usr/lib/x86_64-linux-gnu/gazebo-11/plugins:/opt/ros/humble/opt/rviz_ogre_vendor/lib:/opt/ros/humble/lib/x86_64-linux-gnu:/opt/ros/humble/lib:/usr/local/cuda/lib64'), ('HOME', '/home/sensethreat'), ('CHROME_DESKTOP', 'code.desktop'), ('CONDA_SHLVL', '0'), ('TERM_PROGRAM_VERSION', '1.108.2'), ('DESKTOP_SESSION', 'ubuntu'), ('NVM_BIN', '/home/sensethreat/.nvm/versions/node/v20.20.1/bin'), ('NVM_INC', '/home/sensethreat/.nvm/versions/node/v20.20.1/include/node'), ('GIO_LAUNCHED_DESKTOP_FILE', '/usr/share/applications/code.desktop'), ('ROS_PYTHON_VERSION', '3'), ('GNOME_SHELL_SESSION_MODE', 'ubuntu'), ('GTK_MODULES', 'gail:atk-bridge'), ('VSCODE_GIT_ASKPASS_MAIN', '/usr/share/code/resources/app/extensions/git/dist/askpass-main.js'), ('VSCODE_GIT_ASKPASS_NODE', '/usr/share/code/code'), ('MANAGERPID', '4235'), ('PYDEVD_DISABLE_FILE_VALIDATION', '1'), ('SYSTEMD_EXEC_PID', '4526'), ('BUNDLED_DEBUGPY_PATH', '/home/sensethreat/.vscode/extensions/ms-python.debugpy-2025.18.0-linux-x64/bundled/libs/debugpy'), ('VSCODE_PYTHON_AUTOACTIVATE_GUARD', '1'), ('DBUS_SESSION_BUS_ADDRESS', 'unix:path=/run/user/1000/bus'), ('COLORTERM', 'truecolor'), ('_CE_M', ''), ('GIO_LAUNCHED_DESKTOP_FILE_PID', '1028265'), ('NVM_DIR', '/home/sensethreat/.nvm'), ('ROS_DISTRO', 'humble'), ('GTK_IM_MODULE', 'ibus'), ('LOGNAME', 'sensethreat'), ('JOURNAL_STREAM', '8:25865'), ('_', '/usr/bin/colcon'), ('ROS_VERSION', '2'), ('CLAUDE_CODE_SSE_PORT', '13764'), ('XDG_SESSION_CLASS', 'user'), ('GEMINI_CLI_IDE_WORKSPACE_PATH', '/mnt/ssd/lsgloc_ws'), ('USERNAME', 'sensethreat'), ('TERM', 'xterm-256color'), ('GNOME_DESKTOP_SESSION_ID', 'this-is-deprecated'), ('_CE_CONDA', ''), ('FC_FONTATIONS', '1'), ('ROS_LOCALHOST_ONLY', '0'), ('GEMINI_CLI_IDE_SERVER_PORT', '37267'), ('WINDOWPATH', '2'), ('PATH', '/usr/local/cuda/bin:/home/sensethreat/.config/Code/User/globalStorage/github.copilot-chat/debugCommand:/home/sensethreat/.config/Code/User/globalStorage/github.copilot-chat/copilotCli:/home/sensethreat/.local/bin:/home/sensethreat/.nvm/versions/node/v20.20.1/bin:/opt/ros/humble/bin:/home/sensethreat/anaconda3/condabin:/usr/local/cuda/bin:/home/sensethreat/.local/bin:/usr/local/sbin:/usr/local/bin:/usr/sbin:/usr/bin:/sbin:/bin:/usr/games:/usr/local/games:/snap/bin:/snap/bin:/home/sensethreat/.vscode/extensions/ms-python.debugpy-2025.18.0-linux-x64/bundled/scripts/noConfigScripts'), ('SESSION_MANAGER', 'local/gr00t-4090:@/tmp/.ICE-unix/4476,unix/gr00t-4090:/tmp/.ICE-unix/4476'), ('INVOCATION_ID', '2f188857ecf04eb188026dc287baa7cc'), ('XDG_MENU_PREFIX', 'gnome-'), ('XDG_RUNTIME_DIR', '/run/user/1000'), ('GDK_BACKEND', 'x11'), ('DISPLAY', ':1'), ('VSCODE_DEBUGPY_ADAPTER_ENDPOINTS', '/home/sensethreat/.vscode/extensions/ms-python.debugpy-2025.18.0-linux-x64/.noConfigDebugAdapterEndpoints/endpoint-9686078bbb06aef1.txt'), ('LANG', 'en_US.UTF-8'), ('XDG_CURRENT_DESKTOP', 'ubuntu:GNOME'), ('PYTHONSTARTUP', '/home/sensethreat/.config/Code/User/workspaceStorage/a1ba31dbdeff2a34003cc17b1390a45e/ms-python.python/pythonrc.py'), ('XMODIFIERS', '@im=ibus'), ('XDG_SESSION_DESKTOP', 'ubuntu'), ('XAUTHORITY', '/run/user/1000/gdm/Xauthority'), ('LS_COLORS', 'rs=0:di=01;34:ln=01;36:mh=00:pi=40;33:so=01;35:do=01;35:bd=40;33;01:cd=40;33;01:or=40;31;01:mi=00:su=37;41:sg=30;43:ca=30;41:tw=30;42:ow=34;42:st=37;44:ex=01;32:*.tar=01;31:*.tgz=01;31:*.arc=01;31:*.arj=01;31:*.taz=01;31:*.lha=01;31:*.lz4=01;31:*.lzh=01;31:*.lzma=01;31:*.tlz=01;31:*.txz=01;31:*.tzo=01;31:*.t7z=01;31:*.zip=01;31:*.z=01;31:*.dz=01;31:*.gz=01;31:*.lrz=01;31:*.lz=01;31:*.lzo=01;31:*.xz=01;31:*.zst=01;31:*.tzst=01;31:*.bz2=01;31:*.bz=01;31:*.tbz=01;31:*.tbz2=01;31:*.tz=01;31:*.deb=01;31:*.rpm=01;31:*.jar=01;31:*.war=01;31:*.ear=01;31:*.sar=01;31:*.rar=01;31:*.alz=01;31:*.ace=01;31:*.zoo=01;31:*.cpio=01;31:*.7z=01;31:*.rz=01;31:*.cab=01;31:*.wim=01;31:*.swm=01;31:*.dwm=01;31:*.esd=01;31:*.jpg=01;35:*.jpeg=01;35:*.mjpg=01;35:*.mjpeg=01;35:*.gif=01;35:*.bmp=01;35:*.pbm=01;35:*.pgm=01;35:*.ppm=01;35:*.tga=01;35:*.xbm=01;35:*.xpm=01;35:*.tif=01;35:*.tiff=01;35:*.png=01;35:*.svg=01;35:*.svgz=01;35:*.mng=01;35:*.pcx=01;35:*.mov=01;35:*.mpg=01;35:*.mpeg=01;35:*.m2v=01;35:*.mkv=01;35:*.webm=01;35:*.webp=01;35:*.ogm=01;35:*.mp4=01;35:*.m4v=01;35:*.mp4v=01;35:*.vob=01;35:*.qt=01;35:*.nuv=01;35:*.wmv=01;35:*.asf=01;35:*.rm=01;35:*.rmvb=01;35:*.flc=01;35:*.avi=01;35:*.fli=01;35:*.flv=01;35:*.gl=01;35:*.dl=01;35:*.xcf=01;35:*.xwd=01;35:*.yuv=01;35:*.cgm=01;35:*.emf=01;35:*.ogv=01;35:*.ogx=01;35:*.aac=00;36:*.au=00;36:*.flac=00;36:*.m4a=00;36:*.mid=00;36:*.midi=00;36:*.mka=00;36:*.mp3=00;36:*.mpc=00;36:*.ogg=00;36:*.ra=00;36:*.wav=00;36:*.oga=00;36:*.opus=00;36:*.spx=00;36:*.xspf=00;36:'), ('VSCODE_GIT_IPC_HANDLE', '/run/user/1000/vscode-git-e747b80a0c.sock'), ('TERM_PROGRAM', 'vscode'), ('SSH_AGENT_LAUNCHER', 'gnome-keyring'), ('SSH_AUTH_SOCK', '/run/user/1000/keyring/ssh'), ('ROS_DOMAIN_ID', '42'), ('AMENT_PREFIX_PATH', '/mnt/ssd/lsgloc_ws/install/semantic_msgs:/opt/ros/humble'), ('CONDA_PYTHON_EXE', '/home/sensethreat/anaconda3/bin/python'), ('SHELL', '/bin/bash'), ('QT_ACCESSIBILITY', '1'), ('GDMSESSION', 'ubuntu'), ('LESSCLOSE', '/usr/bin/lesspipe %s %s'), ('GPG_AGENT_INFO', '/run/user/1000/gnupg/S.gpg-agent:0:1'), ('GJS_DEBUG_OUTPUT', 'stderr'), ('VSCODE_GIT_ASKPASS_EXTRA_ARGS', ''), ('QT_IM_MODULE', 'ibus'), ('GEMINI_CLI_IDE_AUTH_TOKEN', '293643a9-4199-4c08-b153-80acc4f9fef3'), ('PWD', '/mnt/ssd/lsgloc_ws/build/semantic_mcl'), ('TURTLEBOT3_MODEL', 'waffle'), ('LC_ALL', 'en_US.UTF-8'), ('XDG_CONFIG_DIRS', '/etc/xdg/xdg-ubuntu:/etc/xdg'), ('CONDA_EXE', '/home/sensethreat/anaconda3/bin/conda'), ('NVM_CD_FLAGS', ''), ('XDG_DATA_DIRS', '/usr/share/ubuntu:/usr/share/gnome:/usr/local/share/:/usr/share/:/var/lib/snapd/desktop'), ('LDS_MODEL', 'LDS-01'), ('PYTHONPATH', '/mnt/ssd/lsgloc_ws/install/semantic_msgs/local/lib/python3.10/dist-packages:/opt/ros/humble/lib/python3.10/site-packages:/opt/ros/humble/local/lib/python3.10/dist-packages'), ('COLCON', '1'), ('CMAKE_PREFIX_PATH', '/mnt/ssd/lsgloc_ws/install/semantic_msgs:/opt/ros/humble')]), 'shell': False}
[0.643716] (test_semantic_mcl) Command: {'cmd': ['/usr/bin/python3', '-W', 'ignore:setup.py install is deprecated', '-W', 'ignore:easy_install command is deprecated', 'setup.py', 'egg_info', '--egg-base', '../../build/test_semantic_mcl', 'build', '--build-base', '/mnt/ssd/lsgloc_ws/build/test_semantic_mcl/build', 'install', '--record', '/mnt/ssd/lsgloc_ws/build/test_semantic_mcl/install.log', '--single-version-externally-managed', 'install_data'], 'cwd': '/mnt/ssd/lsgloc_ws/src/test_semantic_mcl', 'env': {'GJS_DEBUG_TOPICS': 'JS ERROR;JS LOG', 'PYTHON_BASIC_REPL': '1', 'LESSOPEN': '| /usr/bin/lesspipe %s', 'LANGUAGE': 'en_SG:en', 'USER': 'sensethreat', 'XDG_SESSION_TYPE': 'x11', 'GIT_ASKPASS': '/usr/share/code/resources/app/extensions/git/dist/askpass.sh', 'SHLVL': '1', 'LD_LIBRARY_PATH': '/usr/local/cuda/lib64:/usr/lib/x86_64-linux-gnu/gazebo-11/plugins:/opt/ros/humble/opt/rviz_ogre_vendor/lib:/opt/ros/humble/lib/x86_64-linux-gnu:/opt/ros/humble/lib:/usr/local/cuda/lib64:', 'HOME': '/home/sensethreat', 'CHROME_DESKTOP': 'code.desktop', 'CONDA_SHLVL': '0', 'TERM_PROGRAM_VERSION': '1.108.2', 'DESKTOP_SESSION': 'ubuntu', 'NVM_BIN': '/home/sensethreat/.nvm/versions/node/v20.20.1/bin', 'NVM_INC': '/home/sensethreat/.nvm/versions/node/v20.20.1/include/node', 'GIO_LAUNCHED_DESKTOP_FILE': '/usr/share/applications/code.desktop', 'ROS_PYTHON_VERSION': '3', 'GNOME_SHELL_SESSION_MODE': 'ubuntu', 'GTK_MODULES': 'gail:atk-bridge', 'VSCODE_GIT_ASKPASS_MAIN': '/usr/share/code/resources/app/extensions/git/dist/askpass-main.js', 'VSCODE_GIT_ASKPASS_NODE': '/usr/share/code/code', 'MANAGERPID': '4235', 'PYDEVD_DISABLE_FILE_VALIDATION': '1', 'SYSTEMD_EXEC_PID': '4526', 'BUNDLED_DEBUGPY_PATH': '/home/sensethreat/.vscode/extensions/ms-python.debugpy-2025.18.0-linux-x64/bundled/libs/debugpy', 'VSCODE_PYTHON_AUTOACTIVATE_GUARD': '1', 'DBUS_SESSION_BUS_ADDRESS': 'unix:path=/run/user/1000/bus', 'COLORTERM': 'truecolor', '_CE_M': '', 'GIO_LAUNCHED_DESKTOP_FILE_PID': '1028265', 'NVM_DIR': '/home/sensethreat/.nvm', 'ROS_DISTRO': 'humble', 'GTK_IM_MODULE': 'ibus', 'LOGNAME': 'sensethreat', 'JOURNAL_STREAM': '8:25865', '_': '/usr/bin/colcon', 'ROS_VERSION': '2', 'CLAUDE_CODE_SSE_PORT': '13764', 'XDG_SESSION_CLASS': 'user', 'GEMINI_CLI_IDE_WORKSPACE_PATH': '/mnt/ssd/lsgloc_ws', 'USERNAME': 'sensethreat', 'TERM': 'xterm-256color', 'GNOME_DESKTOP_SESSION_ID': 'this-is-deprecated', '_CE_CONDA': '', 'FC_FONTATIONS': '1', 'ROS_LOCALHOST_ONLY': '0', 'GEMINI_CLI_IDE_SERVER_PORT': '37267', 'WINDOWPATH': '2', 'PATH': '/usr/local/cuda/bin:/home/sensethreat/.config/Code/User/globalStorage/github.copilot-chat/debugCommand:/home/sensethreat/.config/Code/User/globalStorage/github.copilot-chat/copilotCli:/home/sensethreat/.local/bin:/home/sensethreat/.nvm/versions/node/v20.20.1/bin:/opt/ros/humble/bin:/home/sensethreat/anaconda3/condabin:/usr/local/cuda/bin:/home/sensethreat/.local/bin:/usr/local/sbin:/usr/local/bin:/usr/sbin:/usr/bin:/sbin:/bin:/usr/games:/usr/local/games:/snap/bin:/snap/bin:/home/sensethreat/.vscode/extensions/ms-python.debugpy-2025.18.0-linux-x64/bundled/scripts/noConfigScripts', 'SESSION_MANAGER': 'local/gr00t-4090:@/tmp/.ICE-unix/4476,unix/gr00t-4090:/tmp/.ICE-unix/4476', 'INVOCATION_ID': '2f188857ecf04eb188026dc287baa7cc', 'XDG_MENU_PREFIX': 'gnome-', 'XDG_RUNTIME_DIR': '/run/user/1000', 'GDK_BACKEND': 'x11', 'DISPLAY': ':1', 'VSCODE_DEBUGPY_ADAPTER_ENDPOINTS': '/home/sensethreat/.vscode/extensions/ms-python.debugpy-2025.18.0-linux-x64/.noConfigDebugAdapterEndpoints/endpoint-9686078bbb06aef1.txt', 'LANG': 'en_US.UTF-8', 'XDG_CURRENT_DESKTOP': 'ubuntu:GNOME', 'PYTHONSTARTUP': '/home/sensethreat/.config/Code/User/workspaceStorage/a1ba31dbdeff2a34003cc17b1390a45e/ms-python.python/pythonrc.py', 'XMODIFIERS': '@im=ibus', 'XDG_SESSION_DESKTOP': 'ubuntu', 'XAUTHORITY': '/run/user/1000/gdm/Xauthority', 'LS_COLORS': 'rs=0:di=01;34:ln=01;36:mh=00:pi=40;33:so=01;35:do=01;35:bd=40;33;01:cd=40;33;01:or=40;31;01:mi=00:su=37;41:sg=30;43:ca=30;41:tw=30;42:ow=34;42:st=37;44:ex=01;32:*.tar=01;31:*.tgz=01;31:*.arc=01;31:*.arj=01;31:*.taz=01;31:*.lha=01;31:*.lz4=01;31:*.lzh=01;31:*.lzma=01;31:*.tlz=01;31:*.txz=01;31:*.tzo=01;31:*.t7z=01;31:*.zip=01;31:*.z=01;31:*.dz=01;31:*.gz=01;31:*.lrz=01;31:*.lz=01;31:*.lzo=01;31:*.xz=01;31:*.zst=01;31:*.tzst=01;31:*.bz2=01;31:*.bz=01;31:*.tbz=01;31:*.tbz2=01;31:*.tz=01;31:*.deb=01;31:*.rpm=01;31:*.jar=01;31:*.war=01;31:*.ear=01;31:*.sar=01;31:*.rar=01;31:*.alz=01;31:*.ace=01;31:*.zoo=01;31:*.cpio=01;31:*.7z=01;31:*.rz=01;31:*.cab=01;31:*.wim=01;31:*.swm=01;31:*.dwm=01;31:*.esd=01;31:*.jpg=01;35:*.jpeg=01;35:*.mjpg=01;35:*.mjpeg=01;35:*.gif=01;35:*.bmp=01;35:*.pbm=01;35:*.pgm=01;35:*.ppm=01;35:*.tga=01;35:*.xbm=01;35:*.xpm=01;35:*.tif=01;35:*.tiff=01;35:*.png=01;35:*.svg=01;35:*.svgz=01;35:*.mng=01;35:*.pcx=01;35:*.mov=01;35:*.mpg=01;35:*.mpeg=01;35:*.m2v=01;35:*.mkv=01;35:*.webm=01;35:*.webp=01;35:*.ogm=01;35:*.mp4=01;35:*.m4v=01;35:*.mp4v=01;35:*.vob=01;35:*.qt=01;35:*.nuv=01;35:*.wmv=01;35:*.asf=01;35:*.rm=01;35:*.rmvb=01;35:*.flc=01;35:*.avi=01;35:*.fli=01;35:*.flv=01;35:*.gl=01;35:*.dl=01;35:*.xcf=01;35:*.xwd=01;35:*.yuv=01;35:*.cgm=01;35:*.emf=01;35:*.ogv=01;35:*.ogx=01;35:*.aac=00;36:*.au=00;36:*.flac=00;36:*.m4a=00;36:*.mid=00;36:*.midi=00;36:*.mka=00;36:*.mp3=00;36:*.mpc=00;36:*.ogg=00;36:*.ra=00;36:*.wav=00;36:*.oga=00;36:*.opus=00;36:*.spx=00;36:*.xspf=00;36:', 'VSCODE_GIT_IPC_HANDLE': '/run/user/1000/vscode-git-e747b80a0c.sock', 'TERM_PROGRAM': 'vscode', 'SSH_AGENT_LAUNCHER': 'gnome-keyring', 'SSH_AUTH_SOCK': '/run/user/1000/keyring/ssh', 'ROS_DOMAIN_ID': '42', 'AMENT_PREFIX_PATH': '/opt/ros/humble', 'CONDA_PYTHON_EXE': '/home/sensethreat/anaconda3/bin/python', 'SHELL': '/bin/bash', 'QT_ACCESSIBILITY': '1', 'GDMSESSION': 'ubuntu', 'LESSCLOSE': '/usr/bin/lesspipe %s %s', 'GPG_AGENT_INFO': '/run/user/1000/gnupg/S.gpg-agent:0:1', 'GJS_DEBUG_OUTPUT': 'stderr', 'VSCODE_GIT_ASKPASS_EXTRA_ARGS': '', 'QT_IM_MODULE': 'ibus', 'GEMINI_CLI_IDE_AUTH_TOKEN': '293643a9-4199-4c08-b153-80acc4f9fef3', 'PWD': '/mnt/ssd/lsgloc_ws/build/test_semantic_mcl', 'TURTLEBOT3_MODEL': 'waffle', 'LC_ALL': 'en_US.UTF-8', 'XDG_CONFIG_DIRS': '/etc/xdg/xdg-ubuntu:/etc/xdg', 'CONDA_EXE': '/home/sensethreat/anaconda3/bin/conda', 'NVM_CD_FLAGS': '', 'XDG_DATA_DIRS': '/usr/share/ubuntu:/usr/share/gnome:/usr/local/share/:/usr/share/:/var/lib/snapd/desktop', 'LDS_MODEL': 'LDS-01', 'PYTHONPATH': '/mnt/ssd/lsgloc_ws/build/test_semantic_mcl/prefix_override:/usr/lib/python3/dist-packages/colcon_core/task/python/colcon_distutils_commands:/mnt/ssd/lsgloc_ws/install/test_semantic_mcl/lib/python3.10/site-packages:/opt/ros/humble/lib/python3.10/site-packages:/opt/ros/humble/local/lib/python3.10/dist-packages', 'COLCON': '1'}, 'shell': False}
[0.659052] (semantic_mcl) StdoutLine: {'line': b'[ 15%] Built target gtest_main\n'}
[0.659408] (semantic_mcl) StdoutLine: {'line': b'[ 53%] Built target semantic_mcl_core\n'}
[0.659653] (semantic_mcl) StdoutLine: {'line': b'[ 69%] Built target gtest\n'}
[0.673067] (semantic_mcl) StdoutLine: {'line': b'[ 84%] Built target test_semantic_mcl\n'}
[0.676766] (semantic_mcl) StdoutLine: {'line': b'[100%] Built target semantic_mcl_node_exec\n'}
[0.683982] (semantic_mcl) CommandEnded: {'returncode': 0}
[0.684392] (semantic_mcl) JobProgress: {'identifier': 'semantic_mcl', 'progress': 'install'}
[0.684610] (semantic_mcl) Command: {'cmd': ['/usr/bin/cmake', '--install', '/mnt/ssd/lsgloc_ws/build/semantic_mcl'], 'cwd': '/mnt/ssd/lsgloc_ws/build/semantic_mcl', 'env': OrderedDict([('GJS_DEBUG_TOPICS', 'JS ERROR;JS LOG'), ('PYTHON_BASIC_REPL', '1'), ('LESSOPEN', '| /usr/bin/lesspipe %s'), ('LANGUAGE', 'en_SG:en'), ('USER', 'sensethreat'), ('XDG_SESSION_TYPE', 'x11'), ('GIT_ASKPASS', '/usr/share/code/resources/app/extensions/git/dist/askpass.sh'), ('SHLVL', '1'), ('LD_LIBRARY_PATH', '/mnt/ssd/lsgloc_ws/install/semantic_msgs/lib:/usr/local/cuda/lib64:/usr/lib/x86_64-linux-gnu/gazebo-11/plugins:/opt/ros/humble/opt/rviz_ogre_vendor/lib:/opt/ros/humble/lib/x86_64-linux-gnu:/opt/ros/humble/lib:/usr/local/cuda/lib64'), ('HOME', '/home/sensethreat'), ('CHROME_DESKTOP', 'code.desktop'), ('CONDA_SHLVL', '0'), ('TERM_PROGRAM_VERSION', '1.108.2'), ('DESKTOP_SESSION', 'ubuntu'), ('NVM_BIN', '/home/sensethreat/.nvm/versions/node/v20.20.1/bin'), ('NVM_INC', '/home/sensethreat/.nvm/versions/node/v20.20.1/include/node'), ('GIO_LAUNCHED_DESKTOP_FILE', '/usr/share/applications/code.desktop'), ('ROS_PYTHON_VERSION', '3'), ('GNOME_SHELL_SESSION_MODE', 'ubuntu'), ('GTK_MODULES', 'gail:atk-bridge'), ('VSCODE_GIT_ASKPASS_MAIN', '/usr/share/code/resources/app/extensions/git/dist/askpass-main.js'), ('VSCODE_GIT_ASKPASS_NODE', '/usr/share/code/code'), ('MANAGERPID', '4235'), ('PYDEVD_DISABLE_FILE_VALIDATION', '1'), ('SYSTEMD_EXEC_PID', '4526'), ('BUNDLED_DEBUGPY_PATH', '/home/sensethreat/.vscode/extensions/ms-python.debugpy-2025.18.0-linux-x64/bundled/libs/debugpy'), ('VSCODE_PYTHON_AUTOACTIVATE_GUARD', '1'), ('DBUS_SESSION_BUS_ADDRESS', 'unix:path=/run/user/1000/bus'), ('COLORTERM', 'truecolor'), ('_CE_M', ''), ('GIO_LAUNCHED_DESKTOP_FILE_PID', '1028265'), ('NVM_DIR', '/home/sensethreat/.nvm'), ('ROS_DISTRO', 'humble'), ('GTK_IM_MODULE', 'ibus'), ('LOGNAME', 'sensethreat'), ('JOURNAL_STREAM', '8:25865'), ('_', '/usr/bin/colcon'), ('ROS_VERSION', '2'), ('CLAUDE_CODE_SSE_PORT', '13764'), ('XDG_SESSION_CLASS', 'user'), ('GEMINI_CLI_IDE_WORKSPACE_PATH', '/mnt/ssd/lsgloc_ws'), ('USERNAME', 'sensethreat'), ('TERM', 'xterm-256color'), ('GNOME_DESKTOP_SESSION_ID', 'this-is-deprecated'), ('_CE_CONDA', ''), ('FC_FONTATIONS', '1'), ('ROS_LOCALHOST_ONLY', '0'), ('GEMINI_CLI_IDE_SERVER_PORT', '37267'), ('WINDOWPATH', '2'), ('PATH', '/usr/local/cuda/bin:/home/sensethreat/.config/Code/User/globalStorage/github.copilot-chat/debugCommand:/home/sensethreat/.config/Code/User/globalStorage/github.copilot-chat/copilotCli:/home/sensethreat/.local/bin:/home/sensethreat/.nvm/versions/node/v20.20.1/bin:/opt/ros/humble/bin:/home/sensethreat/anaconda3/condabin:/usr/local/cuda/bin:/home/sensethreat/.local/bin:/usr/local/sbin:/usr/local/bin:/usr/sbin:/usr/bin:/sbin:/bin:/usr/games:/usr/local/games:/snap/bin:/snap/bin:/home/sensethreat/.vscode/extensions/ms-python.debugpy-2025.18.0-linux-x64/bundled/scripts/noConfigScripts'), ('SESSION_MANAGER', 'local/gr00t-4090:@/tmp/.ICE-unix/4476,unix/gr00t-4090:/tmp/.ICE-unix/4476'), ('INVOCATION_ID', '2f188857ecf04eb188026dc287baa7cc'), ('XDG_MENU_PREFIX', 'gnome-'), ('XDG_RUNTIME_DIR', '/run/user/1000'), ('GDK_BACKEND', 'x11'), ('DISPLAY', ':1'), ('VSCODE_DEBUGPY_ADAPTER_ENDPOINTS', '/home/sensethreat/.vscode/extensions/ms-python.debugpy-2025.18.0-linux-x64/.noConfigDebugAdapterEndpoints/endpoint-9686078bbb06aef1.txt'), ('LANG', 'en_US.UTF-8'), ('XDG_CURRENT_DESKTOP', 'ubuntu:GNOME'), ('PYTHONSTARTUP', '/home/sensethreat/.config/Code/User/workspaceStorage/a1ba31dbdeff2a34003cc17b1390a45e/ms-python.python/pythonrc.py'), ('XMODIFIERS', '@im=ibus'), ('XDG_SESSION_DESKTOP', 'ubuntu'), ('XAUTHORITY', '/run/user/1000/gdm/Xauthority'), ('LS_COLORS', 'rs=0:di=01;34:ln=01;36:mh=00:pi=40;33:so=01;35:do=01;35:bd=40;33;01:cd=40;33;01:or=40;31;01:mi=00:su=37;41:sg=30;43:ca=30;41:tw=30;42:ow=34;42:st=37;44:ex=01;32:*.tar=01;31:*.tgz=01;31:*.arc=01;31:*.arj=01;31:*.taz=01;31:*.lha=01;31:*.lz4=01;31:*.lzh=01;31:*.lzma=01;31:*.tlz=01;31:*.txz=01;31:*.tzo=01;31:*.t7z=01;31:*.zip=01;31:*.z=01;31:*.dz=01;31:*.gz=01;31:*.lrz=01;31:*.lz=01;31:*.lzo=01;31:*.xz=01;31:*.zst=01;31:*.tzst=01;31:*.bz2=01;31:*.bz=01;31:*.tbz=01;31:*.tbz2=01;31:*.tz=01;31:*.deb=01;31:*.rpm=01;31:*.jar=01;31:*.war=01;31:*.ear=01;31:*.sar=01;31:*.rar=01;31:*.alz=01;31:*.ace=01;31:*.zoo=01;31:*.cpio=01;31:*.7z=01;31:*.rz=01;31:*.cab=01;31:*.wim=01;31:*.swm=01;31:*.dwm=01;31:*.esd=01;31:*.jpg=01;35:*.jpeg=01;35:*.mjpg=01;35:*.mjpeg=01;35:*.gif=01;35:*.bmp=01;35:*.pbm=01;35:*.pgm=01;35:*.ppm=01;35:*.tga=01;35:*.xbm=01;35:*.xpm=01;35:*.tif=01;35:*.tiff=01;35:*.png=01;35:*.svg=01;35:*.svgz=01;35:*.mng=01;35:*.pcx=01;35:*.mov=01;35:*.mpg=01;35:*.mpeg=01;35:*.m2v=01;35:*.mkv=01;35:*.webm=01;35:*.webp=01;35:*.ogm=01;35:*.mp4=01;35:*.m4v=01;35:*.mp4v=01;35:*.vob=01;35:*.qt=01;35:*.nuv=01;35:*.wmv=01;35:*.asf=01;35:*.rm=01;35:*.rmvb=01;35:*.flc=01;35:*.avi=01;35:*.fli=01;35:*.flv=01;35:*.gl=01;35:*.dl=01;35:*.xcf=01;35:*.xwd=01;35:*.yuv=01;35:*.cgm=01;35:*.emf=01;35:*.ogv=01;35:*.ogx=01;35:*.aac=00;36:*.au=00;36:*.flac=00;36:*.m4a=00;36:*.mid=00;36:*.midi=00;36:*.mka=00;36:*.mp3=00;36:*.mpc=00;36:*.ogg=00;36:*.ra=00;36:*.wav=00;36:*.oga=00;36:*.opus=00;36:*.spx=00;36:*.xspf=00;36:'), ('VSCODE_GIT_IPC_HANDLE', '/run/user/1000/vscode-git-e747b80a0c.sock'), ('TERM_PROGRAM', 'vscode'), ('SSH_AGENT_LAUNCHER', 'gnome-keyring'), ('SSH_AUTH_SOCK', '/run/user/1000/keyring/ssh'), ('ROS_DOMAIN_ID', '42'), ('AMENT_PREFIX_PATH', '/mnt/ssd/lsgloc_ws/install/semantic_msgs:/opt/ros/humble'), ('CONDA_PYTHON_EXE', '/home/sensethreat/anaconda3/bin/python'), ('SHELL', '/bin/bash'), ('QT_ACCESSIBILITY', '1'), ('GDMSESSION', 'ubuntu'), ('LESSCLOSE', '/usr/bin/lesspipe %s %s'), ('GPG_AGENT_INFO', '/run/user/1000/gnupg/S.gpg-agent:0:1'), ('GJS_DEBUG_OUTPUT', 'stderr'), ('VSCODE_GIT_ASKPASS_EXTRA_ARGS', ''), ('QT_IM_MODULE', 'ibus'), ('GEMINI_CLI_IDE_AUTH_TOKEN', '293643a9-4199-4c08-b153-80acc4f9fef3'), ('PWD', '/mnt/ssd/lsgloc_ws/build/semantic_mcl'), ('TURTLEBOT3_MODEL', 'waffle'), ('LC_ALL', 'en_US.UTF-8'), ('XDG_CONFIG_DIRS', '/etc/xdg/xdg-ubuntu:/etc/xdg'), ('CONDA_EXE', '/home/sensethreat/anaconda3/bin/conda'), ('NVM_CD_FLAGS', ''), ('XDG_DATA_DIRS', '/usr/share/ubuntu:/usr/share/gnome:/usr/local/share/:/usr/share/:/var/lib/snapd/desktop'), ('LDS_MODEL', 'LDS-01'), ('PYTHONPATH', '/mnt/ssd/lsgloc_ws/install/semantic_msgs/local/lib/python3.10/dist-packages:/opt/ros/humble/lib/python3.10/site-packages:/opt/ros/humble/local/lib/python3.10/dist-packages'), ('COLCON', '1'), ('CMAKE_PREFIX_PATH', '/mnt/ssd/lsgloc_ws/install/semantic_msgs:/opt/ros/humble')]), 'shell': False}
[0.689942] (semantic_mcl) StdoutLine: {'line': b'-- Install configuration: ""\n'}
[0.690077] (semantic_mcl) StdoutLine: {'line': b'-- Up-to-date: /mnt/ssd/lsgloc_ws/install/semantic_mcl/lib/semantic_mcl/semantic_mcl_node_exec\n'}
[0.690181] (semantic_mcl) StdoutLine: {'line': b'-- Up-to-date: /mnt/ssd/lsgloc_ws/install/semantic_mcl/share/semantic_mcl/config\n'}
[0.690239] (semantic_mcl) StdoutLine: {'line': b'-- Up-to-date: /mnt/ssd/lsgloc_ws/install/semantic_mcl/share/semantic_mcl/config/semantic_mcl_params.yaml\n'}
[0.690276] (semantic_mcl) StdoutLine: {'line': b'-- Up-to-date: /mnt/ssd/lsgloc_ws/install/semantic_mcl/share/ament_index/resource_index/package_run_dependencies/semantic_mcl\n'}
[0.690305] (semantic_mcl) StdoutLine: {'line': b'-- Up-to-date: /mnt/ssd/lsgloc_ws/install/semantic_mcl/share/ament_index/resource_index/parent_prefix_path/semantic_mcl\n'}
[0.690346] (semantic_mcl) StdoutLine: {'line': b'-- Up-to-date: /mnt/ssd/lsgloc_ws/install/semantic_mcl/share/semantic_mcl/environment/ament_prefix_path.sh\n'}
[0.690399] (semantic_mcl) StdoutLine: {'line': b'-- Up-to-date: /mnt/ssd/lsgloc_ws/install/semantic_mcl/share/semantic_mcl/environment/ament_prefix_path.dsv\n'}
[0.690446] (semantic_mcl) StdoutLine: {'line': b'-- Up-to-date: /mnt/ssd/lsgloc_ws/install/semantic_mcl/share/semantic_mcl/environment/path.sh\n'}
[0.690486] (semantic_mcl) StdoutLine: {'line': b'-- Up-to-date: /mnt/ssd/lsgloc_ws/install/semantic_mcl/share/semantic_mcl/environment/path.dsv\n'}
[0.690519] (semantic_mcl) StdoutLine: {'line': b'-- Up-to-date: /mnt/ssd/lsgloc_ws/install/semantic_mcl/share/semantic_mcl/local_setup.bash\n'}
[0.690551] (semantic_mcl) StdoutLine: {'line': b'-- Up-to-date: /mnt/ssd/lsgloc_ws/install/semantic_mcl/share/semantic_mcl/local_setup.sh\n'}
[0.690584] (semantic_mcl) StdoutLine: {'line': b'-- Up-to-date: /mnt/ssd/lsgloc_ws/install/semantic_mcl/share/semantic_mcl/local_setup.zsh\n'}
[0.690616] (semantic_mcl) StdoutLine: {'line': b'-- Up-to-date: /mnt/ssd/lsgloc_ws/install/semantic_mcl/share/semantic_mcl/local_setup.dsv\n'}
[0.690672] (semantic_mcl) StdoutLine: {'line': b'-- Installing: /mnt/ssd/lsgloc_ws/install/semantic_mcl/share/semantic_mcl/package.dsv\n'}
[0.690702] (semantic_mcl) StdoutLine: {'line': b'-- Up-to-date: /mnt/ssd/lsgloc_ws/install/semantic_mcl/share/ament_index/resource_index/packages/semantic_mcl\n'}
[0.690732] (semantic_mcl) StdoutLine: {'line': b'-- Up-to-date: /mnt/ssd/lsgloc_ws/install/semantic_mcl/share/semantic_mcl/cmake/semantic_mclConfig.cmake\n'}
[0.690761] (semantic_mcl) StdoutLine: {'line': b'-- Up-to-date: /mnt/ssd/lsgloc_ws/install/semantic_mcl/share/semantic_mcl/cmake/semantic_mclConfig-version.cmake\n'}
[0.690790] (semantic_mcl) StdoutLine: {'line': b'-- Up-to-date: /mnt/ssd/lsgloc_ws/install/semantic_mcl/share/semantic_mcl/package.xml\n'}
[0.691682] (semantic_mcl) CommandEnded: {'returncode': 0}
[0.698255] (semantic_mcl) JobEnded: {'identifier': 'semantic_mcl', 'rc': 0}
[0.700396] (-) TimerEvent: {}
[0.800537] (-) TimerEvent: {}
[0.872128] (test_semantic_mcl) StdoutLine: {'line': b'running egg_info\n'}
[0.880791] (test_semantic_mcl) StdoutLine: {'line': b'writing ../../build/test_semantic_mcl/test_semantic_mcl.egg-info/PKG-INFO\n'}
[0.880939] (test_semantic_mcl) StdoutLine: {'line': b'writing dependency_links to ../../build/test_semantic_mcl/test_semantic_mcl.egg-info/dependency_links.txt\n'}
[0.881115] (test_semantic_mcl) StdoutLine: {'line': b'writing entry points to ../../build/test_semantic_mcl/test_semantic_mcl.egg-info/entry_points.txt\n'}
[0.881246] (test_semantic_mcl) StdoutLine: {'line': b'writing requirements to ../../build/test_semantic_mcl/test_semantic_mcl.egg-info/requires.txt\n'}
[0.881302] (test_semantic_mcl) StdoutLine: {'line': b'writing top-level names to ../../build/test_semantic_mcl/test_semantic_mcl.egg-info/top_level.txt\n'}
[0.899296] (test_semantic_mcl) StdoutLine: {'line': b"reading manifest file '../../build/test_semantic_mcl/test_semantic_mcl.egg-info/SOURCES.txt'\n"}
[0.899788] (test_semantic_mcl) StdoutLine: {'line': b"writing manifest file '../../build/test_semantic_mcl/test_semantic_mcl.egg-info/SOURCES.txt'\n"}
[0.899907] (test_semantic_mcl) StdoutLine: {'line': b'running build\n'}
[0.899961] (test_semantic_mcl) StdoutLine: {'line': b'running build_py\n'}
[0.900029] (test_semantic_mcl) StdoutLine: {'line': b'running install\n'}
[0.900596] (-) TimerEvent: {}
[0.902776] (test_semantic_mcl) StdoutLine: {'line': b'running install_lib\n'}
[0.912013] (test_semantic_mcl) StdoutLine: {'line': b'running install_data\n'}
[0.912168] (test_semantic_mcl) StdoutLine: {'line': b'running install_egg_info\n'}
[0.921334] (test_semantic_mcl) StdoutLine: {'line': b"removing '/mnt/ssd/lsgloc_ws/install/test_semantic_mcl/lib/python3.10/site-packages/test_semantic_mcl-0.0.0-py3.10.egg-info' (and everything under it)\n"}
[0.921516] (test_semantic_mcl) StdoutLine: {'line': b'Copying ../../build/test_semantic_mcl/test_semantic_mcl.egg-info to /mnt/ssd/lsgloc_ws/install/test_semantic_mcl/lib/python3.10/site-packages/test_semantic_mcl-0.0.0-py3.10.egg-info\n'}
[0.921982] (test_semantic_mcl) StdoutLine: {'line': b'running install_scripts\n'}
[0.955999] (test_semantic_mcl) StdoutLine: {'line': b'Installing landmark_visualizer script to /mnt/ssd/lsgloc_ws/install/test_semantic_mcl/lib/test_semantic_mcl\n'}
[0.956140] (test_semantic_mcl) StdoutLine: {'line': b"writing list of installed files to '/mnt/ssd/lsgloc_ws/build/test_semantic_mcl/install.log'\n"}
[0.973217] (test_semantic_mcl) CommandEnded: {'returncode': 0}
[0.976501] (test_semantic_mcl) JobEnded: {'identifier': 'test_semantic_mcl', 'rc': 0}
[0.997802] (obj_detection) Command: {'cmd': ['/usr/bin/python3', '-W', 'ignore:setup.py install is deprecated', '-W', 'ignore:easy_install command is deprecated', 'setup.py', 'egg_info', '--egg-base', '../../build/obj_detection', 'build', '--build-base', '/mnt/ssd/lsgloc_ws/build/obj_detection/build', 'install', '--record', '/mnt/ssd/lsgloc_ws/build/obj_detection/install.log', '--single-version-externally-managed', 'install_data'], 'cwd': '/mnt/ssd/lsgloc_ws/src/obj_detection', 'env': {'GJS_DEBUG_TOPICS': 'JS ERROR;JS LOG', 'PYTHON_BASIC_REPL': '1', 'LESSOPEN': '| /usr/bin/lesspipe %s', 'LANGUAGE': 'en_SG:en', 'USER': 'sensethreat', 'XDG_SESSION_TYPE': 'x11', 'GIT_ASKPASS': '/usr/share/code/resources/app/extensions/git/dist/askpass.sh', 'SHLVL': '1', 'LD_LIBRARY_PATH': '/mnt/ssd/lsgloc_ws/install/semantic_msgs/lib:/usr/local/cuda/lib64:/usr/lib/x86_64-linux-gnu/gazebo-11/plugins:/opt/ros/humble/opt/rviz_ogre_vendor/lib:/opt/ros/humble/lib/x86_64-linux-gnu:/opt/ros/humble/lib:/usr/local/cuda/lib64', 'HOME': '/home/sensethreat', 'CHROME_DESKTOP': 'code.desktop', 'CONDA_SHLVL': '0', 'TERM_PROGRAM_VERSION': '1.108.2', 'DESKTOP_SESSION': 'ubuntu', 'NVM_BIN': '/home/sensethreat/.nvm/versions/node/v20.20.1/bin', 'NVM_INC': '/home/sensethreat/.nvm/versions/node/v20.20.1/include/node', 'GIO_LAUNCHED_DESKTOP_FILE': '/usr/share/applications/code.desktop', 'ROS_PYTHON_VERSION': '3', 'GNOME_SHELL_SESSION_MODE': 'ubuntu', 'GTK_MODULES': 'gail:atk-bridge', 'VSCODE_GIT_ASKPASS_MAIN': '/usr/share/code/resources/app/extensions/git/dist/askpass-main.js', 'VSCODE_GIT_ASKPASS_NODE': '/usr/share/code/code', 'MANAGERPID': '4235', 'PYDEVD_DISABLE_FILE_VALIDATION': '1', 'SYSTEMD_EXEC_PID': '4526', 'BUNDLED_DEBUGPY_PATH': '/home/sensethreat/.vscode/extensions/ms-python.debugpy-2025.18.0-linux-x64/bundled/libs/debugpy', 'VSCODE_PYTHON_AUTOACTIVATE_GUARD': '1', 'DBUS_SESSION_BUS_ADDRESS': 'unix:path=/run/user/1000/bus', 'COLORTERM': 'truecolor', '_CE_M': '', 'GIO_LAUNCHED_DESKTOP_FILE_PID': '1028265', 'NVM_DIR': '/home/sensethreat/.nvm', 'ROS_DISTRO': 'humble', 'GTK_IM_MODULE': 'ibus', 'LOGNAME': 'sensethreat', 'JOURNAL_STREAM': '8:25865', '_': '/usr/bin/colcon', 'ROS_VERSION': '2', 'CLAUDE_CODE_SSE_PORT': '13764', 'XDG_SESSION_CLASS': 'user', 'GEMINI_CLI_IDE_WORKSPACE_PATH': '/mnt/ssd/lsgloc_ws', 'USERNAME': 'sensethreat', 'TERM': 'xterm-256color', 'GNOME_DESKTOP_SESSION_ID': 'this-is-deprecated', '_CE_CONDA': '', 'FC_FONTATIONS': '1', 'ROS_LOCALHOST_ONLY': '0', 'GEMINI_CLI_IDE_SERVER_PORT': '37267', 'WINDOWPATH': '2', 'PATH': '/usr/local/cuda/bin:/home/sensethreat/.config/Code/User/globalStorage/github.copilot-chat/debugCommand:/home/sensethreat/.config/Code/User/globalStorage/github.copilot-chat/copilotCli:/home/sensethreat/.local/bin:/home/sensethreat/.nvm/versions/node/v20.20.1/bin:/opt/ros/humble/bin:/home/sensethreat/anaconda3/condabin:/usr/local/cuda/bin:/home/sensethreat/.local/bin:/usr/local/sbin:/usr/local/bin:/usr/sbin:/usr/bin:/sbin:/bin:/usr/games:/usr/local/games:/snap/bin:/snap/bin:/home/sensethreat/.vscode/extensions/ms-python.debugpy-2025.18.0-linux-x64/bundled/scripts/noConfigScripts', 'SESSION_MANAGER': 'local/gr00t-4090:@/tmp/.ICE-unix/4476,unix/gr00t-4090:/tmp/.ICE-unix/4476', 'INVOCATION_ID': '2f188857ecf04eb188026dc287baa7cc', 'XDG_MENU_PREFIX': 'gnome-', 'XDG_RUNTIME_DIR': '/run/user/1000', 'GDK_BACKEND': 'x11', 'DISPLAY': ':1', 'VSCODE_DEBUGPY_ADAPTER_ENDPOINTS': '/home/sensethreat/.vscode/extensions/ms-python.debugpy-2025.18.0-linux-x64/.noConfigDebugAdapterEndpoints/endpoint-9686078bbb06aef1.txt', 'LANG': 'en_US.UTF-8', 'XDG_CURRENT_DESKTOP': 'ubuntu:GNOME', 'PYTHONSTARTUP': '/home/sensethreat/.config/Code/User/workspaceStorage/a1ba31dbdeff2a34003cc17b1390a45e/ms-python.python/pythonrc.py', 'XMODIFIERS': '@im=ibus', 'XDG_SESSION_DESKTOP': 'ubuntu', 'XAUTHORITY': '/run/user/1000/gdm/Xauthority', 'LS_COLORS': 'rs=0:di=01;34:ln=01;36:mh=00:pi=40;33:so=01;35:do=01;35:bd=40;33;01:cd=40;33;01:or=40;31;01:mi=00:su=37;41:sg=30;43:ca=30;41:tw=30;42:ow=34;42:st=37;44:ex=01;32:*.tar=01;31:*.tgz=01;31:*.arc=01;31:*.arj=01;31:*.taz=01;31:*.lha=01;31:*.lz4=01;31:*.lzh=01;31:*.lzma=01;31:*.tlz=01;31:*.txz=01;31:*.tzo=01;31:*.t7z=01;31:*.zip=01;31:*.z=01;31:*.dz=01;31:*.gz=01;31:*.lrz=01;31:*.lz=01;31:*.lzo=01;31:*.xz=01;31:*.zst=01;31:*.tzst=01;31:*.bz2=01;31:*.bz=01;31:*.tbz=01;31:*.tbz2=01;31:*.tz=01;31:*.deb=01;31:*.rpm=01;31:*.jar=01;31:*.war=01;31:*.ear=01;31:*.sar=01;31:*.rar=01;31:*.alz=01;31:*.ace=01;31:*.zoo=01;31:*.cpio=01;31:*.7z=01;31:*.rz=01;31:*.cab=01;31:*.wim=01;31:*.swm=01;31:*.dwm=01;31:*.esd=01;31:*.jpg=01;35:*.jpeg=01;35:*.mjpg=01;35:*.mjpeg=01;35:*.gif=01;35:*.bmp=01;35:*.pbm=01;35:*.pgm=01;35:*.ppm=01;35:*.tga=01;35:*.xbm=01;35:*.xpm=01;35:*.tif=01;35:*.tiff=01;35:*.png=01;35:*.svg=01;35:*.svgz=01;35:*.mng=01;35:*.pcx=01;35:*.mov=01;35:*.mpg=01;35:*.mpeg=01;35:*.m2v=01;35:*.mkv=01;35:*.webm=01;35:*.webp=01;35:*.ogm=01;35:*.mp4=01;35:*.m4v=01;35:*.mp4v=01;35:*.vob=01;35:*.qt=01;35:*.nuv=01;35:*.wmv=01;35:*.asf=01;35:*.rm=01;35:*.rmvb=01;35:*.flc=01;35:*.avi=01;35:*.fli=01;35:*.flv=01;35:*.gl=01;35:*.dl=01;35:*.xcf=01;35:*.xwd=01;35:*.yuv=01;35:*.cgm=01;35:*.emf=01;35:*.ogv=01;35:*.ogx=01;35:*.aac=00;36:*.au=00;36:*.flac=00;36:*.m4a=00;36:*.mid=00;36:*.midi=00;36:*.mka=00;36:*.mp3=00;36:*.mpc=00;36:*.ogg=00;36:*.ra=00;36:*.wav=00;36:*.oga=00;36:*.opus=00;36:*.spx=00;36:*.xspf=00;36:', 'VSCODE_GIT_IPC_HANDLE': '/run/user/1000/vscode-git-e747b80a0c.sock', 'TERM_PROGRAM': 'vscode', 'SSH_AGENT_LAUNCHER': 'gnome-keyring', 'SSH_AUTH_SOCK': '/run/user/1000/keyring/ssh', 'ROS_DOMAIN_ID': '42', 'AMENT_PREFIX_PATH': '/mnt/ssd/lsgloc_ws/install/semantic_msgs:/opt/ros/humble', 'CONDA_PYTHON_EXE': '/home/sensethreat/anaconda3/bin/python', 'SHELL': '/bin/bash', 'QT_ACCESSIBILITY': '1', 'GDMSESSION': 'ubuntu', 'LESSCLOSE': '/usr/bin/lesspipe %s %s', 'GPG_AGENT_INFO': '/run/user/1000/gnupg/S.gpg-agent:0:1', 'GJS_DEBUG_OUTPUT': 'stderr', 'VSCODE_GIT_ASKPASS_EXTRA_ARGS': '', 'QT_IM_MODULE': 'ibus', 'GEMINI_CLI_IDE_AUTH_TOKEN': '293643a9-4199-4c08-b153-80acc4f9fef3', 'PWD': '/mnt/ssd/lsgloc_ws/build/obj_detection', 'TURTLEBOT3_MODEL': 'waffle', 'LC_ALL': 'en_US.UTF-8', 'XDG_CONFIG_DIRS': '/etc/xdg/xdg-ubuntu:/etc/xdg', 'CONDA_EXE': '/home/sensethreat/anaconda3/bin/conda', 'NVM_CD_FLAGS': '', 'XDG_DATA_DIRS': '/usr/share/ubuntu:/usr/share/gnome:/usr/local/share/:/usr/share/:/var/lib/snapd/desktop', 'LDS_MODEL': 'LDS-01', 'PYTHONPATH': '/mnt/ssd/lsgloc_ws/build/obj_detection/prefix_override:/usr/lib/python3/dist-packages/colcon_core/task/python/colcon_distutils_commands:/mnt/ssd/lsgloc_ws/install/obj_detection/lib/python3.10/site-packages:/mnt/ssd/lsgloc_ws/install/semantic_msgs/local/lib/python3.10/dist-packages:/opt/ros/humble/lib/python3.10/site-packages:/opt/ros/humble/local/lib/python3.10/dist-packages', 'COLCON': '1', 'CMAKE_PREFIX_PATH': '/mnt/ssd/lsgloc_ws/install/semantic_msgs'}, 'shell': False}
[1.000660] (-) TimerEvent: {}
[1.100788] (-) TimerEvent: {}
[1.200938] (-) TimerEvent: {}
[1.227107] (obj_detection) StdoutLine: {'line': b'running egg_info\n'}
[1.235774] (obj_detection) StdoutLine: {'line': b'writing ../../build/obj_detection/obj_detection.egg-info/PKG-INFO\n'}
[1.235897] (obj_detection) StdoutLine: {'line': b'writing dependency_links to ../../build/obj_detection/obj_detection.egg-info/dependency_links.txt\n'}
[1.236031] (obj_detection) StdoutLine: {'line': b'writing entry points to ../../build/obj_detection/obj_detection.egg-info/entry_points.txt\n'}
[1.236097] (obj_detection) StdoutLine: {'line': b'writing requirements to ../../build/obj_detection/obj_detection.egg-info/requires.txt\n'}
[1.236152] (obj_detection) StdoutLine: {'line': b'writing top-level names to ../../build/obj_detection/obj_detection.egg-info/top_level.txt\n'}
[1.253274] (obj_detection) StdoutLine: {'line': b"reading manifest file '../../build/obj_detection/obj_detection.egg-info/SOURCES.txt'\n"}
[1.253741] (obj_detection) StdoutLine: {'line': b"writing manifest file '../../build/obj_detection/obj_detection.egg-info/SOURCES.txt'\n"}
[1.253854] (obj_detection) StdoutLine: {'line': b'running build\n'}
[1.253923] (obj_detection) StdoutLine: {'line': b'running build_py\n'}
[1.254049] (obj_detection) StdoutLine: {'line': b'running install\n'}
[1.256923] (obj_detection) StdoutLine: {'line': b'running install_lib\n'}
[1.265746] (obj_detection) StdoutLine: {'line': b'running install_data\n'}
[1.265806] (obj_detection) StdoutLine: {'line': b'running install_egg_info\n'}
[1.274901] (obj_detection) StdoutLine: {'line': b"removing '/mnt/ssd/lsgloc_ws/install/obj_detection/lib/python3.10/site-packages/obj_detection-0.0.0-py3.10.egg-info' (and everything under it)\n"}
[1.275089] (obj_detection) StdoutLine: {'line': b'Copying ../../build/obj_detection/obj_detection.egg-info to /mnt/ssd/lsgloc_ws/install/obj_detection/lib/python3.10/site-packages/obj_detection-0.0.0-py3.10.egg-info\n'}
[1.275539] (obj_detection) StdoutLine: {'line': b'running install_scripts\n'}
[1.301008] (-) TimerEvent: {}
[1.310194] (obj_detection) StdoutLine: {'line': b'Installing vlm_service_node script to /mnt/ssd/lsgloc_ws/install/obj_detection/lib/obj_detection\n'}
[1.310292] (obj_detection) StdoutLine: {'line': b'Installing vlm_streaming_node script to /mnt/ssd/lsgloc_ws/install/obj_detection/lib/obj_detection\n'}
[1.310352] (obj_detection) StdoutLine: {'line': b'Installing yolo_node script to /mnt/ssd/lsgloc_ws/install/obj_detection/lib/obj_detection\n'}
[1.310512] (obj_detection) StdoutLine: {'line': b"writing list of installed files to '/mnt/ssd/lsgloc_ws/build/obj_detection/install.log'\n"}
[1.327115] (obj_detection) CommandEnded: {'returncode': 0}
[1.330567] (obj_detection) JobEnded: {'identifier': 'obj_detection', 'rc': 0}
[1.331044] (-) EventReactorShutdown: {}
