[0.000000] (-) TimerEvent: {}
[0.000323] (bcr_bot) JobQueued: {'identifier': 'bcr_bot', 'dependencies': OrderedDict()}
[0.000450] (semantic_msgs) JobQueued: {'identifier': 'semantic_msgs', 'dependencies': OrderedDict()}
[0.000465] (test_semantic_mcl) JobQueued: {'identifier': 'test_semantic_mcl', 'dependencies': OrderedDict()}
[0.000477] (obj_detection) JobQueued: {'identifier': 'obj_detection', 'dependencies': OrderedDict([('semantic_msgs', '/mnt/ssd/lsgloc_ws/install/semantic_msgs')])}
[0.000555] (semantic_mcl) JobQueued: {'identifier': 'semantic_mcl', 'dependencies': OrderedDict([('semantic_msgs', '/mnt/ssd/lsgloc_ws/install/semantic_msgs')])}
[0.000606] (semantic_msgs) JobStarted: {'identifier': 'semantic_msgs'}
[0.003904] (bcr_bot) JobStarted: {'identifier': 'bcr_bot'}
[0.006578] (test_semantic_mcl) JobStarted: {'identifier': 'test_semantic_mcl'}
[0.010335] (semantic_msgs) JobProgress: {'identifier': 'semantic_msgs', 'progress': 'cmake'}
[0.010646] (semantic_msgs) JobProgress: {'identifier': 'semantic_msgs', 'progress': 'build'}
[0.011047] (semantic_msgs) Command: {'cmd': ['/usr/bin/cmake', '--build', '/mnt/ssd/lsgloc_ws/build/semantic_msgs', '--', '-j16', '-l16'], 'cwd': '/mnt/ssd/lsgloc_ws/build/semantic_msgs', 'env': OrderedDict([('GJS_DEBUG_TOPICS', 'JS ERROR;JS LOG'), ('PYTHON_BASIC_REPL', '1'), ('LESSOPEN', '| /usr/bin/lesspipe %s'), ('LANGUAGE', 'en_SG:en'), ('USER', 'sensethreat'), ('XDG_SESSION_TYPE', 'x11'), ('GIT_ASKPASS', '/usr/share/code/resources/app/extensions/git/dist/askpass.sh'), ('SHLVL', '1'), ('LD_LIBRARY_PATH', '/usr/local/cuda/lib64:/usr/lib/x86_64-linux-gnu/gazebo-11/plugins:/opt/ros/humble/opt/rviz_ogre_vendor/lib:/opt/ros/humble/lib/x86_64-linux-gnu:/opt/ros/humble/lib:/usr/local/cuda/lib64:'), ('HOME', '/home/sensethreat'), ('CHROME_DESKTOP', 'code.desktop'), ('CONDA_SHLVL', '0'), ('TERM_PROGRAM_VERSION', '1.108.2'), ('DESKTOP_SESSION', 'ubuntu'), ('NVM_BIN', '/home/sensethreat/.nvm/versions/node/v20.20.1/bin'), ('NVM_INC', '/home/sensethreat/.nvm/versions/node/v20.20.1/include/node'), ('GIO_LAUNCHED_DESKTOP_FILE', '/usr/share/applications/code.desktop'), ('ROS_PYTHON_VERSION', '3'), ('GNOME_SHELL_SESSION_MODE', 'ubuntu'), ('GTK_MODULES', 'gail:atk-bridge'), ('VSCODE_GIT_ASKPASS_MAIN', '/usr/share/code/resources/app/extensions/git/dist/askpass-main.js'), ('VSCODE_GIT_ASKPASS_NODE', '/usr/share/code/code'), ('MANAGERPID', '4235'), ('PYDEVD_DISABLE_FILE_VALIDATION', '1'), ('SYSTEMD_EXEC_PID', '4526'), ('BUNDLED_DEBUGPY_PATH', '/home/sensethreat/.vscode/extensions/ms-python.debugpy-2025.18.0-linux-x64/bundled/libs/debugpy'), ('VSCODE_PYTHON_AUTOACTIVATE_GUARD', '1'), ('DBUS_SESSION_BUS_ADDRESS', 'unix:path=/run/user/1000/bus'), ('COLORTERM', 'truecolor'), ('_CE_M', ''), ('GIO_LAUNCHED_DESKTOP_FILE_PID', '1699102'), ('NVM_DIR', '/home/sensethreat/.nvm'), ('ROS_DISTRO', 'humble'), ('GTK_IM_MODULE', 'ibus'), ('LOGNAME', 'sensethreat'), ('JOURNAL_STREAM', '8:25865'), ('_', '/usr/bin/colcon'), ('ROS_VERSION', '2'), ('CLAUDE_CODE_SSE_PORT', '13146'), ('XDG_SESSION_CLASS', 'user'), ('GEMINI_CLI_IDE_WORKSPACE_PATH', '/mnt/ssd/lsgloc_ws'), ('USERNAME', 'sensethreat'), ('TERM', 'xterm-256color'), ('GNOME_DESKTOP_SESSION_ID', 'this-is-deprecated'), ('_CE_CONDA', ''), ('FC_FONTATIONS', '1'), ('ROS_LOCALHOST_ONLY', '0'), ('GEMINI_CLI_IDE_SERVER_PORT', '37737'), ('WINDOWPATH', '2'), ('PATH', '/usr/local/cuda/bin:/home/sensethreat/.config/Code/User/globalStorage/github.copilot-chat/debugCommand:/home/sensethreat/.config/Code/User/globalStorage/github.copilot-chat/copilotCli:/home/sensethreat/.local/bin:/home/sensethreat/.nvm/versions/node/v20.20.1/bin:/opt/ros/humble/bin:/home/sensethreat/anaconda3/condabin:/usr/local/cuda/bin:/home/sensethreat/.local/bin:/usr/local/sbin:/usr/local/bin:/usr/sbin:/usr/bin:/sbin:/bin:/usr/games:/usr/local/games:/snap/bin:/snap/bin:/home/sensethreat/.vscode/extensions/ms-python.debugpy-2025.18.0-linux-x64/bundled/scripts/noConfigScripts'), ('SESSION_MANAGER', 'local/gr00t-4090:@/tmp/.ICE-unix/4476,unix/gr00t-4090:/tmp/.ICE-unix/4476'), ('INVOCATION_ID', '2f188857ecf04eb188026dc287baa7cc'), ('XDG_MENU_PREFIX', 'gnome-'), ('XDG_RUNTIME_DIR', '/run/user/1000'), ('GDK_BACKEND', 'x11'), ('DISPLAY', ':1'), ('VSCODE_DEBUGPY_ADAPTER_ENDPOINTS', '/home/sensethreat/.vscode/extensions/ms-python.debugpy-2025.18.0-linux-x64/.noConfigDebugAdapterEndpoints/endpoint-9686078bbb06aef1.txt'), ('LANG', 'en_US.UTF-8'), ('XDG_CURRENT_DESKTOP', 'ubuntu:GNOME'), ('PYTHONSTARTUP', '/home/sensethreat/.config/Code/User/workspaceStorage/a1ba31dbdeff2a34003cc17b1390a45e/ms-python.python/pythonrc.py'), ('XMODIFIERS', '@im=ibus'), ('XDG_SESSION_DESKTOP', 'ubuntu'), ('XAUTHORITY', '/run/user/1000/gdm/Xauthority'), ('LS_COLORS', 'rs=0:di=01;34:ln=01;36:mh=00:pi=40;33:so=01;35:do=01;35:bd=40;33;01:cd=40;33;01:or=40;31;01:mi=00:su=37;41:sg=30;43:ca=30;41:tw=30;42:ow=34;42:st=37;44:ex=01;32:*.tar=01;31:*.tgz=01;31:*.arc=01;31:*.arj=01;31:*.taz=01;31:*.lha=01;31:*.lz4=01;31:*.lzh=01;31:*.lzma=01;31:*.tlz=01;31:*.txz=01;31:*.tzo=01;31:*.t7z=01;31:*.zip=01;31:*.z=01;31:*.dz=01;31:*.gz=01;31:*.lrz=01;31:*.lz=01;31:*.lzo=01;31:*.xz=01;31:*.zst=01;31:*.tzst=01;31:*.bz2=01;31:*.bz=01;31:*.tbz=01;31:*.tbz2=01;31:*.tz=01;31:*.deb=01;31:*.rpm=01;31:*.jar=01;31:*.war=01;31:*.ear=01;31:*.sar=01;31:*.rar=01;31:*.alz=01;31:*.ace=01;31:*.zoo=01;31:*.cpio=01;31:*.7z=01;31:*.rz=01;31:*.cab=01;31:*.wim=01;31:*.swm=01;31:*.dwm=01;31:*.esd=01;31:*.jpg=01;35:*.jpeg=01;35:*.mjpg=01;35:*.mjpeg=01;35:*.gif=01;35:*.bmp=01;35:*.pbm=01;35:*.pgm=01;35:*.ppm=01;35:*.tga=01;35:*.xbm=01;35:*.xpm=01;35:*.tif=01;35:*.tiff=01;35:*.png=01;35:*.svg=01;35:*.svgz=01;35:*.mng=01;35:*.pcx=01;35:*.mov=01;35:*.mpg=01;35:*.mpeg=01;35:*.m2v=01;35:*.mkv=01;35:*.webm=01;35:*.webp=01;35:*.ogm=01;35:*.mp4=01;35:*.m4v=01;35:*.mp4v=01;35:*.vob=01;35:*.qt=01;35:*.nuv=01;35:*.wmv=01;35:*.asf=01;35:*.rm=01;35:*.rmvb=01;35:*.flc=01;35:*.avi=01;35:*.fli=01;35:*.flv=01;35:*.gl=01;35:*.dl=01;35:*.xcf=01;35:*.xwd=01;35:*.yuv=01;35:*.cgm=01;35:*.emf=01;35:*.ogv=01;35:*.ogx=01;35:*.aac=00;36:*.au=00;36:*.flac=00;36:*.m4a=00;36:*.mid=00;36:*.midi=00;36:*.mka=00;36:*.mp3=00;36:*.mpc=00;36:*.ogg=00;36:*.ra=00;36:*.wav=00;36:*.oga=00;36:*.opus=00;36:*.spx=00;36:*.xspf=00;36:'), ('VSCODE_GIT_IPC_HANDLE', '/run/user/1000/vscode-git-e747b80a0c.sock'), ('TERM_PROGRAM', 'vscode'), ('SSH_AGENT_LAUNCHER', 'gnome-keyring'), ('SSH_AUTH_SOCK', '/run/user/1000/keyring/ssh'), ('ROS_DOMAIN_ID', '42'), ('AMENT_PREFIX_PATH', '/opt/ros/humble'), ('CONDA_PYTHON_EXE', '/home/sensethreat/anaconda3/bin/python'), ('SHELL', '/bin/bash'), ('QT_ACCESSIBILITY', '1'), ('GDMSESSION', 'ubuntu'), ('LESSCLOSE', '/usr/bin/lesspipe %s %s'), ('GPG_AGENT_INFO', '/run/user/1000/gnupg/S.gpg-agent:0:1'), ('GJS_DEBUG_OUTPUT', 'stderr'), ('VSCODE_GIT_ASKPASS_EXTRA_ARGS', ''), ('QT_IM_MODULE', 'ibus'), ('GEMINI_CLI_IDE_AUTH_TOKEN', '26413f97-634b-4051-b3bb-35b322666b9d'), ('PWD', '/mnt/ssd/lsgloc_ws/build/semantic_msgs'), ('TURTLEBOT3_MODEL', 'waffle'), ('LC_ALL', 'en_US.UTF-8'), ('XDG_CONFIG_DIRS', '/etc/xdg/xdg-ubuntu:/etc/xdg'), ('CONDA_EXE', '/home/sensethreat/anaconda3/bin/conda'), ('NVM_CD_FLAGS', ''), ('XDG_DATA_DIRS', '/usr/share/ubuntu:/usr/share/gnome:/usr/local/share/:/usr/share/:/var/lib/snapd/desktop'), ('LDS_MODEL', 'LDS-01'), ('PYTHONPATH', '/opt/ros/humble/lib/python3.10/site-packages:/opt/ros/humble/local/lib/python3.10/dist-packages'), ('COLCON', '1'), ('CMAKE_PREFIX_PATH', '/opt/ros/humble')]), 'shell': False}
[0.012383] (bcr_bot) JobProgress: {'identifier': 'bcr_bot', 'progress': 'cmake'}
[0.012627] (bcr_bot) JobProgress: {'identifier': 'bcr_bot', 'progress': 'build'}
[0.012720] (bcr_bot) Command: {'cmd': ['/usr/bin/cmake', '--build', '/mnt/ssd/lsgloc_ws/build/bcr_bot', '--', '-j16', '-l16'], 'cwd': '/mnt/ssd/lsgloc_ws/build/bcr_bot', 'env': OrderedDict([('GJS_DEBUG_TOPICS', 'JS ERROR;JS LOG'), ('PYTHON_BASIC_REPL', '1'), ('LESSOPEN', '| /usr/bin/lesspipe %s'), ('LANGUAGE', 'en_SG:en'), ('USER', 'sensethreat'), ('XDG_SESSION_TYPE', 'x11'), ('GIT_ASKPASS', '/usr/share/code/resources/app/extensions/git/dist/askpass.sh'), ('SHLVL', '1'), ('LD_LIBRARY_PATH', '/usr/local/cuda/lib64:/usr/lib/x86_64-linux-gnu/gazebo-11/plugins:/opt/ros/humble/opt/rviz_ogre_vendor/lib:/opt/ros/humble/lib/x86_64-linux-gnu:/opt/ros/humble/lib:/usr/local/cuda/lib64:'), ('HOME', '/home/sensethreat'), ('CHROME_DESKTOP', 'code.desktop'), ('CONDA_SHLVL', '0'), ('TERM_PROGRAM_VERSION', '1.108.2'), ('DESKTOP_SESSION', 'ubuntu'), ('NVM_BIN', '/home/sensethreat/.nvm/versions/node/v20.20.1/bin'), ('NVM_INC', '/home/sensethreat/.nvm/versions/node/v20.20.1/include/node'), ('GIO_LAUNCHED_DESKTOP_FILE', '/usr/share/applications/code.desktop'), ('ROS_PYTHON_VERSION', '3'), ('GNOME_SHELL_SESSION_MODE', 'ubuntu'), ('GTK_MODULES', 'gail:atk-bridge'), ('VSCODE_GIT_ASKPASS_MAIN', '/usr/share/code/resources/app/extensions/git/dist/askpass-main.js'), ('VSCODE_GIT_ASKPASS_NODE', '/usr/share/code/code'), ('MANAGERPID', '4235'), ('PYDEVD_DISABLE_FILE_VALIDATION', '1'), ('SYSTEMD_EXEC_PID', '4526'), ('BUNDLED_DEBUGPY_PATH', '/home/sensethreat/.vscode/extensions/ms-python.debugpy-2025.18.0-linux-x64/bundled/libs/debugpy'), ('VSCODE_PYTHON_AUTOACTIVATE_GUARD', '1'), ('DBUS_SESSION_BUS_ADDRESS', 'unix:path=/run/user/1000/bus'), ('COLORTERM', 'truecolor'), ('_CE_M', ''), ('GIO_LAUNCHED_DESKTOP_FILE_PID', '1699102'), ('NVM_DIR', '/home/sensethreat/.nvm'), ('ROS_DISTRO', 'humble'), ('GTK_IM_MODULE', 'ibus'), ('LOGNAME', 'sensethreat'), ('JOURNAL_STREAM', '8:25865'), ('_', '/usr/bin/colcon'), ('ROS_VERSION', '2'), ('CLAUDE_CODE_SSE_PORT', '13146'), ('XDG_SESSION_CLASS', 'user'), ('GEMINI_CLI_IDE_WORKSPACE_PATH', '/mnt/ssd/lsgloc_ws'), ('USERNAME', 'sensethreat'), ('TERM', 'xterm-256color'), ('GNOME_DESKTOP_SESSION_ID', 'this-is-deprecated'), ('_CE_CONDA', ''), ('FC_FONTATIONS', '1'), ('ROS_LOCALHOST_ONLY', '0'), ('GEMINI_CLI_IDE_SERVER_PORT', '37737'), ('WINDOWPATH', '2'), ('PATH', '/usr/local/cuda/bin:/home/sensethreat/.config/Code/User/globalStorage/github.copilot-chat/debugCommand:/home/sensethreat/.config/Code/User/globalStorage/github.copilot-chat/copilotCli:/home/sensethreat/.local/bin:/home/sensethreat/.nvm/versions/node/v20.20.1/bin:/opt/ros/humble/bin:/home/sensethreat/anaconda3/condabin:/usr/local/cuda/bin:/home/sensethreat/.local/bin:/usr/local/sbin:/usr/local/bin:/usr/sbin:/usr/bin:/sbin:/bin:/usr/games:/usr/local/games:/snap/bin:/snap/bin:/home/sensethreat/.vscode/extensions/ms-python.debugpy-2025.18.0-linux-x64/bundled/scripts/noConfigScripts'), ('SESSION_MANAGER', 'local/gr00t-4090:@/tmp/.ICE-unix/4476,unix/gr00t-4090:/tmp/.ICE-unix/4476'), ('INVOCATION_ID', '2f188857ecf04eb188026dc287baa7cc'), ('XDG_MENU_PREFIX', 'gnome-'), ('XDG_RUNTIME_DIR', '/run/user/1000'), ('GDK_BACKEND', 'x11'), ('DISPLAY', ':1'), ('VSCODE_DEBUGPY_ADAPTER_ENDPOINTS', '/home/sensethreat/.vscode/extensions/ms-python.debugpy-2025.18.0-linux-x64/.noConfigDebugAdapterEndpoints/endpoint-9686078bbb06aef1.txt'), ('LANG', 'en_US.UTF-8'), ('XDG_CURRENT_DESKTOP', 'ubuntu:GNOME'), ('PYTHONSTARTUP', '/home/sensethreat/.config/Code/User/workspaceStorage/a1ba31dbdeff2a34003cc17b1390a45e/ms-python.python/pythonrc.py'), ('XMODIFIERS', '@im=ibus'), ('XDG_SESSION_DESKTOP', 'ubuntu'), ('XAUTHORITY', '/run/user/1000/gdm/Xauthority'), ('LS_COLORS', 'rs=0:di=01;34:ln=01;36:mh=00:pi=40;33:so=01;35:do=01;35:bd=40;33;01:cd=40;33;01:or=40;31;01:mi=00:su=37;41:sg=30;43:ca=30;41:tw=30;42:ow=34;42:st=37;44:ex=01;32:*.tar=01;31:*.tgz=01;31:*.arc=01;31:*.arj=01;31:*.taz=01;31:*.lha=01;31:*.lz4=01;31:*.lzh=01;31:*.lzma=01;31:*.tlz=01;31:*.txz=01;31:*.tzo=01;31:*.t7z=01;31:*.zip=01;31:*.z=01;31:*.dz=01;31:*.gz=01;31:*.lrz=01;31:*.lz=01;31:*.lzo=01;31:*.xz=01;31:*.zst=01;31:*.tzst=01;31:*.bz2=01;31:*.bz=01;31:*.tbz=01;31:*.tbz2=01;31:*.tz=01;31:*.deb=01;31:*.rpm=01;31:*.jar=01;31:*.war=01;31:*.ear=01;31:*.sar=01;31:*.rar=01;31:*.alz=01;31:*.ace=01;31:*.zoo=01;31:*.cpio=01;31:*.7z=01;31:*.rz=01;31:*.cab=01;31:*.wim=01;31:*.swm=01;31:*.dwm=01;31:*.esd=01;31:*.jpg=01;35:*.jpeg=01;35:*.mjpg=01;35:*.mjpeg=01;35:*.gif=01;35:*.bmp=01;35:*.pbm=01;35:*.pgm=01;35:*.ppm=01;35:*.tga=01;35:*.xbm=01;35:*.xpm=01;35:*.tif=01;35:*.tiff=01;35:*.png=01;35:*.svg=01;35:*.svgz=01;35:*.mng=01;35:*.pcx=01;35:*.mov=01;35:*.mpg=01;35:*.mpeg=01;35:*.m2v=01;35:*.mkv=01;35:*.webm=01;35:*.webp=01;35:*.ogm=01;35:*.mp4=01;35:*.m4v=01;35:*.mp4v=01;35:*.vob=01;35:*.qt=01;35:*.nuv=01;35:*.wmv=01;35:*.asf=01;35:*.rm=01;35:*.rmvb=01;35:*.flc=01;35:*.avi=01;35:*.fli=01;35:*.flv=01;35:*.gl=01;35:*.dl=01;35:*.xcf=01;35:*.xwd=01;35:*.yuv=01;35:*.cgm=01;35:*.emf=01;35:*.ogv=01;35:*.ogx=01;35:*.aac=00;36:*.au=00;36:*.flac=00;36:*.m4a=00;36:*.mid=00;36:*.midi=00;36:*.mka=00;36:*.mp3=00;36:*.mpc=00;36:*.ogg=00;36:*.ra=00;36:*.wav=00;36:*.oga=00;36:*.opus=00;36:*.spx=00;36:*.xspf=00;36:'), ('VSCODE_GIT_IPC_HANDLE', '/run/user/1000/vscode-git-e747b80a0c.sock'), ('TERM_PROGRAM', 'vscode'), ('SSH_AGENT_LAUNCHER', 'gnome-keyring'), ('SSH_AUTH_SOCK', '/run/user/1000/keyring/ssh'), ('ROS_DOMAIN_ID', '42'), ('AMENT_PREFIX_PATH', '/opt/ros/humble'), ('CONDA_PYTHON_EXE', '/home/sensethreat/anaconda3/bin/python'), ('SHELL', '/bin/bash'), ('QT_ACCESSIBILITY', '1'), ('GDMSESSION', 'ubuntu'), ('LESSCLOSE', '/usr/bin/lesspipe %s %s'), ('GPG_AGENT_INFO', '/run/user/1000/gnupg/S.gpg-agent:0:1'), ('GJS_DEBUG_OUTPUT', 'stderr'), ('VSCODE_GIT_ASKPASS_EXTRA_ARGS', ''), ('QT_IM_MODULE', 'ibus'), ('GEMINI_CLI_IDE_AUTH_TOKEN', '26413f97-634b-4051-b3bb-35b322666b9d'), ('PWD', '/mnt/ssd/lsgloc_ws/build/bcr_bot'), ('TURTLEBOT3_MODEL', 'waffle'), ('LC_ALL', 'en_US.UTF-8'), ('XDG_CONFIG_DIRS', '/etc/xdg/xdg-ubuntu:/etc/xdg'), ('CONDA_EXE', '/home/sensethreat/anaconda3/bin/conda'), ('NVM_CD_FLAGS', ''), ('XDG_DATA_DIRS', '/usr/share/ubuntu:/usr/share/gnome:/usr/local/share/:/usr/share/:/var/lib/snapd/desktop'), ('LDS_MODEL', 'LDS-01'), ('PYTHONPATH', '/opt/ros/humble/lib/python3.10/site-packages:/opt/ros/humble/local/lib/python3.10/dist-packages'), ('COLCON', '1'), ('CMAKE_PREFIX_PATH', '/opt/ros/humble')]), 'shell': False}
[0.047106] (semantic_msgs) StdoutLine: {'line': b'[  2%] Built target semantic_msgs__cpp\n'}
[0.048040] (semantic_msgs) StdoutLine: {'line': b'[ 12%] Built target semantic_msgs__rosidl_generator_c\n'}
[0.053544] (semantic_msgs) StdoutLine: {'line': b'[ 12%] Built target ament_cmake_python_copy_semantic_msgs\n'}
[0.062235] (semantic_msgs) StdoutLine: {'line': b'[ 23%] Built target semantic_msgs__rosidl_typesupport_cpp\n'}
[0.062831] (semantic_msgs) StdoutLine: {'line': b'[ 35%] Built target semantic_msgs__rosidl_typesupport_fastrtps_cpp\n'}
[0.062938] (semantic_msgs) StdoutLine: {'line': b'[ 43%] Built target semantic_msgs__rosidl_typesupport_introspection_cpp\n'}
[0.063017] (semantic_msgs) StdoutLine: {'line': b'[ 53%] Built target semantic_msgs__rosidl_typesupport_c\n'}
[0.063224] (semantic_msgs) StdoutLine: {'line': b'[ 64%] Built target semantic_msgs__rosidl_typesupport_introspection_c\n'}
[0.063657] (semantic_msgs) StdoutLine: {'line': b'[ 74%] Built target semantic_msgs__rosidl_typesupport_fastrtps_c\n'}
[0.077468] (semantic_msgs) StdoutLine: {'line': b'[ 74%] Built target semantic_msgs\n'}
[0.091802] (semantic_msgs) StdoutLine: {'line': b'[ 76%] Built target semantic_msgs__py\n'}
[0.099834] (-) TimerEvent: {}
[0.107215] (semantic_msgs) StdoutLine: {'line': b'[ 84%] Built target semantic_msgs__rosidl_generator_py\n'}
[0.122168] (semantic_msgs) StdoutLine: {'line': b'[ 89%] Built target semantic_msgs__rosidl_typesupport_fastrtps_c__pyext\n'}
[0.122398] (semantic_msgs) StdoutLine: {'line': b'[ 94%] Built target semantic_msgs__rosidl_typesupport_c__pyext\n'}
[0.122522] (semantic_msgs) StdoutLine: {'line': b'[100%] Built target semantic_msgs__rosidl_typesupport_introspection_c__pyext\n'}
[0.199920] (-) TimerEvent: {}
[0.257619] (bcr_bot) CommandEnded: {'returncode': 0}
[0.258008] (bcr_bot) JobProgress: {'identifier': 'bcr_bot', 'progress': 'install'}
[0.265223] (bcr_bot) Command: {'cmd': ['/usr/bin/cmake', '--install', '/mnt/ssd/lsgloc_ws/build/bcr_bot'], 'cwd': '/mnt/ssd/lsgloc_ws/build/bcr_bot', 'env': OrderedDict([('GJS_DEBUG_TOPICS', 'JS ERROR;JS LOG'), ('PYTHON_BASIC_REPL', '1'), ('LESSOPEN', '| /usr/bin/lesspipe %s'), ('LANGUAGE', 'en_SG:en'), ('USER', 'sensethreat'), ('XDG_SESSION_TYPE', 'x11'), ('GIT_ASKPASS', '/usr/share/code/resources/app/extensions/git/dist/askpass.sh'), ('SHLVL', '1'), ('LD_LIBRARY_PATH', '/usr/local/cuda/lib64:/usr/lib/x86_64-linux-gnu/gazebo-11/plugins:/opt/ros/humble/opt/rviz_ogre_vendor/lib:/opt/ros/humble/lib/x86_64-linux-gnu:/opt/ros/humble/lib:/usr/local/cuda/lib64:'), ('HOME', '/home/sensethreat'), ('CHROME_DESKTOP', 'code.desktop'), ('CONDA_SHLVL', '0'), ('TERM_PROGRAM_VERSION', '1.108.2'), ('DESKTOP_SESSION', 'ubuntu'), ('NVM_BIN', '/home/sensethreat/.nvm/versions/node/v20.20.1/bin'), ('NVM_INC', '/home/sensethreat/.nvm/versions/node/v20.20.1/include/node'), ('GIO_LAUNCHED_DESKTOP_FILE', '/usr/share/applications/code.desktop'), ('ROS_PYTHON_VERSION', '3'), ('GNOME_SHELL_SESSION_MODE', 'ubuntu'), ('GTK_MODULES', 'gail:atk-bridge'), ('VSCODE_GIT_ASKPASS_MAIN', '/usr/share/code/resources/app/extensions/git/dist/askpass-main.js'), ('VSCODE_GIT_ASKPASS_NODE', '/usr/share/code/code'), ('MANAGERPID', '4235'), ('PYDEVD_DISABLE_FILE_VALIDATION', '1'), ('SYSTEMD_EXEC_PID', '4526'), ('BUNDLED_DEBUGPY_PATH', '/home/sensethreat/.vscode/extensions/ms-python.debugpy-2025.18.0-linux-x64/bundled/libs/debugpy'), ('VSCODE_PYTHON_AUTOACTIVATE_GUARD', '1'), ('DBUS_SESSION_BUS_ADDRESS', 'unix:path=/run/user/1000/bus'), ('COLORTERM', 'truecolor'), ('_CE_M', ''), ('GIO_LAUNCHED_DESKTOP_FILE_PID', '1699102'), ('NVM_DIR', '/home/sensethreat/.nvm'), ('ROS_DISTRO', 'humble'), ('GTK_IM_MODULE', 'ibus'), ('LOGNAME', 'sensethreat'), ('JOURNAL_STREAM', '8:25865'), ('_', '/usr/bin/colcon'), ('ROS_VERSION', '2'), ('CLAUDE_CODE_SSE_PORT', '13146'), ('XDG_SESSION_CLASS', 'user'), ('GEMINI_CLI_IDE_WORKSPACE_PATH', '/mnt/ssd/lsgloc_ws'), ('USERNAME', 'sensethreat'), ('TERM', 'xterm-256color'), ('GNOME_DESKTOP_SESSION_ID', 'this-is-deprecated'), ('_CE_CONDA', ''), ('FC_FONTATIONS', '1'), ('ROS_LOCALHOST_ONLY', '0'), ('GEMINI_CLI_IDE_SERVER_PORT', '37737'), ('WINDOWPATH', '2'), ('PATH', '/usr/local/cuda/bin:/home/sensethreat/.config/Code/User/globalStorage/github.copilot-chat/debugCommand:/home/sensethreat/.config/Code/User/globalStorage/github.copilot-chat/copilotCli:/home/sensethreat/.local/bin:/home/sensethreat/.nvm/versions/node/v20.20.1/bin:/opt/ros/humble/bin:/home/sensethreat/anaconda3/condabin:/usr/local/cuda/bin:/home/sensethreat/.local/bin:/usr/local/sbin:/usr/local/bin:/usr/sbin:/usr/bin:/sbin:/bin:/usr/games:/usr/local/games:/snap/bin:/snap/bin:/home/sensethreat/.vscode/extensions/ms-python.debugpy-2025.18.0-linux-x64/bundled/scripts/noConfigScripts'), ('SESSION_MANAGER', 'local/gr00t-4090:@/tmp/.ICE-unix/4476,unix/gr00t-4090:/tmp/.ICE-unix/4476'), ('INVOCATION_ID', '2f188857ecf04eb188026dc287baa7cc'), ('XDG_MENU_PREFIX', 'gnome-'), ('XDG_RUNTIME_DIR', '/run/user/1000'), ('GDK_BACKEND', 'x11'), ('DISPLAY', ':1'), ('VSCODE_DEBUGPY_ADAPTER_ENDPOINTS', '/home/sensethreat/.vscode/extensions/ms-python.debugpy-2025.18.0-linux-x64/.noConfigDebugAdapterEndpoints/endpoint-9686078bbb06aef1.txt'), ('LANG', 'en_US.UTF-8'), ('XDG_CURRENT_DESKTOP', 'ubuntu:GNOME'), ('PYTHONSTARTUP', '/home/sensethreat/.config/Code/User/workspaceStorage/a1ba31dbdeff2a34003cc17b1390a45e/ms-python.python/pythonrc.py'), ('XMODIFIERS', '@im=ibus'), ('XDG_SESSION_DESKTOP', 'ubuntu'), ('XAUTHORITY', '/run/user/1000/gdm/Xauthority'), ('LS_COLORS', 'rs=0:di=01;34:ln=01;36:mh=00:pi=40;33:so=01;35:do=01;35:bd=40;33;01:cd=40;33;01:or=40;31;01:mi=00:su=37;41:sg=30;43:ca=30;41:tw=30;42:ow=34;42:st=37;44:ex=01;32:*.tar=01;31:*.tgz=01;31:*.arc=01;31:*.arj=01;31:*.taz=01;31:*.lha=01;31:*.lz4=01;31:*.lzh=01;31:*.lzma=01;31:*.tlz=01;31:*.txz=01;31:*.tzo=01;31:*.t7z=01;31:*.zip=01;31:*.z=01;31:*.dz=01;31:*.gz=01;31:*.lrz=01;31:*.lz=01;31:*.lzo=01;31:*.xz=01;31:*.zst=01;31:*.tzst=01;31:*.bz2=01;31:*.bz=01;31:*.tbz=01;31:*.tbz2=01;31:*.tz=01;31:*.deb=01;31:*.rpm=01;31:*.jar=01;31:*.war=01;31:*.ear=01;31:*.sar=01;31:*.rar=01;31:*.alz=01;31:*.ace=01;31:*.zoo=01;31:*.cpio=01;31:*.7z=01;31:*.rz=01;31:*.cab=01;31:*.wim=01;31:*.swm=01;31:*.dwm=01;31:*.esd=01;31:*.jpg=01;35:*.jpeg=01;35:*.mjpg=01;35:*.mjpeg=01;35:*.gif=01;35:*.bmp=01;35:*.pbm=01;35:*.pgm=01;35:*.ppm=01;35:*.tga=01;35:*.xbm=01;35:*.xpm=01;35:*.tif=01;35:*.tiff=01;35:*.png=01;35:*.svg=01;35:*.svgz=01;35:*.mng=01;35:*.pcx=01;35:*.mov=01;35:*.mpg=01;35:*.mpeg=01;35:*.m2v=01;35:*.mkv=01;35:*.webm=01;35:*.webp=01;35:*.ogm=01;35:*.mp4=01;35:*.m4v=01;35:*.mp4v=01;35:*.vob=01;35:*.qt=01;35:*.nuv=01;35:*.wmv=01;35:*.asf=01;35:*.rm=01;35:*.rmvb=01;35:*.flc=01;35:*.avi=01;35:*.fli=01;35:*.flv=01;35:*.gl=01;35:*.dl=01;35:*.xcf=01;35:*.xwd=01;35:*.yuv=01;35:*.cgm=01;35:*.emf=01;35:*.ogv=01;35:*.ogx=01;35:*.aac=00;36:*.au=00;36:*.flac=00;36:*.m4a=00;36:*.mid=00;36:*.midi=00;36:*.mka=00;36:*.mp3=00;36:*.mpc=00;36:*.ogg=00;36:*.ra=00;36:*.wav=00;36:*.oga=00;36:*.opus=00;36:*.spx=00;36:*.xspf=00;36:'), ('VSCODE_GIT_IPC_HANDLE', '/run/user/1000/vscode-git-e747b80a0c.sock'), ('TERM_PROGRAM', 'vscode'), ('SSH_AGENT_LAUNCHER', 'gnome-keyring'), ('SSH_AUTH_SOCK', '/run/user/1000/keyring/ssh'), ('ROS_DOMAIN_ID', '42'), ('AMENT_PREFIX_PATH', '/opt/ros/humble'), ('CONDA_PYTHON_EXE', '/home/sensethreat/anaconda3/bin/python'), ('SHELL', '/bin/bash'), ('QT_ACCESSIBILITY', '1'), ('GDMSESSION', 'ubuntu'), ('LESSCLOSE', '/usr/bin/lesspipe %s %s'), ('GPG_AGENT_INFO', '/run/user/1000/gnupg/S.gpg-agent:0:1'), ('GJS_DEBUG_OUTPUT', 'stderr'), ('VSCODE_GIT_ASKPASS_EXTRA_ARGS', ''), ('QT_IM_MODULE', 'ibus'), ('GEMINI_CLI_IDE_AUTH_TOKEN', '26413f97-634b-4051-b3bb-35b322666b9d'), ('PWD', '/mnt/ssd/lsgloc_ws/build/bcr_bot'), ('TURTLEBOT3_MODEL', 'waffle'), ('LC_ALL', 'en_US.UTF-8'), ('XDG_CONFIG_DIRS', '/etc/xdg/xdg-ubuntu:/etc/xdg'), ('CONDA_EXE', '/home/sensethreat/anaconda3/bin/conda'), ('NVM_CD_FLAGS', ''), ('XDG_DATA_DIRS', '/usr/share/ubuntu:/usr/share/gnome:/usr/local/share/:/usr/share/:/var/lib/snapd/desktop'), ('LDS_MODEL', 'LDS-01'), ('PYTHONPATH', '/opt/ros/humble/lib/python3.10/site-packages:/opt/ros/humble/local/lib/python3.10/dist-packages'), ('COLCON', '1'), ('CMAKE_PREFIX_PATH', '/opt/ros/humble')]), 'shell': False}
[0.270794] (bcr_bot) StdoutLine: {'line': b'-- Install configuration: ""\n'}
[0.270865] (bcr_bot) StdoutLine: {'line': b'-- Up-to-date: /mnt/ssd/lsgloc_ws/install/bcr_bot/share/bcr_bot//launch\n'}
[0.270926] (bcr_bot) StdoutLine: {'line': b'-- Up-to-date: /mnt/ssd/lsgloc_ws/install/bcr_bot/share/bcr_bot//launch/bcr_bot_gz_spawn.launch.py\n'}
[0.270962] (bcr_bot) StdoutLine: {'line': b'-- Up-to-date: /mnt/ssd/lsgloc_ws/install/bcr_bot/share/bcr_bot//launch/bcr_bot_gazebo_spawn.launch.py\n'}
[0.270994] (bcr_bot) StdoutLine: {'line': b'-- Up-to-date: /mnt/ssd/lsgloc_ws/install/bcr_bot/share/bcr_bot//launch/nav2.launch.py\n'}
[0.271040] (bcr_bot) StdoutLine: {'line': b'-- Up-to-date: /mnt/ssd/lsgloc_ws/install/bcr_bot/share/bcr_bot//launch/rviz.launch.py\n'}
[0.271108] (bcr_bot) StdoutLine: {'line': b'-- Up-to-date: /mnt/ssd/lsgloc_ws/install/bcr_bot/share/bcr_bot//launch/gz.launch.py\n'}
[0.271146] (bcr_bot) StdoutLine: {'line': b'-- Up-to-date: /mnt/ssd/lsgloc_ws/install/bcr_bot/share/bcr_bot//launch/ign.launch.py\n'}
[0.271176] (bcr_bot) StdoutLine: {'line': b'-- Up-to-date: /mnt/ssd/lsgloc_ws/install/bcr_bot/share/bcr_bot//launch/mapping.launch.py\n'}
[0.271206] (bcr_bot) StdoutLine: {'line': b'-- Up-to-date: /mnt/ssd/lsgloc_ws/install/bcr_bot/share/bcr_bot//launch/gazebo.launch.py\n'}
[0.271235] (bcr_bot) StdoutLine: {'line': b'-- Up-to-date: /mnt/ssd/lsgloc_ws/install/bcr_bot/share/bcr_bot//launch/bcr_bot_ign_spawn.launch.py\n'}
[0.271264] (bcr_bot) StdoutLine: {'line': b'-- Up-to-date: /mnt/ssd/lsgloc_ws/install/bcr_bot/share/bcr_bot//launch/teleop.launch.py\n'}
[0.271293] (bcr_bot) StdoutLine: {'line': b'-- Up-to-date: /mnt/ssd/lsgloc_ws/install/bcr_bot/share/bcr_bot//meshes\n'}
[0.271323] (bcr_bot) StdoutLine: {'line': b'-- Up-to-date: /mnt/ssd/lsgloc_ws/install/bcr_bot/share/bcr_bot//meshes/kinect\n'}
[0.271352] (bcr_bot) StdoutLine: {'line': b'-- Up-to-date: /mnt/ssd/lsgloc_ws/install/bcr_bot/share/bcr_bot//meshes/kinect/kinect.jpg\n'}
[0.271381] (bcr_bot) StdoutLine: {'line': b'-- Up-to-date: /mnt/ssd/lsgloc_ws/install/bcr_bot/share/bcr_bot//meshes/kinect/kinect.dae\n'}
[0.271422] (bcr_bot) StdoutLine: {'line': b'-- Up-to-date: /mnt/ssd/lsgloc_ws/install/bcr_bot/share/bcr_bot//meshes/kinect/d415.dae\n'}
[0.271490] (bcr_bot) StdoutLine: {'line': b'-- Up-to-date: /mnt/ssd/lsgloc_ws/install/bcr_bot/share/bcr_bot//meshes/kinect/kinect.tga\n'}
[0.271536] (bcr_bot) StdoutLine: {'line': b'-- Up-to-date: /mnt/ssd/lsgloc_ws/install/bcr_bot/share/bcr_bot//meshes/logo.png\n'}
[0.271567] (bcr_bot) StdoutLine: {'line': b'-- Up-to-date: /mnt/ssd/lsgloc_ws/install/bcr_bot/share/bcr_bot//meshes/realsense_texture.png\n'}
[0.271596] (bcr_bot) StdoutLine: {'line': b'-- Up-to-date: /mnt/ssd/lsgloc_ws/install/bcr_bot/share/bcr_bot//meshes/bcr_bot_mesh.dae\n'}
[0.271624] (bcr_bot) StdoutLine: {'line': b'-- Up-to-date: /mnt/ssd/lsgloc_ws/install/bcr_bot/share/bcr_bot//models\n'}
[0.271653] (bcr_bot) StdoutLine: {'line': b'-- Up-to-date: /mnt/ssd/lsgloc_ws/install/bcr_bot/share/bcr_bot//models/aws_robomaker_warehouse_WallB_01\n'}
[0.271684] (bcr_bot) StdoutLine: {'line': b'-- Up-to-date: /mnt/ssd/lsgloc_ws/install/bcr_bot/share/bcr_bot//models/aws_robomaker_warehouse_WallB_01/model.config\n'}
[0.271713] (bcr_bot) StdoutLine: {'line': b'-- Up-to-date: /mnt/ssd/lsgloc_ws/install/bcr_bot/share/bcr_bot//models/aws_robomaker_warehouse_WallB_01/model.sdf\n'}
[0.271742] (bcr_bot) StdoutLine: {'line': b'-- Up-to-date: /mnt/ssd/lsgloc_ws/install/bcr_bot/share/bcr_bot//models/aws_robomaker_warehouse_WallB_01/meshes\n'}
[0.271771] (bcr_bot) StdoutLine: {'line': b'-- Up-to-date: /mnt/ssd/lsgloc_ws/install/bcr_bot/share/bcr_bot//models/aws_robomaker_warehouse_WallB_01/meshes/aws_robomaker_warehouse_WallB_01_collision.DAE\n'}
[0.271800] (bcr_bot) StdoutLine: {'line': b'-- Up-to-date: /mnt/ssd/lsgloc_ws/install/bcr_bot/share/bcr_bot//models/aws_robomaker_warehouse_WallB_01/meshes/aws_robomaker_warehouse_WallB_01_visual.DAE\n'}
[0.271830] (bcr_bot) StdoutLine: {'line': b'-- Up-to-date: /mnt/ssd/lsgloc_ws/install/bcr_bot/share/bcr_bot//models/aws_robomaker_warehouse_WallB_01/materials\n'}
[0.271859] (bcr_bot) StdoutLine: {'line': b'-- Up-to-date: /mnt/ssd/lsgloc_ws/install/bcr_bot/share/bcr_bot//models/aws_robomaker_warehouse_WallB_01/materials/textures\n'}
[0.271888] (bcr_bot) StdoutLine: {'line': b'-- Up-to-date: /mnt/ssd/lsgloc_ws/install/bcr_bot/share/bcr_bot//models/aws_robomaker_warehouse_WallB_01/materials/textures/aws_robomaker_warehouse_WallB_01.png\n'}
[0.271917] (bcr_bot) StdoutLine: {'line': b'-- Up-to-date: /mnt/ssd/lsgloc_ws/install/bcr_bot/share/bcr_bot//models/aws_robomaker_warehouse_ClutteringA_01\n'}
[0.271946] (bcr_bot) StdoutLine: {'line': b'-- Up-to-date: /mnt/ssd/lsgloc_ws/install/bcr_bot/share/bcr_bot//models/aws_robomaker_warehouse_ClutteringA_01/model.config\n'}
[0.271975] (bcr_bot) StdoutLine: {'line': b'-- Up-to-date: /mnt/ssd/lsgloc_ws/install/bcr_bot/share/bcr_bot//models/aws_robomaker_warehouse_ClutteringA_01/model.sdf\n'}
[0.272013] (bcr_bot) StdoutLine: {'line': b'-- Up-to-date: /mnt/ssd/lsgloc_ws/install/bcr_bot/share/bcr_bot//models/aws_robomaker_warehouse_ClutteringA_01/meshes\n'}
[0.272046] (bcr_bot) StdoutLine: {'line': b'-- Up-to-date: /mnt/ssd/lsgloc_ws/install/bcr_bot/share/bcr_bot//models/aws_robomaker_warehouse_ClutteringA_01/meshes/aws_robomaker_warehouse_ClutteringA_01_collision.DAE\n'}
[0.272128] (bcr_bot) StdoutLine: {'line': b'-- Up-to-date: /mnt/ssd/lsgloc_ws/install/bcr_bot/share/bcr_bot//models/aws_robomaker_warehouse_ClutteringA_01/meshes/aws_robomaker_warehouse_ClutteringA_01_visual.DAE\n'}
[0.272167] (bcr_bot) StdoutLine: {'line': b'-- Up-to-date: /mnt/ssd/lsgloc_ws/install/bcr_bot/share/bcr_bot//models/aws_robomaker_warehouse_ClutteringA_01/.DS_Store\n'}
[0.272203] (bcr_bot) StdoutLine: {'line': b'-- Up-to-date: /mnt/ssd/lsgloc_ws/install/bcr_bot/share/bcr_bot//models/aws_robomaker_warehouse_ClutteringA_01/materials\n'}
[0.272232] (bcr_bot) StdoutLine: {'line': b'-- Up-to-date: /mnt/ssd/lsgloc_ws/install/bcr_bot/share/bcr_bot//models/aws_robomaker_warehouse_ClutteringA_01/materials/textures\n'}
[0.272280] (bcr_bot) StdoutLine: {'line': b'-- Up-to-date: /mnt/ssd/lsgloc_ws/install/bcr_bot/share/bcr_bot//models/aws_robomaker_warehouse_ClutteringA_01/materials/textures/aws_robomaker_warehouse_ClutteringA_03.png\n'}
[0.272315] (bcr_bot) StdoutLine: {'line': b'-- Up-to-date: /mnt/ssd/lsgloc_ws/install/bcr_bot/share/bcr_bot//models/aws_robomaker_warehouse_ClutteringA_01/materials/textures/aws_robomaker_warehouse_ClutteringA_01.png\n'}
[0.272350] (bcr_bot) StdoutLine: {'line': b'-- Up-to-date: /mnt/ssd/lsgloc_ws/install/bcr_bot/share/bcr_bot//models/aws_robomaker_warehouse_ClutteringA_01/materials/textures/aws_robomaker_warehouse_ClutteringA_02.png\n'}
[0.272379] (bcr_bot) StdoutLine: {'line': b'-- Up-to-date: /mnt/ssd/lsgloc_ws/install/bcr_bot/share/bcr_bot//models/aws_robomaker_warehouse_ClutteringA_01/materials/textures/.DS_Store\n'}
[0.272408] (bcr_bot) StdoutLine: {'line': b'-- Up-to-date: /mnt/ssd/lsgloc_ws/install/bcr_bot/share/bcr_bot//models/aws_robomaker_warehouse_ClutteringA_01/materials/.DS_Store\n'}
[0.272437] (bcr_bot) StdoutLine: {'line': b'-- Up-to-date: /mnt/ssd/lsgloc_ws/install/bcr_bot/share/bcr_bot//models/aws_robomaker_warehouse_ShelfF_01\n'}
[0.272466] (bcr_bot) StdoutLine: {'line': b'-- Up-to-date: /mnt/ssd/lsgloc_ws/install/bcr_bot/share/bcr_bot//models/aws_robomaker_warehouse_ShelfF_01/model.config\n'}
[0.272495] (bcr_bot) StdoutLine: {'line': b'-- Up-to-date: /mnt/ssd/lsgloc_ws/install/bcr_bot/share/bcr_bot//models/aws_robomaker_warehouse_ShelfF_01/model.sdf\n'}
[0.272524] (bcr_bot) StdoutLine: {'line': b'-- Up-to-date: /mnt/ssd/lsgloc_ws/install/bcr_bot/share/bcr_bot//models/aws_robomaker_warehouse_ShelfF_01/meshes\n'}
[0.272553] (bcr_bot) StdoutLine: {'line': b'-- Up-to-date: /mnt/ssd/lsgloc_ws/install/bcr_bot/share/bcr_bot//models/aws_robomaker_warehouse_ShelfF_01/meshes/aws_robomaker_warehouse_ShelfF_01_collision.DAE\n'}
[0.272582] (bcr_bot) StdoutLine: {'line': b'-- Up-to-date: /mnt/ssd/lsgloc_ws/install/bcr_bot/share/bcr_bot//models/aws_robomaker_warehouse_ShelfF_01/meshes/aws_robomaker_warehouse_ShelfF_01_visual.DAE\n'}
[0.272610] (bcr_bot) StdoutLine: {'line': b'-- Up-to-date: /mnt/ssd/lsgloc_ws/install/bcr_bot/share/bcr_bot//models/aws_robomaker_warehouse_ShelfF_01/materials\n'}
[0.272639] (bcr_bot) StdoutLine: {'line': b'-- Up-to-date: /mnt/ssd/lsgloc_ws/install/bcr_bot/share/bcr_bot//models/aws_robomaker_warehouse_ShelfF_01/materials/textures\n'}
[0.272668] (bcr_bot) StdoutLine: {'line': b'-- Up-to-date: /mnt/ssd/lsgloc_ws/install/bcr_bot/share/bcr_bot//models/aws_robomaker_warehouse_ShelfF_01/materials/textures/aws_robomaker_warehouse_ShelfF_03.png\n'}
[0.272696] (bcr_bot) StdoutLine: {'line': b'-- Up-to-date: /mnt/ssd/lsgloc_ws/install/bcr_bot/share/bcr_bot//models/aws_robomaker_warehouse_ShelfF_01/materials/textures/aws_robomaker_warehouse_ShelfF_01.png\n'}
[0.272725] (bcr_bot) StdoutLine: {'line': b'-- Up-to-date: /mnt/ssd/lsgloc_ws/install/bcr_bot/share/bcr_bot//models/aws_robomaker_warehouse_ShelfF_01/materials/textures/aws_robomaker_warehouse_ShelfF_02.png\n'}
[0.272754] (bcr_bot) StdoutLine: {'line': b'-- Up-to-date: /mnt/ssd/lsgloc_ws/install/bcr_bot/share/bcr_bot//models/aws_robomaker_warehouse_DeskC_01\n'}
[0.272784] (bcr_bot) StdoutLine: {'line': b'-- Up-to-date: /mnt/ssd/lsgloc_ws/install/bcr_bot/share/bcr_bot//models/aws_robomaker_warehouse_DeskC_01/model.config\n'}
[0.272813] (bcr_bot) StdoutLine: {'line': b'-- Up-to-date: /mnt/ssd/lsgloc_ws/install/bcr_bot/share/bcr_bot//models/aws_robomaker_warehouse_DeskC_01/model.sdf\n'}
[0.272842] (bcr_bot) StdoutLine: {'line': b'-- Up-to-date: /mnt/ssd/lsgloc_ws/install/bcr_bot/share/bcr_bot//models/aws_robomaker_warehouse_DeskC_01/meshes\n'}
[0.272871] (bcr_bot) StdoutLine: {'line': b'-- Up-to-date: /mnt/ssd/lsgloc_ws/install/bcr_bot/share/bcr_bot//models/aws_robomaker_warehouse_DeskC_01/meshes/aws_robomaker_warehouse_DeskC_01_visual.DAE\n'}
[0.272900] (bcr_bot) StdoutLine: {'line': b'-- Up-to-date: /mnt/ssd/lsgloc_ws/install/bcr_bot/share/bcr_bot//models/aws_robomaker_warehouse_DeskC_01/meshes/aws_robomaker_warehouse_DeskC_01_collision.DAE\n'}
[0.272938] (bcr_bot) StdoutLine: {'line': b'-- Up-to-date: /mnt/ssd/lsgloc_ws/install/bcr_bot/share/bcr_bot//models/aws_robomaker_warehouse_DeskC_01/materials\n'}
[0.272967] (bcr_bot) StdoutLine: {'line': b'-- Up-to-date: /mnt/ssd/lsgloc_ws/install/bcr_bot/share/bcr_bot//models/aws_robomaker_warehouse_DeskC_01/materials/textures\n'}
[0.273062] (bcr_bot) StdoutLine: {'line': b'-- Up-to-date: /mnt/ssd/lsgloc_ws/install/bcr_bot/share/bcr_bot//models/aws_robomaker_warehouse_DeskC_01/materials/textures/aws_robomaker_warehouse_DeskC_01.png\n'}
[0.273099] (bcr_bot) StdoutLine: {'line': b'-- Up-to-date: /mnt/ssd/lsgloc_ws/install/bcr_bot/share/bcr_bot//models/aws_robomaker_warehouse_DeskC_01/materials/textures/aws_robomaker_warehouse_DeskC_04.png\n'}
[0.273128] (bcr_bot) StdoutLine: {'line': b'-- Up-to-date: /mnt/ssd/lsgloc_ws/install/bcr_bot/share/bcr_bot//models/aws_robomaker_warehouse_DeskC_01/materials/textures/aws_robomaker_warehouse_DeskC_03.psd\n'}
[0.273157] (bcr_bot) StdoutLine: {'line': b'-- Up-to-date: /mnt/ssd/lsgloc_ws/install/bcr_bot/share/bcr_bot//models/aws_robomaker_warehouse_DeskC_01/materials/textures/aws_robomaker_warehouse_DeskC_03.png\n'}
[0.273186] (bcr_bot) StdoutLine: {'line': b'-- Up-to-date: /mnt/ssd/lsgloc_ws/install/bcr_bot/share/bcr_bot//models/aws_robomaker_warehouse_DeskC_01/materials/textures/aws_robomaker_warehouse_DeskC_02.png\n'}
[0.273258] (bcr_bot) StdoutLine: {'line': b'-- Up-to-date: /mnt/ssd/lsgloc_ws/install/bcr_bot/share/bcr_bot//models/aws_robomaker_warehouse_DeskC_01/materials/.DS_Store\n'}
[0.273287] (bcr_bot) StdoutLine: {'line': b'-- Up-to-date: /mnt/ssd/lsgloc_ws/install/bcr_bot/share/bcr_bot//models/aws_robomaker_warehouse_Lamp_01\n'}
[0.273316] (bcr_bot) StdoutLine: {'line': b'-- Up-to-date: /mnt/ssd/lsgloc_ws/install/bcr_bot/share/bcr_bot//models/aws_robomaker_warehouse_Lamp_01/model.config\n'}
[0.273345] (bcr_bot) StdoutLine: {'line': b'-- Up-to-date: /mnt/ssd/lsgloc_ws/install/bcr_bot/share/bcr_bot//models/aws_robomaker_warehouse_Lamp_01/model.sdf\n'}
[0.273373] (bcr_bot) StdoutLine: {'line': b'-- Up-to-date: /mnt/ssd/lsgloc_ws/install/bcr_bot/share/bcr_bot//models/aws_robomaker_warehouse_Lamp_01/meshes\n'}
[0.273402] (bcr_bot) StdoutLine: {'line': b'-- Up-to-date: /mnt/ssd/lsgloc_ws/install/bcr_bot/share/bcr_bot//models/aws_robomaker_warehouse_Lamp_01/meshes/aws_robomaker_warehouse_Lamp_01_collision.DAE\n'}
[0.273431] (bcr_bot) StdoutLine: {'line': b'-- Up-to-date: /mnt/ssd/lsgloc_ws/install/bcr_bot/share/bcr_bot//models/aws_robomaker_warehouse_Lamp_01/meshes/aws_robomaker_warehouse_Lamp_01_visual.DAE\n'}
[0.273460] (bcr_bot) StdoutLine: {'line': b'-- Up-to-date: /mnt/ssd/lsgloc_ws/install/bcr_bot/share/bcr_bot//models/aws_robomaker_warehouse_Lamp_01/materials\n'}
[0.273489] (bcr_bot) StdoutLine: {'line': b'-- Up-to-date: /mnt/ssd/lsgloc_ws/install/bcr_bot/share/bcr_bot//models/aws_robomaker_warehouse_Lamp_01/materials/textures\n'}
[0.273518] (bcr_bot) StdoutLine: {'line': b'-- Up-to-date: /mnt/ssd/lsgloc_ws/install/bcr_bot/share/bcr_bot//models/aws_robomaker_warehouse_Lamp_01/materials/textures/aws_robomaker_warehouse_Lamp_01.png\n'}
[0.273546] (bcr_bot) StdoutLine: {'line': b'-- Up-to-date: /mnt/ssd/lsgloc_ws/install/bcr_bot/share/bcr_bot//models/aws_robomaker_warehouse_PalletJackB_01\n'}
[0.273575] (bcr_bot) StdoutLine: {'line': b'-- Up-to-date: /mnt/ssd/lsgloc_ws/install/bcr_bot/share/bcr_bot//models/aws_robomaker_warehouse_PalletJackB_01/model.config\n'}
[0.273604] (bcr_bot) StdoutLine: {'line': b'-- Up-to-date: /mnt/ssd/lsgloc_ws/install/bcr_bot/share/bcr_bot//models/aws_robomaker_warehouse_PalletJackB_01/model.sdf\n'}
[0.273633] (bcr_bot) StdoutLine: {'line': b'-- Up-to-date: /mnt/ssd/lsgloc_ws/install/bcr_bot/share/bcr_bot//models/aws_robomaker_warehouse_PalletJackB_01/meshes\n'}
[0.273662] (bcr_bot) StdoutLine: {'line': b'-- Up-to-date: /mnt/ssd/lsgloc_ws/install/bcr_bot/share/bcr_bot//models/aws_robomaker_warehouse_PalletJackB_01/meshes/aws_robomaker_warehouse_PalletJackB_01_collision.DAE\n'}
[0.273691] (bcr_bot) StdoutLine: {'line': b'-- Up-to-date: /mnt/ssd/lsgloc_ws/install/bcr_bot/share/bcr_bot//models/aws_robomaker_warehouse_PalletJackB_01/meshes/aws_robomaker_warehouse_PalletJackB_01_visual.DAE\n'}
[0.273720] (bcr_bot) StdoutLine: {'line': b'-- Up-to-date: /mnt/ssd/lsgloc_ws/install/bcr_bot/share/bcr_bot//models/aws_robomaker_warehouse_PalletJackB_01/.DS_Store\n'}
[0.273805] (bcr_bot) StdoutLine: {'line': b'-- Up-to-date: /mnt/ssd/lsgloc_ws/install/bcr_bot/share/bcr_bot//models/aws_robomaker_warehouse_PalletJackB_01/materials\n'}
[0.273833] (bcr_bot) StdoutLine: {'line': b'-- Up-to-date: /mnt/ssd/lsgloc_ws/install/bcr_bot/share/bcr_bot//models/aws_robomaker_warehouse_PalletJackB_01/materials/textures\n'}
[0.273862] (bcr_bot) StdoutLine: {'line': b'-- Up-to-date: /mnt/ssd/lsgloc_ws/install/bcr_bot/share/bcr_bot//models/aws_robomaker_warehouse_PalletJackB_01/materials/textures/aws_robomaker_warehouse_PalletJackB_01.png\n'}
[0.273891] (bcr_bot) StdoutLine: {'line': b'-- Up-to-date: /mnt/ssd/lsgloc_ws/install/bcr_bot/share/bcr_bot//models/aws_robomaker_warehouse_PalletJackB_01/materials/textures/aws_robomaker_warehouse_PalletJackB_02.png\n'}
[0.273949] (bcr_bot) StdoutLine: {'line': b'-- Up-to-date: /mnt/ssd/lsgloc_ws/install/bcr_bot/share/bcr_bot//models/aws_robomaker_warehouse_PalletJackB_01/materials/.DS_Store\n'}
[0.273979] (bcr_bot) StdoutLine: {'line': b'-- Up-to-date: /mnt/ssd/lsgloc_ws/install/bcr_bot/share/bcr_bot//models/aws_robomaker_warehouse_ClutteringC_01\n'}
[0.274008] (bcr_bot) StdoutLine: {'line': b'-- Up-to-date: /mnt/ssd/lsgloc_ws/install/bcr_bot/share/bcr_bot//models/aws_robomaker_warehouse_ClutteringC_01/model.config\n'}
[0.274036] (bcr_bot) StdoutLine: {'line': b'-- Up-to-date: /mnt/ssd/lsgloc_ws/install/bcr_bot/share/bcr_bot//models/aws_robomaker_warehouse_ClutteringC_01/model.sdf\n'}
[0.274100] (bcr_bot) StdoutLine: {'line': b'-- Up-to-date: /mnt/ssd/lsgloc_ws/install/bcr_bot/share/bcr_bot//models/aws_robomaker_warehouse_ClutteringC_01/meshes\n'}
[0.274137] (bcr_bot) StdoutLine: {'line': b'-- Up-to-date: /mnt/ssd/lsgloc_ws/install/bcr_bot/share/bcr_bot//models/aws_robomaker_warehouse_ClutteringC_01/meshes/aws_robomaker_warehouse_ClutteringC_01_collision.DAE\n'}
[0.274167] (bcr_bot) StdoutLine: {'line': b'-- Up-to-date: /mnt/ssd/lsgloc_ws/install/bcr_bot/share/bcr_bot//models/aws_robomaker_warehouse_ClutteringC_01/meshes/aws_robomaker_warehouse_ClutteringC_01_visual.DAE\n'}
[0.274195] (bcr_bot) StdoutLine: {'line': b'-- Up-to-date: /mnt/ssd/lsgloc_ws/install/bcr_bot/share/bcr_bot//models/aws_robomaker_warehouse_ClutteringC_01/materials\n'}
[0.274224] (bcr_bot) StdoutLine: {'line': b'-- Up-to-date: /mnt/ssd/lsgloc_ws/install/bcr_bot/share/bcr_bot//models/aws_robomaker_warehouse_ClutteringC_01/materials/textures\n'}
[0.274278] (bcr_bot) StdoutLine: {'line': b'-- Up-to-date: /mnt/ssd/lsgloc_ws/install/bcr_bot/share/bcr_bot//models/aws_robomaker_warehouse_ClutteringC_01/materials/textures/aws_robomaker_warehouse_ClutteringC_02.png\n'}
[0.274307] (bcr_bot) StdoutLine: {'line': b'-- Up-to-date: /mnt/ssd/lsgloc_ws/install/bcr_bot/share/bcr_bot//models/aws_robomaker_warehouse_ClutteringC_01/materials/textures/aws_robomaker_warehouse_ClutteringC_01.png\n'}
[0.274336] (bcr_bot) StdoutLine: {'line': b'-- Up-to-date: /mnt/ssd/lsgloc_ws/install/bcr_bot/share/bcr_bot//models/aws_robomaker_warehouse_Bucket_01\n'}
[0.274365] (bcr_bot) StdoutLine: {'line': b'-- Up-to-date: /mnt/ssd/lsgloc_ws/install/bcr_bot/share/bcr_bot//models/aws_robomaker_warehouse_Bucket_01/model.config\n'}
[0.274393] (bcr_bot) StdoutLine: {'line': b'-- Up-to-date: /mnt/ssd/lsgloc_ws/install/bcr_bot/share/bcr_bot//models/aws_robomaker_warehouse_Bucket_01/model.sdf\n'}
[0.274423] (bcr_bot) StdoutLine: {'line': b'-- Up-to-date: /mnt/ssd/lsgloc_ws/install/bcr_bot/share/bcr_bot//models/aws_robomaker_warehouse_Bucket_01/meshes\n'}
[0.274451] (bcr_bot) StdoutLine: {'line': b'-- Up-to-date: /mnt/ssd/lsgloc_ws/install/bcr_bot/share/bcr_bot//models/aws_robomaker_warehouse_Bucket_01/meshes/aws_robomaker_warehouse_Bucket_01_visual.DAE\n'}
[0.274481] (bcr_bot) StdoutLine: {'line': b'-- Up-to-date: /mnt/ssd/lsgloc_ws/install/bcr_bot/share/bcr_bot//models/aws_robomaker_warehouse_Bucket_01/meshes/aws_robomaker_warehouse_Bucket_01_collision.DAE\n'}
[0.274510] (bcr_bot) StdoutLine: {'line': b'-- Up-to-date: /mnt/ssd/lsgloc_ws/install/bcr_bot/share/bcr_bot//models/aws_robomaker_warehouse_Bucket_01/.DS_Store\n'}
[0.274569] (bcr_bot) StdoutLine: {'line': b'-- Up-to-date: /mnt/ssd/lsgloc_ws/install/bcr_bot/share/bcr_bot//models/aws_robomaker_warehouse_Bucket_01/materials\n'}
[0.274599] (bcr_bot) StdoutLine: {'line': b'-- Up-to-date: /mnt/ssd/lsgloc_ws/install/bcr_bot/share/bcr_bot//models/aws_robomaker_warehouse_Bucket_01/materials/textures\n'}
[0.274628] (bcr_bot) StdoutLine: {'line': b'-- Up-to-date: /mnt/ssd/lsgloc_ws/install/bcr_bot/share/bcr_bot//models/aws_robomaker_warehouse_Bucket_01/materials/textures/aws_robomaker_warehouse_Bucket_01.png\n'}
[0.274657] (bcr_bot) StdoutLine: {'line': b'-- Up-to-date: /mnt/ssd/lsgloc_ws/install/bcr_bot/share/bcr_bot//models/aws_robomaker_warehouse_Bucket_01/materials/.DS_Store\n'}
[0.274686] (bcr_bot) StdoutLine: {'line': b'-- Up-to-date: /mnt/ssd/lsgloc_ws/install/bcr_bot/share/bcr_bot//models/aws_robomaker_warehouse_TrashCanC_01\n'}
[0.274715] (bcr_bot) StdoutLine: {'line': b'-- Up-to-date: /mnt/ssd/lsgloc_ws/install/bcr_bot/share/bcr_bot//models/aws_robomaker_warehouse_TrashCanC_01/model.config\n'}
[0.274744] (bcr_bot) StdoutLine: {'line': b'-- Up-to-date: /mnt/ssd/lsgloc_ws/install/bcr_bot/share/bcr_bot//models/aws_robomaker_warehouse_TrashCanC_01/model.sdf\n'}
[0.274772] (bcr_bot) StdoutLine: {'line': b'-- Up-to-date: /mnt/ssd/lsgloc_ws/install/bcr_bot/share/bcr_bot//models/aws_robomaker_warehouse_TrashCanC_01/meshes\n'}
[0.274801] (bcr_bot) StdoutLine: {'line': b'-- Up-to-date: /mnt/ssd/lsgloc_ws/install/bcr_bot/share/bcr_bot//models/aws_robomaker_warehouse_TrashCanC_01/meshes/aws_robomaker_warehouse_TrashCanC_01_collision.DAE\n'}
[0.274830] (bcr_bot) StdoutLine: {'line': b'-- Up-to-date: /mnt/ssd/lsgloc_ws/install/bcr_bot/share/bcr_bot//models/aws_robomaker_warehouse_TrashCanC_01/meshes/aws_robomaker_warehouse_TrashCanC_01_visual.DAE\n'}
[0.274883] (bcr_bot) StdoutLine: {'line': b'-- Up-to-date: /mnt/ssd/lsgloc_ws/install/bcr_bot/share/bcr_bot//models/aws_robomaker_warehouse_TrashCanC_01/materials\n'}
[0.274913] (bcr_bot) StdoutLine: {'line': b'-- Up-to-date: /mnt/ssd/lsgloc_ws/install/bcr_bot/share/bcr_bot//models/aws_robomaker_warehouse_TrashCanC_01/materials/textures\n'}
[0.274942] (bcr_bot) StdoutLine: {'line': b'-- Up-to-date: /mnt/ssd/lsgloc_ws/install/bcr_bot/share/bcr_bot//models/aws_robomaker_warehouse_TrashCanC_01/materials/textures/aws_robomaker_warehouse_TrashCanC_01.png\n'}
[0.274970] (bcr_bot) StdoutLine: {'line': b'-- Up-to-date: /mnt/ssd/lsgloc_ws/install/bcr_bot/share/bcr_bot//models/aws_robomaker_warehouse_ShelfE_01\n'}
[0.274999] (bcr_bot) StdoutLine: {'line': b'-- Up-to-date: /mnt/ssd/lsgloc_ws/install/bcr_bot/share/bcr_bot//models/aws_robomaker_warehouse_ShelfE_01/model.config\n'}
[0.275028] (bcr_bot) StdoutLine: {'line': b'-- Up-to-date: /mnt/ssd/lsgloc_ws/install/bcr_bot/share/bcr_bot//models/aws_robomaker_warehouse_ShelfE_01/model.sdf\n'}
[0.275067] (bcr_bot) StdoutLine: {'line': b'-- Up-to-date: /mnt/ssd/lsgloc_ws/install/bcr_bot/share/bcr_bot//models/aws_robomaker_warehouse_ShelfE_01/meshes\n'}
[0.275105] (bcr_bot) StdoutLine: {'line': b'-- Up-to-date: /mnt/ssd/lsgloc_ws/install/bcr_bot/share/bcr_bot//models/aws_robomaker_warehouse_ShelfE_01/meshes/aws_robomaker_warehouse_ShelfE_01_collision.DAE\n'}
[0.275134] (bcr_bot) StdoutLine: {'line': b'-- Up-to-date: /mnt/ssd/lsgloc_ws/install/bcr_bot/share/bcr_bot//models/aws_robomaker_warehouse_ShelfE_01/meshes/aws_robomaker_warehouse_ShelfE_01_visual.DAE\n'}
[0.275163] (bcr_bot) StdoutLine: {'line': b'-- Up-to-date: /mnt/ssd/lsgloc_ws/install/bcr_bot/share/bcr_bot//models/aws_robomaker_warehouse_ShelfE_01/.DS_Store\n'}
[0.275192] (bcr_bot) StdoutLine: {'line': b'-- Up-to-date: /mnt/ssd/lsgloc_ws/install/bcr_bot/share/bcr_bot//models/aws_robomaker_warehouse_ShelfE_01/materials\n'}
[0.275221] (bcr_bot) StdoutLine: {'line': b'-- Up-to-date: /mnt/ssd/lsgloc_ws/install/bcr_bot/share/bcr_bot//models/aws_robomaker_warehouse_ShelfE_01/materials/textures\n'}
[0.275265] (bcr_bot) StdoutLine: {'line': b'-- Up-to-date: /mnt/ssd/lsgloc_ws/install/bcr_bot/share/bcr_bot//models/aws_robomaker_warehouse_ShelfE_01/materials/textures/aws_robomaker_warehouse_ShelfE_03.png\n'}
[0.275298] (bcr_bot) StdoutLine: {'line': b'-- Up-to-date: /mnt/ssd/lsgloc_ws/install/bcr_bot/share/bcr_bot//models/aws_robomaker_warehouse_ShelfE_01/materials/textures/aws_robomaker_warehouse_ShelfE_02.png\n'}
[0.275325] (bcr_bot) StdoutLine: {'line': b'-- Up-to-date: /mnt/ssd/lsgloc_ws/install/bcr_bot/share/bcr_bot//models/aws_robomaker_warehouse_ShelfE_01/materials/textures/aws_robomaker_warehouse_ShelfE_04.png\n'}
[0.275352] (bcr_bot) StdoutLine: {'line': b'-- Up-to-date: /mnt/ssd/lsgloc_ws/install/bcr_bot/share/bcr_bot//models/aws_robomaker_warehouse_ShelfE_01/materials/textures/aws_robomaker_warehouse_ShelfE_01.png\n'}
[0.275378] (bcr_bot) StdoutLine: {'line': b'-- Up-to-date: /mnt/ssd/lsgloc_ws/install/bcr_bot/share/bcr_bot//models/aws_robomaker_warehouse_ShelfE_01/materials/.DS_Store\n'}
[0.275404] (bcr_bot) StdoutLine: {'line': b'-- Up-to-date: /mnt/ssd/lsgloc_ws/install/bcr_bot/share/bcr_bot//models/aws_robomaker_warehouse_ClutteringD_01\n'}
[0.275430] (bcr_bot) StdoutLine: {'line': b'-- Up-to-date: /mnt/ssd/lsgloc_ws/install/bcr_bot/share/bcr_bot//models/aws_robomaker_warehouse_ClutteringD_01/model.config\n'}
[0.275456] (bcr_bot) StdoutLine: {'line': b'-- Up-to-date: /mnt/ssd/lsgloc_ws/install/bcr_bot/share/bcr_bot//models/aws_robomaker_warehouse_ClutteringD_01/model.sdf\n'}
[0.275482] (bcr_bot) StdoutLine: {'line': b'-- Up-to-date: /mnt/ssd/lsgloc_ws/install/bcr_bot/share/bcr_bot//models/aws_robomaker_warehouse_ClutteringD_01/meshes\n'}
[0.275508] (bcr_bot) StdoutLine: {'line': b'-- Up-to-date: /mnt/ssd/lsgloc_ws/install/bcr_bot/share/bcr_bot//models/aws_robomaker_warehouse_ClutteringD_01/meshes/aws_robomaker_warehouse_ClutteringD_01_visual.DAE\n'}
[0.275534] (bcr_bot) StdoutLine: {'line': b'-- Up-to-date: /mnt/ssd/lsgloc_ws/install/bcr_bot/share/bcr_bot//models/aws_robomaker_warehouse_ClutteringD_01/meshes/aws_robomaker_warehouse_ClutteringD_01_collision.DAE\n'}
[0.275561] (bcr_bot) StdoutLine: {'line': b'-- Up-to-date: /mnt/ssd/lsgloc_ws/install/bcr_bot/share/bcr_bot//models/aws_robomaker_warehouse_ClutteringD_01/materials\n'}
[0.275587] (bcr_bot) StdoutLine: {'line': b'-- Up-to-date: /mnt/ssd/lsgloc_ws/install/bcr_bot/share/bcr_bot//models/aws_robomaker_warehouse_ClutteringD_01/materials/textures\n'}
[0.275613] (bcr_bot) StdoutLine: {'line': b'-- Up-to-date: /mnt/ssd/lsgloc_ws/install/bcr_bot/share/bcr_bot//models/aws_robomaker_warehouse_ClutteringD_01/materials/textures/aws_robomaker_warehouse_ClutteringD_01.png\n'}
[0.275639] (bcr_bot) StdoutLine: {'line': b'-- Up-to-date: /mnt/ssd/lsgloc_ws/install/bcr_bot/share/bcr_bot//models/aws_robomaker_warehouse_ClutteringD_01/materials/textures/aws_robomaker_warehouse_ClutteringD_02.png\n'}
[0.275666] (bcr_bot) StdoutLine: {'line': b'-- Up-to-date: /mnt/ssd/lsgloc_ws/install/bcr_bot/share/bcr_bot//models/aws_robomaker_warehouse_ShelfD_01\n'}
[0.275695] (bcr_bot) StdoutLine: {'line': b'-- Up-to-date: /mnt/ssd/lsgloc_ws/install/bcr_bot/share/bcr_bot//models/aws_robomaker_warehouse_ShelfD_01/model.config\n'}
[0.275722] (bcr_bot) StdoutLine: {'line': b'-- Up-to-date: /mnt/ssd/lsgloc_ws/install/bcr_bot/share/bcr_bot//models/aws_robomaker_warehouse_ShelfD_01/model.sdf\n'}
[0.275749] (bcr_bot) StdoutLine: {'line': b'-- Up-to-date: /mnt/ssd/lsgloc_ws/install/bcr_bot/share/bcr_bot//models/aws_robomaker_warehouse_ShelfD_01/meshes\n'}
[0.275775] (bcr_bot) StdoutLine: {'line': b'-- Up-to-date: /mnt/ssd/lsgloc_ws/install/bcr_bot/share/bcr_bot//models/aws_robomaker_warehouse_ShelfD_01/meshes/aws_robomaker_warehouse_ShelfD_01_collision.DAE\n'}
[0.275801] (bcr_bot) StdoutLine: {'line': b'-- Up-to-date: /mnt/ssd/lsgloc_ws/install/bcr_bot/share/bcr_bot//models/aws_robomaker_warehouse_ShelfD_01/meshes/aws_robomaker_warehouse_ShelfD_01_visual.DAE\n'}
[0.275827] (bcr_bot) StdoutLine: {'line': b'-- Up-to-date: /mnt/ssd/lsgloc_ws/install/bcr_bot/share/bcr_bot//models/aws_robomaker_warehouse_ShelfD_01/materials\n'}
[0.275853] (bcr_bot) StdoutLine: {'line': b'-- Up-to-date: /mnt/ssd/lsgloc_ws/install/bcr_bot/share/bcr_bot//models/aws_robomaker_warehouse_ShelfD_01/materials/textures\n'}
[0.275883] (bcr_bot) StdoutLine: {'line': b'-- Up-to-date: /mnt/ssd/lsgloc_ws/install/bcr_bot/share/bcr_bot//models/aws_robomaker_warehouse_ShelfD_01/materials/textures/aws_robomaker_warehouse_ShelfD_02.png\n'}
[0.275912] (bcr_bot) StdoutLine: {'line': b'-- Up-to-date: /mnt/ssd/lsgloc_ws/install/bcr_bot/share/bcr_bot//models/aws_robomaker_warehouse_ShelfD_01/materials/textures/aws_robomaker_warehouse_ShelfD_01.png\n'}
[0.275941] (bcr_bot) StdoutLine: {'line': b'-- Up-to-date: /mnt/ssd/lsgloc_ws/install/bcr_bot/share/bcr_bot//models/aws_robomaker_warehouse_ShelfD_01/materials/textures/aws_robomaker_warehouse_ShelfD_03.png\n'}
[0.275970] (bcr_bot) StdoutLine: {'line': b'-- Up-to-date: /mnt/ssd/lsgloc_ws/install/bcr_bot/share/bcr_bot//models/aws_robomaker_warehouse_ShelfD_01/materials/textures/aws_robomaker_warehouse_ShelfD_04.png\n'}
[0.275999] (bcr_bot) StdoutLine: {'line': b'-- Up-to-date: /mnt/ssd/lsgloc_ws/install/bcr_bot/share/bcr_bot//models/aws_robomaker_warehouse_GroundB_01\n'}
[0.276027] (bcr_bot) StdoutLine: {'line': b'-- Up-to-date: /mnt/ssd/lsgloc_ws/install/bcr_bot/share/bcr_bot//models/aws_robomaker_warehouse_GroundB_01/model.config\n'}
[0.276154] (bcr_bot) StdoutLine: {'line': b'-- Up-to-date: /mnt/ssd/lsgloc_ws/install/bcr_bot/share/bcr_bot//models/aws_robomaker_warehouse_GroundB_01/model.sdf\n'}
[0.276251] (bcr_bot) StdoutLine: {'line': b'-- Up-to-date: /mnt/ssd/lsgloc_ws/install/bcr_bot/share/bcr_bot//models/aws_robomaker_warehouse_GroundB_01/meshes\n'}
[0.276282] (bcr_bot) StdoutLine: {'line': b'-- Up-to-date: /mnt/ssd/lsgloc_ws/install/bcr_bot/share/bcr_bot//models/aws_robomaker_warehouse_GroundB_01/meshes/aws_robomaker_warehouse_GroundB_01_visual.DAE\n'}
[0.276312] (bcr_bot) StdoutLine: {'line': b'-- Up-to-date: /mnt/ssd/lsgloc_ws/install/bcr_bot/share/bcr_bot//models/aws_robomaker_warehouse_GroundB_01/meshes/aws_robomaker_warehouse_GroundB_01_collision.DAE\n'}
[0.276341] (bcr_bot) StdoutLine: {'line': b'-- Up-to-date: /mnt/ssd/lsgloc_ws/install/bcr_bot/share/bcr_bot//models/aws_robomaker_warehouse_GroundB_01/materials\n'}
[0.276373] (bcr_bot) StdoutLine: {'line': b'-- Up-to-date: /mnt/ssd/lsgloc_ws/install/bcr_bot/share/bcr_bot//models/aws_robomaker_warehouse_GroundB_01/materials/textures\n'}
[0.276405] (bcr_bot) StdoutLine: {'line': b'-- Up-to-date: /mnt/ssd/lsgloc_ws/install/bcr_bot/share/bcr_bot//models/aws_robomaker_warehouse_GroundB_01/materials/textures/aws_robomaker_warehouse_GroundB_02.png\n'}
[0.276435] (bcr_bot) StdoutLine: {'line': b'-- Up-to-date: /mnt/ssd/lsgloc_ws/install/bcr_bot/share/bcr_bot//models/aws_robomaker_warehouse_GroundB_01/materials/textures/aws_robomaker_warehouse_GroundB_01.png\n'}
[0.276465] (bcr_bot) StdoutLine: {'line': b'-- Up-to-date: /mnt/ssd/lsgloc_ws/install/bcr_bot/share/bcr_bot//models/aws_robomaker_warehouse_RoofB_01\n'}
[0.276494] (bcr_bot) StdoutLine: {'line': b'-- Up-to-date: /mnt/ssd/lsgloc_ws/install/bcr_bot/share/bcr_bot//models/aws_robomaker_warehouse_RoofB_01/model.config\n'}
[0.276523] (bcr_bot) StdoutLine: {'line': b'-- Up-to-date: /mnt/ssd/lsgloc_ws/install/bcr_bot/share/bcr_bot//models/aws_robomaker_warehouse_RoofB_01/model.sdf\n'}
[0.276552] (bcr_bot) StdoutLine: {'line': b'-- Up-to-date: /mnt/ssd/lsgloc_ws/install/bcr_bot/share/bcr_bot//models/aws_robomaker_warehouse_RoofB_01/meshes\n'}
[0.276581] (bcr_bot) StdoutLine: {'line': b'-- Up-to-date: /mnt/ssd/lsgloc_ws/install/bcr_bot/share/bcr_bot//models/aws_robomaker_warehouse_RoofB_01/meshes/aws_robomaker_warehouse_RoofB_01_collision.DAE\n'}
[0.276611] (bcr_bot) StdoutLine: {'line': b'-- Up-to-date: /mnt/ssd/lsgloc_ws/install/bcr_bot/share/bcr_bot//models/aws_robomaker_warehouse_RoofB_01/meshes/aws_robomaker_warehouse_RoofB_01_visual.DAE\n'}
[0.276640] (bcr_bot) StdoutLine: {'line': b'-- Up-to-date: /mnt/ssd/lsgloc_ws/install/bcr_bot/share/bcr_bot//models/aws_robomaker_warehouse_RoofB_01/materials\n'}
[0.276785] (bcr_bot) StdoutLine: {'line': b'-- Up-to-date: /mnt/ssd/lsgloc_ws/install/bcr_bot/share/bcr_bot//models/aws_robomaker_warehouse_RoofB_01/materials/textures\n'}
[0.276900] (bcr_bot) StdoutLine: {'line': b'-- Up-to-date: /mnt/ssd/lsgloc_ws/install/bcr_bot/share/bcr_bot//models/aws_robomaker_warehouse_RoofB_01/materials/textures/aws_robomaker_warehouse_RoofB_01.png\n'}
[0.276930] (bcr_bot) StdoutLine: {'line': b'-- Up-to-date: /mnt/ssd/lsgloc_ws/install/bcr_bot/share/bcr_bot//urdf\n'}
[0.276959] (bcr_bot) StdoutLine: {'line': b'-- Up-to-date: /mnt/ssd/lsgloc_ws/install/bcr_bot/share/bcr_bot//urdf/macros.xacro\n'}
[0.276988] (bcr_bot) StdoutLine: {'line': b'-- Up-to-date: /mnt/ssd/lsgloc_ws/install/bcr_bot/share/bcr_bot//urdf/ign.xacro\n'}
[0.277016] (bcr_bot) StdoutLine: {'line': b'-- Up-to-date: /mnt/ssd/lsgloc_ws/install/bcr_bot/share/bcr_bot//urdf/gazebo.xacro\n'}
[0.277049] (bcr_bot) StdoutLine: {'line': b'-- Up-to-date: /mnt/ssd/lsgloc_ws/install/bcr_bot/share/bcr_bot//urdf/materials.xacro\n'}
[0.277184] (bcr_bot) StdoutLine: {'line': b'-- Up-to-date: /mnt/ssd/lsgloc_ws/install/bcr_bot/share/bcr_bot//urdf/bcr_bot.xacro\n'}
[0.277237] (bcr_bot) StdoutLine: {'line': b'-- Up-to-date: /mnt/ssd/lsgloc_ws/install/bcr_bot/share/bcr_bot//urdf/gz.xacro\n'}
[0.277280] (bcr_bot) StdoutLine: {'line': b'-- Up-to-date: /mnt/ssd/lsgloc_ws/install/bcr_bot/share/bcr_bot//worlds\n'}
[0.277320] (bcr_bot) StdoutLine: {'line': b'-- Up-to-date: /mnt/ssd/lsgloc_ws/install/bcr_bot/share/bcr_bot//worlds/small_warehouse.sdf\n'}
[0.277359] (bcr_bot) StdoutLine: {'line': b'-- Up-to-date: /mnt/ssd/lsgloc_ws/install/bcr_bot/share/bcr_bot//worlds/empty.sdf\n'}
[0.277398] (bcr_bot) StdoutLine: {'line': b'-- Up-to-date: /mnt/ssd/lsgloc_ws/install/bcr_bot/share/bcr_bot//rviz\n'}
[0.277437] (bcr_bot) StdoutLine: {'line': b'-- Up-to-date: /mnt/ssd/lsgloc_ws/install/bcr_bot/share/bcr_bot//rviz/map.rviz\n'}
[0.277474] (bcr_bot) StdoutLine: {'line': b'-- Up-to-date: /mnt/ssd/lsgloc_ws/install/bcr_bot/share/bcr_bot//rviz/entire_setup.rviz\n'}
[0.277511] (bcr_bot) StdoutLine: {'line': b'-- Up-to-date: /mnt/ssd/lsgloc_ws/install/bcr_bot/share/bcr_bot/config\n'}
[0.277547] (bcr_bot) StdoutLine: {'line': b'-- Up-to-date: /mnt/ssd/lsgloc_ws/install/bcr_bot/share/bcr_bot/config/bcr_map.yaml\n'}
[0.277583] (bcr_bot) StdoutLine: {'line': b'-- Up-to-date: /mnt/ssd/lsgloc_ws/install/bcr_bot/share/bcr_bot/config/bcr_map.pgm\n'}
[0.277620] (bcr_bot) StdoutLine: {'line': b'-- Up-to-date: /mnt/ssd/lsgloc_ws/install/bcr_bot/share/bcr_bot/config/nav2_params.yaml\n'}
[0.277656] (bcr_bot) StdoutLine: {'line': b'-- Up-to-date: /mnt/ssd/lsgloc_ws/install/bcr_bot/share/bcr_bot/config/mapper_params_online_async.yaml\n'}
[0.277692] (bcr_bot) StdoutLine: {'line': b'-- Up-to-date: /mnt/ssd/lsgloc_ws/install/bcr_bot/lib/bcr_bot/remapper.py\n'}
[0.277728] (bcr_bot) StdoutLine: {'line': b'-- Up-to-date: /mnt/ssd/lsgloc_ws/install/bcr_bot/share/ament_index/resource_index/package_run_dependencies/bcr_bot\n'}
[0.277764] (bcr_bot) StdoutLine: {'line': b'-- Up-to-date: /mnt/ssd/lsgloc_ws/install/bcr_bot/share/ament_index/resource_index/parent_prefix_path/bcr_bot\n'}
[0.277800] (bcr_bot) StdoutLine: {'line': b'-- Up-to-date: /mnt/ssd/lsgloc_ws/install/bcr_bot/share/bcr_bot/environment/ament_prefix_path.sh\n'}
[0.277920] (bcr_bot) StdoutLine: {'line': b'-- Up-to-date: /mnt/ssd/lsgloc_ws/install/bcr_bot/share/bcr_bot/environment/ament_prefix_path.dsv\n'}
[0.277965] (bcr_bot) StdoutLine: {'line': b'-- Up-to-date: /mnt/ssd/lsgloc_ws/install/bcr_bot/share/bcr_bot/environment/path.sh\n'}
[0.278004] (bcr_bot) StdoutLine: {'line': b'-- Up-to-date: /mnt/ssd/lsgloc_ws/install/bcr_bot/share/bcr_bot/environment/path.dsv\n'}
[0.278045] (bcr_bot) StdoutLine: {'line': b'-- Up-to-date: /mnt/ssd/lsgloc_ws/install/bcr_bot/share/bcr_bot/local_setup.bash\n'}
[0.278194] (bcr_bot) StdoutLine: {'line': b'-- Up-to-date: /mnt/ssd/lsgloc_ws/install/bcr_bot/share/bcr_bot/local_setup.sh\n'}
[0.278279] (bcr_bot) StdoutLine: {'line': b'-- Up-to-date: /mnt/ssd/lsgloc_ws/install/bcr_bot/share/bcr_bot/local_setup.zsh\n'}
[0.278320] (bcr_bot) StdoutLine: {'line': b'-- Up-to-date: /mnt/ssd/lsgloc_ws/install/bcr_bot/share/bcr_bot/local_setup.dsv\n'}
[0.278371] (bcr_bot) StdoutLine: {'line': b'-- Installing: /mnt/ssd/lsgloc_ws/install/bcr_bot/share/bcr_bot/package.dsv\n'}
[0.278410] (bcr_bot) StdoutLine: {'line': b'-- Up-to-date: /mnt/ssd/lsgloc_ws/install/bcr_bot/share/ament_index/resource_index/packages/bcr_bot\n'}
[0.278448] (bcr_bot) StdoutLine: {'line': b'-- Up-to-date: /mnt/ssd/lsgloc_ws/install/bcr_bot/share/bcr_bot/cmake/bcr_botConfig.cmake\n'}
[0.278485] (bcr_bot) StdoutLine: {'line': b'-- Up-to-date: /mnt/ssd/lsgloc_ws/install/bcr_bot/share/bcr_bot/cmake/bcr_botConfig-version.cmake\n'}
[0.278522] (bcr_bot) StdoutLine: {'line': b'-- Up-to-date: /mnt/ssd/lsgloc_ws/install/bcr_bot/share/bcr_bot/package.xml\n'}
[0.278560] (bcr_bot) CommandEnded: {'returncode': 0}
[0.286382] (semantic_msgs) StdoutLine: {'line': b'running egg_info\n'}
[0.287271] (bcr_bot) JobEnded: {'identifier': 'bcr_bot', 'rc': 0}
[0.299977] (-) TimerEvent: {}
[0.301321] (semantic_msgs) StdoutLine: {'line': b'writing semantic_msgs.egg-info/PKG-INFO\n'}
[0.301429] (semantic_msgs) StdoutLine: {'line': b'writing dependency_links to semantic_msgs.egg-info/dependency_links.txt\n'}
[0.301542] (semantic_msgs) StdoutLine: {'line': b'writing top-level names to semantic_msgs.egg-info/top_level.txt\n'}
[0.328559] (semantic_msgs) StdoutLine: {'line': b"reading manifest file 'semantic_msgs.egg-info/SOURCES.txt'\n"}
[0.328881] (semantic_msgs) StdoutLine: {'line': b"writing manifest file 'semantic_msgs.egg-info/SOURCES.txt'\n"}
[0.351293] (semantic_msgs) StdoutLine: {'line': b'[100%] Built target ament_cmake_python_build_semantic_msgs_egg\n'}
[0.360039] (semantic_msgs) CommandEnded: {'returncode': 0}
[0.360472] (semantic_msgs) JobProgress: {'identifier': 'semantic_msgs', 'progress': 'install'}
[0.360735] (semantic_msgs) Command: {'cmd': ['/usr/bin/cmake', '--install', '/mnt/ssd/lsgloc_ws/build/semantic_msgs'], 'cwd': '/mnt/ssd/lsgloc_ws/build/semantic_msgs', 'env': OrderedDict([('GJS_DEBUG_TOPICS', 'JS ERROR;JS LOG'), ('PYTHON_BASIC_REPL', '1'), ('LESSOPEN', '| /usr/bin/lesspipe %s'), ('LANGUAGE', 'en_SG:en'), ('USER', 'sensethreat'), ('XDG_SESSION_TYPE', 'x11'), ('GIT_ASKPASS', '/usr/share/code/resources/app/extensions/git/dist/askpass.sh'), ('SHLVL', '1'), ('LD_LIBRARY_PATH', '/usr/local/cuda/lib64:/usr/lib/x86_64-linux-gnu/gazebo-11/plugins:/opt/ros/humble/opt/rviz_ogre_vendor/lib:/opt/ros/humble/lib/x86_64-linux-gnu:/opt/ros/humble/lib:/usr/local/cuda/lib64:'), ('HOME', '/home/sensethreat'), ('CHROME_DESKTOP', 'code.desktop'), ('CONDA_SHLVL', '0'), ('TERM_PROGRAM_VERSION', '1.108.2'), ('DESKTOP_SESSION', 'ubuntu'), ('NVM_BIN', '/home/sensethreat/.nvm/versions/node/v20.20.1/bin'), ('NVM_INC', '/home/sensethreat/.nvm/versions/node/v20.20.1/include/node'), ('GIO_LAUNCHED_DESKTOP_FILE', '/usr/share/applications/code.desktop'), ('ROS_PYTHON_VERSION', '3'), ('GNOME_SHELL_SESSION_MODE', 'ubuntu'), ('GTK_MODULES', 'gail:atk-bridge'), ('VSCODE_GIT_ASKPASS_MAIN', '/usr/share/code/resources/app/extensions/git/dist/askpass-main.js'), ('VSCODE_GIT_ASKPASS_NODE', '/usr/share/code/code'), ('MANAGERPID', '4235'), ('PYDEVD_DISABLE_FILE_VALIDATION', '1'), ('SYSTEMD_EXEC_PID', '4526'), ('BUNDLED_DEBUGPY_PATH', '/home/sensethreat/.vscode/extensions/ms-python.debugpy-2025.18.0-linux-x64/bundled/libs/debugpy'), ('VSCODE_PYTHON_AUTOACTIVATE_GUARD', '1'), ('DBUS_SESSION_BUS_ADDRESS', 'unix:path=/run/user/1000/bus'), ('COLORTERM', 'truecolor'), ('_CE_M', ''), ('GIO_LAUNCHED_DESKTOP_FILE_PID', '1699102'), ('NVM_DIR', '/home/sensethreat/.nvm'), ('ROS_DISTRO', 'humble'), ('GTK_IM_MODULE', 'ibus'), ('LOGNAME', 'sensethreat'), ('JOURNAL_STREAM', '8:25865'), ('_', '/usr/bin/colcon'), ('ROS_VERSION', '2'), ('CLAUDE_CODE_SSE_PORT', '13146'), ('XDG_SESSION_CLASS', 'user'), ('GEMINI_CLI_IDE_WORKSPACE_PATH', '/mnt/ssd/lsgloc_ws'), ('USERNAME', 'sensethreat'), ('TERM', 'xterm-256color'), ('GNOME_DESKTOP_SESSION_ID', 'this-is-deprecated'), ('_CE_CONDA', ''), ('FC_FONTATIONS', '1'), ('ROS_LOCALHOST_ONLY', '0'), ('GEMINI_CLI_IDE_SERVER_PORT', '37737'), ('WINDOWPATH', '2'), ('PATH', '/usr/local/cuda/bin:/home/sensethreat/.config/Code/User/globalStorage/github.copilot-chat/debugCommand:/home/sensethreat/.config/Code/User/globalStorage/github.copilot-chat/copilotCli:/home/sensethreat/.local/bin:/home/sensethreat/.nvm/versions/node/v20.20.1/bin:/opt/ros/humble/bin:/home/sensethreat/anaconda3/condabin:/usr/local/cuda/bin:/home/sensethreat/.local/bin:/usr/local/sbin:/usr/local/bin:/usr/sbin:/usr/bin:/sbin:/bin:/usr/games:/usr/local/games:/snap/bin:/snap/bin:/home/sensethreat/.vscode/extensions/ms-python.debugpy-2025.18.0-linux-x64/bundled/scripts/noConfigScripts'), ('SESSION_MANAGER', 'local/gr00t-4090:@/tmp/.ICE-unix/4476,unix/gr00t-4090:/tmp/.ICE-unix/4476'), ('INVOCATION_ID', '2f188857ecf04eb188026dc287baa7cc'), ('XDG_MENU_PREFIX', 'gnome-'), ('XDG_RUNTIME_DIR', '/run/user/1000'), ('GDK_BACKEND', 'x11'), ('DISPLAY', ':1'), ('VSCODE_DEBUGPY_ADAPTER_ENDPOINTS', '/home/sensethreat/.vscode/extensions/ms-python.debugpy-2025.18.0-linux-x64/.noConfigDebugAdapterEndpoints/endpoint-9686078bbb06aef1.txt'), ('LANG', 'en_US.UTF-8'), ('XDG_CURRENT_DESKTOP', 'ubuntu:GNOME'), ('PYTHONSTARTUP', '/home/sensethreat/.config/Code/User/workspaceStorage/a1ba31dbdeff2a34003cc17b1390a45e/ms-python.python/pythonrc.py'), ('XMODIFIERS', '@im=ibus'), ('XDG_SESSION_DESKTOP', 'ubuntu'), ('XAUTHORITY', '/run/user/1000/gdm/Xauthority'), ('LS_COLORS', 'rs=0:di=01;34:ln=01;36:mh=00:pi=40;33:so=01;35:do=01;35:bd=40;33;01:cd=40;33;01:or=40;31;01:mi=00:su=37;41:sg=30;43:ca=30;41:tw=30;42:ow=34;42:st=37;44:ex=01;32:*.tar=01;31:*.tgz=01;31:*.arc=01;31:*.arj=01;31:*.taz=01;31:*.lha=01;31:*.lz4=01;31:*.lzh=01;31:*.lzma=01;31:*.tlz=01;31:*.txz=01;31:*.tzo=01;31:*.t7z=01;31:*.zip=01;31:*.z=01;31:*.dz=01;31:*.gz=01;31:*.lrz=01;31:*.lz=01;31:*.lzo=01;31:*.xz=01;31:*.zst=01;31:*.tzst=01;31:*.bz2=01;31:*.bz=01;31:*.tbz=01;31:*.tbz2=01;31:*.tz=01;31:*.deb=01;31:*.rpm=01;31:*.jar=01;31:*.war=01;31:*.ear=01;31:*.sar=01;31:*.rar=01;31:*.alz=01;31:*.ace=01;31:*.zoo=01;31:*.cpio=01;31:*.7z=01;31:*.rz=01;31:*.cab=01;31:*.wim=01;31:*.swm=01;31:*.dwm=01;31:*.esd=01;31:*.jpg=01;35:*.jpeg=01;35:*.mjpg=01;35:*.mjpeg=01;35:*.gif=01;35:*.bmp=01;35:*.pbm=01;35:*.pgm=01;35:*.ppm=01;35:*.tga=01;35:*.xbm=01;35:*.xpm=01;35:*.tif=01;35:*.tiff=01;35:*.png=01;35:*.svg=01;35:*.svgz=01;35:*.mng=01;35:*.pcx=01;35:*.mov=01;35:*.mpg=01;35:*.mpeg=01;35:*.m2v=01;35:*.mkv=01;35:*.webm=01;35:*.webp=01;35:*.ogm=01;35:*.mp4=01;35:*.m4v=01;35:*.mp4v=01;35:*.vob=01;35:*.qt=01;35:*.nuv=01;35:*.wmv=01;35:*.asf=01;35:*.rm=01;35:*.rmvb=01;35:*.flc=01;35:*.avi=01;35:*.fli=01;35:*.flv=01;35:*.gl=01;35:*.dl=01;35:*.xcf=01;35:*.xwd=01;35:*.yuv=01;35:*.cgm=01;35:*.emf=01;35:*.ogv=01;35:*.ogx=01;35:*.aac=00;36:*.au=00;36:*.flac=00;36:*.m4a=00;36:*.mid=00;36:*.midi=00;36:*.mka=00;36:*.mp3=00;36:*.mpc=00;36:*.ogg=00;36:*.ra=00;36:*.wav=00;36:*.oga=00;36:*.opus=00;36:*.spx=00;36:*.xspf=00;36:'), ('VSCODE_GIT_IPC_HANDLE', '/run/user/1000/vscode-git-e747b80a0c.sock'), ('TERM_PROGRAM', 'vscode'), ('SSH_AGENT_LAUNCHER', 'gnome-keyring'), ('SSH_AUTH_SOCK', '/run/user/1000/keyring/ssh'), ('ROS_DOMAIN_ID', '42'), ('AMENT_PREFIX_PATH', '/opt/ros/humble'), ('CONDA_PYTHON_EXE', '/home/sensethreat/anaconda3/bin/python'), ('SHELL', '/bin/bash'), ('QT_ACCESSIBILITY', '1'), ('GDMSESSION', 'ubuntu'), ('LESSCLOSE', '/usr/bin/lesspipe %s %s'), ('GPG_AGENT_INFO', '/run/user/1000/gnupg/S.gpg-agent:0:1'), ('GJS_DEBUG_OUTPUT', 'stderr'), ('VSCODE_GIT_ASKPASS_EXTRA_ARGS', ''), ('QT_IM_MODULE', 'ibus'), ('GEMINI_CLI_IDE_AUTH_TOKEN', '26413f97-634b-4051-b3bb-35b322666b9d'), ('PWD', '/mnt/ssd/lsgloc_ws/build/semantic_msgs'), ('TURTLEBOT3_MODEL', 'waffle'), ('LC_ALL', 'en_US.UTF-8'), ('XDG_CONFIG_DIRS', '/etc/xdg/xdg-ubuntu:/etc/xdg'), ('CONDA_EXE', '/home/sensethreat/anaconda3/bin/conda'), ('NVM_CD_FLAGS', ''), ('XDG_DATA_DIRS', '/usr/share/ubuntu:/usr/share/gnome:/usr/local/share/:/usr/share/:/var/lib/snapd/desktop'), ('LDS_MODEL', 'LDS-01'), ('PYTHONPATH', '/opt/ros/humble/lib/python3.10/site-packages:/opt/ros/humble/local/lib/python3.10/dist-packages'), ('COLCON', '1'), ('CMAKE_PREFIX_PATH', '/opt/ros/humble')]), 'shell': False}
[0.366319] (semantic_msgs) StdoutLine: {'line': b'-- Install configuration: ""\n'}
[0.366421] (semantic_msgs) StdoutLine: {'line': b'-- Up-to-date: /mnt/ssd/lsgloc_ws/install/semantic_msgs/share/ament_index/resource_index/rosidl_interfaces/semantic_msgs\n'}
[0.366476] (semantic_msgs) StdoutLine: {'line': b'-- Up-to-date: /mnt/ssd/lsgloc_ws/install/semantic_msgs/include/semantic_msgs/semantic_msgs\n'}
[0.366539] (semantic_msgs) StdoutLine: {'line': b'-- Up-to-date: /mnt/ssd/lsgloc_ws/install/semantic_msgs/include/semantic_msgs/semantic_msgs/msg\n'}
[0.366631] (semantic_msgs) StdoutLine: {'line': b'-- Up-to-date: /mnt/ssd/lsgloc_ws/install/semantic_msgs/include/semantic_msgs/semantic_msgs/msg/semantic_detection_array.h\n'}
[0.366677] (semantic_msgs) StdoutLine: {'line': b'-- Up-to-date: /mnt/ssd/lsgloc_ws/install/semantic_msgs/include/semantic_msgs/semantic_msgs/msg/semantic_detection.h\n'}
[0.366720] (semantic_msgs) StdoutLine: {'line': b'-- Up-to-date: /mnt/ssd/lsgloc_ws/install/semantic_msgs/include/semantic_msgs/semantic_msgs/msg/detail\n'}
[0.366762] (semantic_msgs) StdoutLine: {'line': b'-- Up-to-date: /mnt/ssd/lsgloc_ws/install/semantic_msgs/include/semantic_msgs/semantic_msgs/msg/detail/semantic_detection_array__functions.h\n'}
[0.366805] (semantic_msgs) StdoutLine: {'line': b'-- Up-to-date: /mnt/ssd/lsgloc_ws/install/semantic_msgs/include/semantic_msgs/semantic_msgs/msg/detail/semantic_detection__type_support.h\n'}
[0.366847] (semantic_msgs) StdoutLine: {'line': b'-- Up-to-date: /mnt/ssd/lsgloc_ws/install/semantic_msgs/include/semantic_msgs/semantic_msgs/msg/detail/semantic_detection__functions.c\n'}
[0.366888] (semantic_msgs) StdoutLine: {'line': b'-- Up-to-date: /mnt/ssd/lsgloc_ws/install/semantic_msgs/include/semantic_msgs/semantic_msgs/msg/detail/semantic_detection_array__functions.c\n'}
[0.366928] (semantic_msgs) StdoutLine: {'line': b'-- Up-to-date: /mnt/ssd/lsgloc_ws/install/semantic_msgs/include/semantic_msgs/semantic_msgs/msg/detail/semantic_detection_array__type_support.h\n'}
[0.366968] (semantic_msgs) StdoutLine: {'line': b'-- Up-to-date: /mnt/ssd/lsgloc_ws/install/semantic_msgs/include/semantic_msgs/semantic_msgs/msg/detail/semantic_detection__struct.h\n'}
[0.367023] (semantic_msgs) StdoutLine: {'line': b'-- Up-to-date: /mnt/ssd/lsgloc_ws/install/semantic_msgs/include/semantic_msgs/semantic_msgs/msg/detail/semantic_detection_array__struct.h\n'}
[0.367097] (semantic_msgs) StdoutLine: {'line': b'-- Up-to-date: /mnt/ssd/lsgloc_ws/install/semantic_msgs/include/semantic_msgs/semantic_msgs/msg/detail/semantic_detection__functions.h\n'}
[0.367131] (semantic_msgs) StdoutLine: {'line': b'-- Up-to-date: /mnt/ssd/lsgloc_ws/install/semantic_msgs/include/semantic_msgs/semantic_msgs/msg/rosidl_generator_c__visibility_control.h\n'}
[0.367161] (semantic_msgs) StdoutLine: {'line': b'-- Up-to-date: /mnt/ssd/lsgloc_ws/install/semantic_msgs/share/semantic_msgs/environment/library_path.sh\n'}
[0.367208] (semantic_msgs) StdoutLine: {'line': b'-- Up-to-date: /mnt/ssd/lsgloc_ws/install/semantic_msgs/share/semantic_msgs/environment/library_path.dsv\n'}
[0.367239] (semantic_msgs) StdoutLine: {'line': b'-- Up-to-date: /mnt/ssd/lsgloc_ws/install/semantic_msgs/lib/libsemantic_msgs__rosidl_generator_c.so\n'}
[0.367268] (semantic_msgs) StdoutLine: {'line': b'-- Up-to-date: /mnt/ssd/lsgloc_ws/install/semantic_msgs/include/semantic_msgs/semantic_msgs\n'}
[0.367309] (semantic_msgs) StdoutLine: {'line': b'-- Up-to-date: /mnt/ssd/lsgloc_ws/install/semantic_msgs/include/semantic_msgs/semantic_msgs/msg\n'}
[0.367349] (semantic_msgs) StdoutLine: {'line': b'-- Up-to-date: /mnt/ssd/lsgloc_ws/install/semantic_msgs/include/semantic_msgs/semantic_msgs/msg/rosidl_typesupport_fastrtps_c__visibility_control.h\n'}
[0.367389] (semantic_msgs) StdoutLine: {'line': b'-- Up-to-date: /mnt/ssd/lsgloc_ws/install/semantic_msgs/include/semantic_msgs/semantic_msgs/msg/detail\n'}
[0.367429] (semantic_msgs) StdoutLine: {'line': b'-- Up-to-date: /mnt/ssd/lsgloc_ws/install/semantic_msgs/include/semantic_msgs/semantic_msgs/msg/detail/semantic_detection_array__rosidl_typesupport_fastrtps_c.h\n'}
[0.367480] (semantic_msgs) StdoutLine: {'line': b'-- Up-to-date: /mnt/ssd/lsgloc_ws/install/semantic_msgs/include/semantic_msgs/semantic_msgs/msg/detail/semantic_detection__rosidl_typesupport_fastrtps_c.h\n'}
[0.367564] (semantic_msgs) StdoutLine: {'line': b'-- Up-to-date: /mnt/ssd/lsgloc_ws/install/semantic_msgs/lib/libsemantic_msgs__rosidl_typesupport_fastrtps_c.so\n'}
[0.367607] (semantic_msgs) StdoutLine: {'line': b'-- Up-to-date: /mnt/ssd/lsgloc_ws/install/semantic_msgs/include/semantic_msgs/semantic_msgs\n'}
[0.367648] (semantic_msgs) StdoutLine: {'line': b'-- Up-to-date: /mnt/ssd/lsgloc_ws/install/semantic_msgs/include/semantic_msgs/semantic_msgs/msg\n'}
[0.367688] (semantic_msgs) StdoutLine: {'line': b'-- Up-to-date: /mnt/ssd/lsgloc_ws/install/semantic_msgs/include/semantic_msgs/semantic_msgs/msg/semantic_detection.hpp\n'}
[0.367728] (semantic_msgs) StdoutLine: {'line': b'-- Up-to-date: /mnt/ssd/lsgloc_ws/install/semantic_msgs/include/semantic_msgs/semantic_msgs/msg/semantic_detection_array.hpp\n'}
[0.367797] (semantic_msgs) StdoutLine: {'line': b'-- Up-to-date: /mnt/ssd/lsgloc_ws/install/semantic_msgs/include/semantic_msgs/semantic_msgs/msg/detail\n'}
[0.367827] (semantic_msgs) StdoutLine: {'line': b'-- Up-to-date: /mnt/ssd/lsgloc_ws/install/semantic_msgs/include/semantic_msgs/semantic_msgs/msg/detail/semantic_detection_array__type_support.hpp\n'}
[0.367859] (semantic_msgs) StdoutLine: {'line': b'-- Up-to-date: /mnt/ssd/lsgloc_ws/install/semantic_msgs/include/semantic_msgs/semantic_msgs/msg/detail/semantic_detection__struct.hpp\n'}
[0.367900] (semantic_msgs) StdoutLine: {'line': b'-- Up-to-date: /mnt/ssd/lsgloc_ws/install/semantic_msgs/include/semantic_msgs/semantic_msgs/msg/detail/semantic_detection_array__traits.hpp\n'}
[0.367941] (semantic_msgs) StdoutLine: {'line': b'-- Up-to-date: /mnt/ssd/lsgloc_ws/install/semantic_msgs/include/semantic_msgs/semantic_msgs/msg/detail/semantic_detection_array__builder.hpp\n'}
[0.367981] (semantic_msgs) StdoutLine: {'line': b'-- Up-to-date: /mnt/ssd/lsgloc_ws/install/semantic_msgs/include/semantic_msgs/semantic_msgs/msg/detail/semantic_detection__traits.hpp\n'}
[0.368021] (semantic_msgs) StdoutLine: {'line': b'-- Up-to-date: /mnt/ssd/lsgloc_ws/install/semantic_msgs/include/semantic_msgs/semantic_msgs/msg/detail/semantic_detection__type_support.hpp\n'}
[0.368077] (semantic_msgs) StdoutLine: {'line': b'-- Up-to-date: /mnt/ssd/lsgloc_ws/install/semantic_msgs/include/semantic_msgs/semantic_msgs/msg/detail/semantic_detection_array__struct.hpp\n'}
[0.368135] (semantic_msgs) StdoutLine: {'line': b'-- Up-to-date: /mnt/ssd/lsgloc_ws/install/semantic_msgs/include/semantic_msgs/semantic_msgs/msg/detail/semantic_detection__builder.hpp\n'}
[0.368166] (semantic_msgs) StdoutLine: {'line': b'-- Up-to-date: /mnt/ssd/lsgloc_ws/install/semantic_msgs/include/semantic_msgs/semantic_msgs/msg/rosidl_generator_cpp__visibility_control.hpp\n'}
[0.368195] (semantic_msgs) StdoutLine: {'line': b'-- Up-to-date: /mnt/ssd/lsgloc_ws/install/semantic_msgs/include/semantic_msgs/semantic_msgs\n'}
[0.368224] (semantic_msgs) StdoutLine: {'line': b'-- Up-to-date: /mnt/ssd/lsgloc_ws/install/semantic_msgs/include/semantic_msgs/semantic_msgs/msg\n'}
[0.368266] (semantic_msgs) StdoutLine: {'line': b'-- Up-to-date: /mnt/ssd/lsgloc_ws/install/semantic_msgs/include/semantic_msgs/semantic_msgs/msg/rosidl_typesupport_fastrtps_cpp__visibility_control.h\n'}
[0.368310] (semantic_msgs) StdoutLine: {'line': b'-- Up-to-date: /mnt/ssd/lsgloc_ws/install/semantic_msgs/include/semantic_msgs/semantic_msgs/msg/detail\n'}
[0.368359] (semantic_msgs) StdoutLine: {'line': b'-- Up-to-date: /mnt/ssd/lsgloc_ws/install/semantic_msgs/include/semantic_msgs/semantic_msgs/msg/detail/semantic_detection_array__rosidl_typesupport_fastrtps_cpp.hpp\n'}
[0.368410] (semantic_msgs) StdoutLine: {'line': b'-- Up-to-date: /mnt/ssd/lsgloc_ws/install/semantic_msgs/include/semantic_msgs/semantic_msgs/msg/detail/semantic_detection__rosidl_typesupport_fastrtps_cpp.hpp\n'}
[0.368460] (semantic_msgs) StdoutLine: {'line': b'-- Up-to-date: /mnt/ssd/lsgloc_ws/install/semantic_msgs/include/semantic_msgs/semantic_msgs/msg/detail/dds_fastrtps\n'}
[0.368555] (semantic_msgs) StdoutLine: {'line': b'-- Up-to-date: /mnt/ssd/lsgloc_ws/install/semantic_msgs/lib/libsemantic_msgs__rosidl_typesupport_fastrtps_cpp.so\n'}
[0.368608] (semantic_msgs) StdoutLine: {'line': b'-- Up-to-date: /mnt/ssd/lsgloc_ws/install/semantic_msgs/include/semantic_msgs/semantic_msgs\n'}
[0.368656] (semantic_msgs) StdoutLine: {'line': b'-- Up-to-date: /mnt/ssd/lsgloc_ws/install/semantic_msgs/include/semantic_msgs/semantic_msgs/msg\n'}
[0.368699] (semantic_msgs) StdoutLine: {'line': b'-- Up-to-date: /mnt/ssd/lsgloc_ws/install/semantic_msgs/include/semantic_msgs/semantic_msgs/msg/rosidl_typesupport_introspection_c__visibility_control.h\n'}
[0.368733] (semantic_msgs) StdoutLine: {'line': b'-- Up-to-date: /mnt/ssd/lsgloc_ws/install/semantic_msgs/include/semantic_msgs/semantic_msgs/msg/detail\n'}
[0.368765] (semantic_msgs) StdoutLine: {'line': b'-- Up-to-date: /mnt/ssd/lsgloc_ws/install/semantic_msgs/include/semantic_msgs/semantic_msgs/msg/detail/semantic_detection_array__type_support.c\n'}
[0.368793] (semantic_msgs) StdoutLine: {'line': b'-- Up-to-date: /mnt/ssd/lsgloc_ws/install/semantic_msgs/include/semantic_msgs/semantic_msgs/msg/detail/semantic_detection__rosidl_typesupport_introspection_c.h\n'}
[0.368820] (semantic_msgs) StdoutLine: {'line': b'-- Up-to-date: /mnt/ssd/lsgloc_ws/install/semantic_msgs/include/semantic_msgs/semantic_msgs/msg/detail/semantic_detection_array__rosidl_typesupport_introspection_c.h\n'}
[0.368846] (semantic_msgs) StdoutLine: {'line': b'-- Up-to-date: /mnt/ssd/lsgloc_ws/install/semantic_msgs/include/semantic_msgs/semantic_msgs/msg/detail/semantic_detection__type_support.c\n'}
[0.368872] (semantic_msgs) StdoutLine: {'line': b'-- Up-to-date: /mnt/ssd/lsgloc_ws/install/semantic_msgs/lib/libsemantic_msgs__rosidl_typesupport_introspection_c.so\n'}
[0.368919] (semantic_msgs) StdoutLine: {'line': b'-- Up-to-date: /mnt/ssd/lsgloc_ws/install/semantic_msgs/lib/libsemantic_msgs__rosidl_typesupport_c.so\n'}
[0.368943] (semantic_msgs) StdoutLine: {'line': b'-- Up-to-date: /mnt/ssd/lsgloc_ws/install/semantic_msgs/include/semantic_msgs/semantic_msgs\n'}
[0.368966] (semantic_msgs) StdoutLine: {'line': b'-- Up-to-date: /mnt/ssd/lsgloc_ws/install/semantic_msgs/include/semantic_msgs/semantic_msgs/msg\n'}
[0.368992] (semantic_msgs) StdoutLine: {'line': b'-- Up-to-date: /mnt/ssd/lsgloc_ws/install/semantic_msgs/include/semantic_msgs/semantic_msgs/msg/detail\n'}
[0.369018] (semantic_msgs) StdoutLine: {'line': b'-- Up-to-date: /mnt/ssd/lsgloc_ws/install/semantic_msgs/include/semantic_msgs/semantic_msgs/msg/detail/semantic_detection_array__rosidl_typesupport_introspection_cpp.hpp\n'}
[0.369121] (semantic_msgs) StdoutLine: {'line': b'-- Up-to-date: /mnt/ssd/lsgloc_ws/install/semantic_msgs/include/semantic_msgs/semantic_msgs/msg/detail/semantic_detection__type_support.cpp\n'}
[0.369189] (semantic_msgs) StdoutLine: {'line': b'-- Up-to-date: /mnt/ssd/lsgloc_ws/install/semantic_msgs/include/semantic_msgs/semantic_msgs/msg/detail/semantic_detection_array__type_support.cpp\n'}
[0.369245] (semantic_msgs) StdoutLine: {'line': b'-- Up-to-date: /mnt/ssd/lsgloc_ws/install/semantic_msgs/include/semantic_msgs/semantic_msgs/msg/detail/semantic_detection__rosidl_typesupport_introspection_cpp.hpp\n'}
[0.369336] (semantic_msgs) StdoutLine: {'line': b'-- Up-to-date: /mnt/ssd/lsgloc_ws/install/semantic_msgs/lib/libsemantic_msgs__rosidl_typesupport_introspection_cpp.so\n'}
[0.369397] (semantic_msgs) StdoutLine: {'line': b'-- Up-to-date: /mnt/ssd/lsgloc_ws/install/semantic_msgs/lib/libsemantic_msgs__rosidl_typesupport_cpp.so\n'}
[0.369446] (semantic_msgs) StdoutLine: {'line': b'-- Up-to-date: /mnt/ssd/lsgloc_ws/install/semantic_msgs/share/semantic_msgs/environment/pythonpath.sh\n'}
[0.369489] (semantic_msgs) StdoutLine: {'line': b'-- Up-to-date: /mnt/ssd/lsgloc_ws/install/semantic_msgs/share/semantic_msgs/environment/pythonpath.dsv\n'}
[0.369530] (semantic_msgs) StdoutLine: {'line': b'-- Up-to-date: /mnt/ssd/lsgloc_ws/install/semantic_msgs/local/lib/python3.10/dist-packages/semantic_msgs-0.0.0-py3.10.egg-info\n'}
[0.369579] (semantic_msgs) StdoutLine: {'line': b'-- Installing: /mnt/ssd/lsgloc_ws/install/semantic_msgs/local/lib/python3.10/dist-packages/semantic_msgs-0.0.0-py3.10.egg-info/SOURCES.txt\n'}
[0.369618] (semantic_msgs) StdoutLine: {'line': b'-- Installing: /mnt/ssd/lsgloc_ws/install/semantic_msgs/local/lib/python3.10/dist-packages/semantic_msgs-0.0.0-py3.10.egg-info/top_level.txt\n'}
[0.369664] (semantic_msgs) StdoutLine: {'line': b'-- Installing: /mnt/ssd/lsgloc_ws/install/semantic_msgs/local/lib/python3.10/dist-packages/semantic_msgs-0.0.0-py3.10.egg-info/PKG-INFO\n'}
[0.369777] (semantic_msgs) StdoutLine: {'line': b'-- Installing: /mnt/ssd/lsgloc_ws/install/semantic_msgs/local/lib/python3.10/dist-packages/semantic_msgs-0.0.0-py3.10.egg-info/dependency_links.txt\n'}
[0.369834] (semantic_msgs) StdoutLine: {'line': b'-- Up-to-date: /mnt/ssd/lsgloc_ws/install/semantic_msgs/local/lib/python3.10/dist-packages/semantic_msgs\n'}
[0.369882] (semantic_msgs) StdoutLine: {'line': b'-- Up-to-date: /mnt/ssd/lsgloc_ws/install/semantic_msgs/local/lib/python3.10/dist-packages/semantic_msgs/libsemantic_msgs__rosidl_generator_py.so\n'}
[0.369930] (semantic_msgs) StdoutLine: {'line': b'-- Up-to-date: /mnt/ssd/lsgloc_ws/install/semantic_msgs/local/lib/python3.10/dist-packages/semantic_msgs/semantic_msgs_s__rosidl_typesupport_c.cpython-310-x86_64-linux-gnu.so\n'}
[0.369978] (semantic_msgs) StdoutLine: {'line': b'-- Up-to-date: /mnt/ssd/lsgloc_ws/install/semantic_msgs/local/lib/python3.10/dist-packages/semantic_msgs/_semantic_msgs_s.ep.rosidl_typesupport_introspection_c.c\n'}
[0.370032] (semantic_msgs) StdoutLine: {'line': b'-- Up-to-date: /mnt/ssd/lsgloc_ws/install/semantic_msgs/local/lib/python3.10/dist-packages/semantic_msgs/__init__.py\n'}
[0.370089] (semantic_msgs) StdoutLine: {'line': b'-- Up-to-date: /mnt/ssd/lsgloc_ws/install/semantic_msgs/local/lib/python3.10/dist-packages/semantic_msgs/msg\n'}
[0.370137] (semantic_msgs) StdoutLine: {'line': b'-- Up-to-date: /mnt/ssd/lsgloc_ws/install/semantic_msgs/local/lib/python3.10/dist-packages/semantic_msgs/msg/__init__.py\n'}
[0.370184] (semantic_msgs) StdoutLine: {'line': b'-- Up-to-date: /mnt/ssd/lsgloc_ws/install/semantic_msgs/local/lib/python3.10/dist-packages/semantic_msgs/msg/_semantic_detection.py\n'}
[0.370231] (semantic_msgs) StdoutLine: {'line': b'-- Up-to-date: /mnt/ssd/lsgloc_ws/install/semantic_msgs/local/lib/python3.10/dist-packages/semantic_msgs/msg/_semantic_detection_s.c\n'}
[0.370278] (semantic_msgs) StdoutLine: {'line': b'-- Up-to-date: /mnt/ssd/lsgloc_ws/install/semantic_msgs/local/lib/python3.10/dist-packages/semantic_msgs/msg/_semantic_detection_array_s.c\n'}
[0.370323] (semantic_msgs) StdoutLine: {'line': b'-- Up-to-date: /mnt/ssd/lsgloc_ws/install/semantic_msgs/local/lib/python3.10/dist-packages/semantic_msgs/msg/_semantic_detection_array.py\n'}
[0.370368] (semantic_msgs) StdoutLine: {'line': b'-- Up-to-date: /mnt/ssd/lsgloc_ws/install/semantic_msgs/local/lib/python3.10/dist-packages/semantic_msgs/_semantic_msgs_s.ep.rosidl_typesupport_fastrtps_c.c\n'}
[0.370412] (semantic_msgs) StdoutLine: {'line': b'-- Up-to-date: /mnt/ssd/lsgloc_ws/install/semantic_msgs/local/lib/python3.10/dist-packages/semantic_msgs/_semantic_msgs_s.ep.rosidl_typesupport_c.c\n'}
[0.370457] (semantic_msgs) StdoutLine: {'line': b'-- Up-to-date: /mnt/ssd/lsgloc_ws/install/semantic_msgs/local/lib/python3.10/dist-packages/semantic_msgs/semantic_msgs_s__rosidl_typesupport_fastrtps_c.cpython-310-x86_64-linux-gnu.so\n'}
[0.370509] (semantic_msgs) StdoutLine: {'line': b'-- Up-to-date: /mnt/ssd/lsgloc_ws/install/semantic_msgs/local/lib/python3.10/dist-packages/semantic_msgs/semantic_msgs_s__rosidl_typesupport_introspection_c.cpython-310-x86_64-linux-gnu.so\n'}
[0.387604] (semantic_msgs) StdoutLine: {'line': b"Listing '/mnt/ssd/lsgloc_ws/install/semantic_msgs/local/lib/python3.10/dist-packages/semantic_msgs'...\n"}
[0.387746] (semantic_msgs) StdoutLine: {'line': b"Listing '/mnt/ssd/lsgloc_ws/install/semantic_msgs/local/lib/python3.10/dist-packages/semantic_msgs/msg'...\n"}
[0.390212] (semantic_msgs) StdoutLine: {'line': b'-- Up-to-date: /mnt/ssd/lsgloc_ws/install/semantic_msgs/local/lib/python3.10/dist-packages/semantic_msgs/semantic_msgs_s__rosidl_typesupport_fastrtps_c.cpython-310-x86_64-linux-gnu.so\n'}
[0.390380] (semantic_msgs) StdoutLine: {'line': b'-- Up-to-date: /mnt/ssd/lsgloc_ws/install/semantic_msgs/local/lib/python3.10/dist-packages/semantic_msgs/semantic_msgs_s__rosidl_typesupport_introspection_c.cpython-310-x86_64-linux-gnu.so\n'}
[0.390551] (semantic_msgs) StdoutLine: {'line': b'-- Up-to-date: /mnt/ssd/lsgloc_ws/install/semantic_msgs/local/lib/python3.10/dist-packages/semantic_msgs/semantic_msgs_s__rosidl_typesupport_c.cpython-310-x86_64-linux-gnu.so\n'}
[0.390721] (semantic_msgs) StdoutLine: {'line': b'-- Up-to-date: /mnt/ssd/lsgloc_ws/install/semantic_msgs/lib/libsemantic_msgs__rosidl_generator_py.so\n'}
[0.390827] (semantic_msgs) StdoutLine: {'line': b'-- Up-to-date: /mnt/ssd/lsgloc_ws/install/semantic_msgs/share/semantic_msgs/msg/SemanticDetection.idl\n'}
[0.390928] (semantic_msgs) StdoutLine: {'line': b'-- Up-to-date: /mnt/ssd/lsgloc_ws/install/semantic_msgs/share/semantic_msgs/msg/SemanticDetectionArray.idl\n'}
[0.391008] (semantic_msgs) StdoutLine: {'line': b'-- Up-to-date: /mnt/ssd/lsgloc_ws/install/semantic_msgs/share/semantic_msgs/msg/SemanticDetection.msg\n'}
[0.391066] (semantic_msgs) StdoutLine: {'line': b'-- Up-to-date: /mnt/ssd/lsgloc_ws/install/semantic_msgs/share/semantic_msgs/msg/SemanticDetectionArray.msg\n'}
[0.391154] (semantic_msgs) StdoutLine: {'line': b'-- Up-to-date: /mnt/ssd/lsgloc_ws/install/semantic_msgs/share/ament_index/resource_index/package_run_dependencies/semantic_msgs\n'}
[0.391198] (semantic_msgs) StdoutLine: {'line': b'-- Up-to-date: /mnt/ssd/lsgloc_ws/install/semantic_msgs/share/ament_index/resource_index/parent_prefix_path/semantic_msgs\n'}
[0.391241] (semantic_msgs) StdoutLine: {'line': b'-- Up-to-date: /mnt/ssd/lsgloc_ws/install/semantic_msgs/share/semantic_msgs/environment/ament_prefix_path.sh\n'}
[0.391291] (semantic_msgs) StdoutLine: {'line': b'-- Up-to-date: /mnt/ssd/lsgloc_ws/install/semantic_msgs/share/semantic_msgs/environment/ament_prefix_path.dsv\n'}
[0.391339] (semantic_msgs) StdoutLine: {'line': b'-- Up-to-date: /mnt/ssd/lsgloc_ws/install/semantic_msgs/share/semantic_msgs/environment/path.sh\n'}
[0.391384] (semantic_msgs) StdoutLine: {'line': b'-- Up-to-date: /mnt/ssd/lsgloc_ws/install/semantic_msgs/share/semantic_msgs/environment/path.dsv\n'}
[0.391434] (semantic_msgs) StdoutLine: {'line': b'-- Up-to-date: /mnt/ssd/lsgloc_ws/install/semantic_msgs/share/semantic_msgs/local_setup.bash\n'}
[0.391484] (semantic_msgs) StdoutLine: {'line': b'-- Up-to-date: /mnt/ssd/lsgloc_ws/install/semantic_msgs/share/semantic_msgs/local_setup.sh\n'}
[0.391587] (semantic_msgs) StdoutLine: {'line': b'-- Up-to-date: /mnt/ssd/lsgloc_ws/install/semantic_msgs/share/semantic_msgs/local_setup.zsh\n'}
[0.391639] (semantic_msgs) StdoutLine: {'line': b'-- Up-to-date: /mnt/ssd/lsgloc_ws/install/semantic_msgs/share/semantic_msgs/local_setup.dsv\n'}
[0.391671] (semantic_msgs) StdoutLine: {'line': b'-- Installing: /mnt/ssd/lsgloc_ws/install/semantic_msgs/share/semantic_msgs/package.dsv\n'}
[0.391699] (semantic_msgs) StdoutLine: {'line': b'-- Up-to-date: /mnt/ssd/lsgloc_ws/install/semantic_msgs/share/ament_index/resource_index/packages/semantic_msgs\n'}
[0.391727] (semantic_msgs) StdoutLine: {'line': b'-- Up-to-date: /mnt/ssd/lsgloc_ws/install/semantic_msgs/share/semantic_msgs/cmake/export_semantic_msgs__rosidl_generator_cExport.cmake\n'}
[0.391759] (semantic_msgs) StdoutLine: {'line': b'-- Up-to-date: /mnt/ssd/lsgloc_ws/install/semantic_msgs/share/semantic_msgs/cmake/export_semantic_msgs__rosidl_generator_cExport-noconfig.cmake\n'}
[0.391803] (semantic_msgs) StdoutLine: {'line': b'-- Up-to-date: /mnt/ssd/lsgloc_ws/install/semantic_msgs/share/semantic_msgs/cmake/export_semantic_msgs__rosidl_typesupport_fastrtps_cExport.cmake\n'}
[0.391830] (semantic_msgs) StdoutLine: {'line': b'-- Up-to-date: /mnt/ssd/lsgloc_ws/install/semantic_msgs/share/semantic_msgs/cmake/export_semantic_msgs__rosidl_typesupport_fastrtps_cExport-noconfig.cmake\n'}
[0.391881] (semantic_msgs) StdoutLine: {'line': b'-- Up-to-date: /mnt/ssd/lsgloc_ws/install/semantic_msgs/share/semantic_msgs/cmake/export_semantic_msgs__rosidl_generator_cppExport.cmake\n'}
[0.391908] (semantic_msgs) StdoutLine: {'line': b'-- Up-to-date: /mnt/ssd/lsgloc_ws/install/semantic_msgs/share/semantic_msgs/cmake/export_semantic_msgs__rosidl_typesupport_fastrtps_cppExport.cmake\n'}
[0.391936] (semantic_msgs) StdoutLine: {'line': b'-- Up-to-date: /mnt/ssd/lsgloc_ws/install/semantic_msgs/share/semantic_msgs/cmake/export_semantic_msgs__rosidl_typesupport_fastrtps_cppExport-noconfig.cmake\n'}
[0.391963] (semantic_msgs) StdoutLine: {'line': b'-- Up-to-date: /mnt/ssd/lsgloc_ws/install/semantic_msgs/share/semantic_msgs/cmake/semantic_msgs__rosidl_typesupport_introspection_cExport.cmake\n'}
[0.391990] (semantic_msgs) StdoutLine: {'line': b'-- Up-to-date: /mnt/ssd/lsgloc_ws/install/semantic_msgs/share/semantic_msgs/cmake/semantic_msgs__rosidl_typesupport_introspection_cExport-noconfig.cmake\n'}
[0.392038] (semantic_msgs) StdoutLine: {'line': b'-- Up-to-date: /mnt/ssd/lsgloc_ws/install/semantic_msgs/share/semantic_msgs/cmake/semantic_msgs__rosidl_typesupport_cExport.cmake\n'}
[0.392082] (semantic_msgs) StdoutLine: {'line': b'-- Up-to-date: /mnt/ssd/lsgloc_ws/install/semantic_msgs/share/semantic_msgs/cmake/semantic_msgs__rosidl_typesupport_cExport-noconfig.cmake\n'}
[0.392111] (semantic_msgs) StdoutLine: {'line': b'-- Up-to-date: /mnt/ssd/lsgloc_ws/install/semantic_msgs/share/semantic_msgs/cmake/semantic_msgs__rosidl_typesupport_introspection_cppExport.cmake\n'}
[0.392139] (semantic_msgs) StdoutLine: {'line': b'-- Up-to-date: /mnt/ssd/lsgloc_ws/install/semantic_msgs/share/semantic_msgs/cmake/semantic_msgs__rosidl_typesupport_introspection_cppExport-noconfig.cmake\n'}
[0.392165] (semantic_msgs) StdoutLine: {'line': b'-- Up-to-date: /mnt/ssd/lsgloc_ws/install/semantic_msgs/share/semantic_msgs/cmake/semantic_msgs__rosidl_typesupport_cppExport.cmake\n'}
[0.392212] (semantic_msgs) StdoutLine: {'line': b'-- Up-to-date: /mnt/ssd/lsgloc_ws/install/semantic_msgs/share/semantic_msgs/cmake/semantic_msgs__rosidl_typesupport_cppExport-noconfig.cmake\n'}
[0.392261] (semantic_msgs) StdoutLine: {'line': b'-- Up-to-date: /mnt/ssd/lsgloc_ws/install/semantic_msgs/share/semantic_msgs/cmake/export_semantic_msgs__rosidl_generator_pyExport.cmake\n'}
[0.392288] (semantic_msgs) StdoutLine: {'line': b'-- Up-to-date: /mnt/ssd/lsgloc_ws/install/semantic_msgs/share/semantic_msgs/cmake/export_semantic_msgs__rosidl_generator_pyExport-noconfig.cmake\n'}
[0.392316] (semantic_msgs) StdoutLine: {'line': b'-- Up-to-date: /mnt/ssd/lsgloc_ws/install/semantic_msgs/share/semantic_msgs/cmake/rosidl_cmake-extras.cmake\n'}
[0.392356] (semantic_msgs) StdoutLine: {'line': b'-- Up-to-date: /mnt/ssd/lsgloc_ws/install/semantic_msgs/share/semantic_msgs/cmake/ament_cmake_export_dependencies-extras.cmake\n'}
[0.392409] (semantic_msgs) StdoutLine: {'line': b'-- Up-to-date: /mnt/ssd/lsgloc_ws/install/semantic_msgs/share/semantic_msgs/cmake/ament_cmake_export_include_directories-extras.cmake\n'}
[0.392442] (semantic_msgs) StdoutLine: {'line': b'-- Up-to-date: /mnt/ssd/lsgloc_ws/install/semantic_msgs/share/semantic_msgs/cmake/ament_cmake_export_libraries-extras.cmake\n'}
[0.392475] (semantic_msgs) StdoutLine: {'line': b'-- Up-to-date: /mnt/ssd/lsgloc_ws/install/semantic_msgs/share/semantic_msgs/cmake/ament_cmake_export_targets-extras.cmake\n'}
[0.392503] (semantic_msgs) StdoutLine: {'line': b'-- Up-to-date: /mnt/ssd/lsgloc_ws/install/semantic_msgs/share/semantic_msgs/cmake/rosidl_cmake_export_typesupport_targets-extras.cmake\n'}
[0.392530] (semantic_msgs) StdoutLine: {'line': b'-- Up-to-date: /mnt/ssd/lsgloc_ws/install/semantic_msgs/share/semantic_msgs/cmake/rosidl_cmake_export_typesupport_libraries-extras.cmake\n'}
[0.392556] (semantic_msgs) StdoutLine: {'line': b'-- Up-to-date: /mnt/ssd/lsgloc_ws/install/semantic_msgs/share/semantic_msgs/cmake/semantic_msgsConfig.cmake\n'}
[0.392599] (semantic_msgs) StdoutLine: {'line': b'-- Up-to-date: /mnt/ssd/lsgloc_ws/install/semantic_msgs/share/semantic_msgs/cmake/semantic_msgsConfig-version.cmake\n'}
[0.392624] (semantic_msgs) StdoutLine: {'line': b'-- Up-to-date: /mnt/ssd/lsgloc_ws/install/semantic_msgs/share/semantic_msgs/package.xml\n'}
[0.394150] (semantic_msgs) CommandEnded: {'returncode': 0}
[0.400085] (-) TimerEvent: {}
[0.403769] (semantic_msgs) JobEnded: {'identifier': 'semantic_msgs', 'rc': 0}
[0.404321] (obj_detection) JobStarted: {'identifier': 'obj_detection'}
[0.406796] (semantic_mcl) JobStarted: {'identifier': 'semantic_mcl'}
[0.500159] (-) TimerEvent: {}
[0.600352] (-) TimerEvent: {}
[0.623056] (semantic_mcl) JobProgress: {'identifier': 'semantic_mcl', 'progress': 'cmake'}
[0.623396] (semantic_mcl) JobProgress: {'identifier': 'semantic_mcl', 'progress': 'build'}
[0.623648] (semantic_mcl) Command: {'cmd': ['/usr/bin/cmake', '--build', '/mnt/ssd/lsgloc_ws/build/semantic_mcl', '--', '-j16', '-l16'], 'cwd': '/mnt/ssd/lsgloc_ws/build/semantic_mcl', 'env': OrderedDict([('GJS_DEBUG_TOPICS', 'JS ERROR;JS LOG'), ('PYTHON_BASIC_REPL', '1'), ('LESSOPEN', '| /usr/bin/lesspipe %s'), ('LANGUAGE', 'en_SG:en'), ('USER', 'sensethreat'), ('XDG_SESSION_TYPE', 'x11'), ('GIT_ASKPASS', '/usr/share/code/resources/app/extensions/git/dist/askpass.sh'), ('SHLVL', '1'), ('LD_LIBRARY_PATH', '/mnt/ssd/lsgloc_ws/install/semantic_msgs/lib:/usr/local/cuda/lib64:/usr/lib/x86_64-linux-gnu/gazebo-11/plugins:/opt/ros/humble/opt/rviz_ogre_vendor/lib:/opt/ros/humble/lib/x86_64-linux-gnu:/opt/ros/humble/lib:/usr/local/cuda/lib64'), ('HOME', '/home/sensethreat'), ('CHROME_DESKTOP', 'code.desktop'), ('CONDA_SHLVL', '0'), ('TERM_PROGRAM_VERSION', '1.108.2'), ('DESKTOP_SESSION', 'ubuntu'), ('NVM_BIN', '/home/sensethreat/.nvm/versions/node/v20.20.1/bin'), ('NVM_INC', '/home/sensethreat/.nvm/versions/node/v20.20.1/include/node'), ('GIO_LAUNCHED_DESKTOP_FILE', '/usr/share/applications/code.desktop'), ('ROS_PYTHON_VERSION', '3'), ('GNOME_SHELL_SESSION_MODE', 'ubuntu'), ('GTK_MODULES', 'gail:atk-bridge'), ('VSCODE_GIT_ASKPASS_MAIN', '/usr/share/code/resources/app/extensions/git/dist/askpass-main.js'), ('VSCODE_GIT_ASKPASS_NODE', '/usr/share/code/code'), ('MANAGERPID', '4235'), ('PYDEVD_DISABLE_FILE_VALIDATION', '1'), ('SYSTEMD_EXEC_PID', '4526'), ('BUNDLED_DEBUGPY_PATH', '/home/sensethreat/.vscode/extensions/ms-python.debugpy-2025.18.0-linux-x64/bundled/libs/debugpy'), ('VSCODE_PYTHON_AUTOACTIVATE_GUARD', '1'), ('DBUS_SESSION_BUS_ADDRESS', 'unix:path=/run/user/1000/bus'), ('COLORTERM', 'truecolor'), ('_CE_M', ''), ('GIO_LAUNCHED_DESKTOP_FILE_PID', '1699102'), ('NVM_DIR', '/home/sensethreat/.nvm'), ('ROS_DISTRO', 'humble'), ('GTK_IM_MODULE', 'ibus'), ('LOGNAME', 'sensethreat'), ('JOURNAL_STREAM', '8:25865'), ('_', '/usr/bin/colcon'), ('ROS_VERSION', '2'), ('CLAUDE_CODE_SSE_PORT', '13146'), ('XDG_SESSION_CLASS', 'user'), ('GEMINI_CLI_IDE_WORKSPACE_PATH', '/mnt/ssd/lsgloc_ws'), ('USERNAME', 'sensethreat'), ('TERM', 'xterm-256color'), ('GNOME_DESKTOP_SESSION_ID', 'this-is-deprecated'), ('_CE_CONDA', ''), ('FC_FONTATIONS', '1'), ('ROS_LOCALHOST_ONLY', '0'), ('GEMINI_CLI_IDE_SERVER_PORT', '37737'), ('WINDOWPATH', '2'), ('PATH', '/usr/local/cuda/bin:/home/sensethreat/.config/Code/User/globalStorage/github.copilot-chat/debugCommand:/home/sensethreat/.config/Code/User/globalStorage/github.copilot-chat/copilotCli:/home/sensethreat/.local/bin:/home/sensethreat/.nvm/versions/node/v20.20.1/bin:/opt/ros/humble/bin:/home/sensethreat/anaconda3/condabin:/usr/local/cuda/bin:/home/sensethreat/.local/bin:/usr/local/sbin:/usr/local/bin:/usr/sbin:/usr/bin:/sbin:/bin:/usr/games:/usr/local/games:/snap/bin:/snap/bin:/home/sensethreat/.vscode/extensions/ms-python.debugpy-2025.18.0-linux-x64/bundled/scripts/noConfigScripts'), ('SESSION_MANAGER', 'local/gr00t-4090:@/tmp/.ICE-unix/4476,unix/gr00t-4090:/tmp/.ICE-unix/4476'), ('INVOCATION_ID', '2f188857ecf04eb188026dc287baa7cc'), ('XDG_MENU_PREFIX', 'gnome-'), ('XDG_RUNTIME_DIR', '/run/user/1000'), ('GDK_BACKEND', 'x11'), ('DISPLAY', ':1'), ('VSCODE_DEBUGPY_ADAPTER_ENDPOINTS', '/home/sensethreat/.vscode/extensions/ms-python.debugpy-2025.18.0-linux-x64/.noConfigDebugAdapterEndpoints/endpoint-9686078bbb06aef1.txt'), ('LANG', 'en_US.UTF-8'), ('XDG_CURRENT_DESKTOP', 'ubuntu:GNOME'), ('PYTHONSTARTUP', '/home/sensethreat/.config/Code/User/workspaceStorage/a1ba31dbdeff2a34003cc17b1390a45e/ms-python.python/pythonrc.py'), ('XMODIFIERS', '@im=ibus'), ('XDG_SESSION_DESKTOP', 'ubuntu'), ('XAUTHORITY', '/run/user/1000/gdm/Xauthority'), ('LS_COLORS', 'rs=0:di=01;34:ln=01;36:mh=00:pi=40;33:so=01;35:do=01;35:bd=40;33;01:cd=40;33;01:or=40;31;01:mi=00:su=37;41:sg=30;43:ca=30;41:tw=30;42:ow=34;42:st=37;44:ex=01;32:*.tar=01;31:*.tgz=01;31:*.arc=01;31:*.arj=01;31:*.taz=01;31:*.lha=01;31:*.lz4=01;31:*.lzh=01;31:*.lzma=01;31:*.tlz=01;31:*.txz=01;31:*.tzo=01;31:*.t7z=01;31:*.zip=01;31:*.z=01;31:*.dz=01;31:*.gz=01;31:*.lrz=01;31:*.lz=01;31:*.lzo=01;31:*.xz=01;31:*.zst=01;31:*.tzst=01;31:*.bz2=01;31:*.bz=01;31:*.tbz=01;31:*.tbz2=01;31:*.tz=01;31:*.deb=01;31:*.rpm=01;31:*.jar=01;31:*.war=01;31:*.ear=01;31:*.sar=01;31:*.rar=01;31:*.alz=01;31:*.ace=01;31:*.zoo=01;31:*.cpio=01;31:*.7z=01;31:*.rz=01;31:*.cab=01;31:*.wim=01;31:*.swm=01;31:*.dwm=01;31:*.esd=01;31:*.jpg=01;35:*.jpeg=01;35:*.mjpg=01;35:*.mjpeg=01;35:*.gif=01;35:*.bmp=01;35:*.pbm=01;35:*.pgm=01;35:*.ppm=01;35:*.tga=01;35:*.xbm=01;35:*.xpm=01;35:*.tif=01;35:*.tiff=01;35:*.png=01;35:*.svg=01;35:*.svgz=01;35:*.mng=01;35:*.pcx=01;35:*.mov=01;35:*.mpg=01;35:*.mpeg=01;35:*.m2v=01;35:*.mkv=01;35:*.webm=01;35:*.webp=01;35:*.ogm=01;35:*.mp4=01;35:*.m4v=01;35:*.mp4v=01;35:*.vob=01;35:*.qt=01;35:*.nuv=01;35:*.wmv=01;35:*.asf=01;35:*.rm=01;35:*.rmvb=01;35:*.flc=01;35:*.avi=01;35:*.fli=01;35:*.flv=01;35:*.gl=01;35:*.dl=01;35:*.xcf=01;35:*.xwd=01;35:*.yuv=01;35:*.cgm=01;35:*.emf=01;35:*.ogv=01;35:*.ogx=01;35:*.aac=00;36:*.au=00;36:*.flac=00;36:*.m4a=00;36:*.mid=00;36:*.midi=00;36:*.mka=00;36:*.mp3=00;36:*.mpc=00;36:*.ogg=00;36:*.ra=00;36:*.wav=00;36:*.oga=00;36:*.opus=00;36:*.spx=00;36:*.xspf=00;36:'), ('VSCODE_GIT_IPC_HANDLE', '/run/user/1000/vscode-git-e747b80a0c.sock'), ('TERM_PROGRAM', 'vscode'), ('SSH_AGENT_LAUNCHER', 'gnome-keyring'), ('SSH_AUTH_SOCK', '/run/user/1000/keyring/ssh'), ('ROS_DOMAIN_ID', '42'), ('AMENT_PREFIX_PATH', '/mnt/ssd/lsgloc_ws/install/semantic_msgs:/opt/ros/humble'), ('CONDA_PYTHON_EXE', '/home/sensethreat/anaconda3/bin/python'), ('SHELL', '/bin/bash'), ('QT_ACCESSIBILITY', '1'), ('GDMSESSION', 'ubuntu'), ('LESSCLOSE', '/usr/bin/lesspipe %s %s'), ('GPG_AGENT_INFO', '/run/user/1000/gnupg/S.gpg-agent:0:1'), ('GJS_DEBUG_OUTPUT', 'stderr'), ('VSCODE_GIT_ASKPASS_EXTRA_ARGS', ''), ('QT_IM_MODULE', 'ibus'), ('GEMINI_CLI_IDE_AUTH_TOKEN', '26413f97-634b-4051-b3bb-35b322666b9d'), ('PWD', '/mnt/ssd/lsgloc_ws/build/semantic_mcl'), ('TURTLEBOT3_MODEL', 'waffle'), ('LC_ALL', 'en_US.UTF-8'), ('XDG_CONFIG_DIRS', '/etc/xdg/xdg-ubuntu:/etc/xdg'), ('CONDA_EXE', '/home/sensethreat/anaconda3/bin/conda'), ('NVM_CD_FLAGS', ''), ('XDG_DATA_DIRS', '/usr/share/ubuntu:/usr/share/gnome:/usr/local/share/:/usr/share/:/var/lib/snapd/desktop'), ('LDS_MODEL', 'LDS-01'), ('PYTHONPATH', '/mnt/ssd/lsgloc_ws/install/semantic_msgs/local/lib/python3.10/dist-packages:/opt/ros/humble/lib/python3.10/site-packages:/opt/ros/humble/local/lib/python3.10/dist-packages'), ('COLCON', '1'), ('CMAKE_PREFIX_PATH', '/mnt/ssd/lsgloc_ws/install/semantic_msgs:/opt/ros/humble')]), 'shell': False}
[0.650117] (test_semantic_mcl) Command: {'cmd': ['/usr/bin/python3', '-W', 'ignore:setup.py install is deprecated', '-W', 'ignore:easy_install command is deprecated', 'setup.py', 'egg_info', '--egg-base', '../../build/test_semantic_mcl', 'build', '--build-base', '/mnt/ssd/lsgloc_ws/build/test_semantic_mcl/build', 'install', '--record', '/mnt/ssd/lsgloc_ws/build/test_semantic_mcl/install.log', '--single-version-externally-managed', 'install_data'], 'cwd': '/mnt/ssd/lsgloc_ws/src/test_semantic_mcl', 'env': {'GJS_DEBUG_TOPICS': 'JS ERROR;JS LOG', 'PYTHON_BASIC_REPL': '1', 'LESSOPEN': '| /usr/bin/lesspipe %s', 'LANGUAGE': 'en_SG:en', 'USER': 'sensethreat', 'XDG_SESSION_TYPE': 'x11', 'GIT_ASKPASS': '/usr/share/code/resources/app/extensions/git/dist/askpass.sh', 'SHLVL': '1', 'LD_LIBRARY_PATH': '/usr/local/cuda/lib64:/usr/lib/x86_64-linux-gnu/gazebo-11/plugins:/opt/ros/humble/opt/rviz_ogre_vendor/lib:/opt/ros/humble/lib/x86_64-linux-gnu:/opt/ros/humble/lib:/usr/local/cuda/lib64:', 'HOME': '/home/sensethreat', 'CHROME_DESKTOP': 'code.desktop', 'CONDA_SHLVL': '0', 'TERM_PROGRAM_VERSION': '1.108.2', 'DESKTOP_SESSION': 'ubuntu', 'NVM_BIN': '/home/sensethreat/.nvm/versions/node/v20.20.1/bin', 'NVM_INC': '/home/sensethreat/.nvm/versions/node/v20.20.1/include/node', 'GIO_LAUNCHED_DESKTOP_FILE': '/usr/share/applications/code.desktop', 'ROS_PYTHON_VERSION': '3', 'GNOME_SHELL_SESSION_MODE': 'ubuntu', 'GTK_MODULES': 'gail:atk-bridge', 'VSCODE_GIT_ASKPASS_MAIN': '/usr/share/code/resources/app/extensions/git/dist/askpass-main.js', 'VSCODE_GIT_ASKPASS_NODE': '/usr/share/code/code', 'MANAGERPID': '4235', 'PYDEVD_DISABLE_FILE_VALIDATION': '1', 'SYSTEMD_EXEC_PID': '4526', 'BUNDLED_DEBUGPY_PATH': '/home/sensethreat/.vscode/extensions/ms-python.debugpy-2025.18.0-linux-x64/bundled/libs/debugpy', 'VSCODE_PYTHON_AUTOACTIVATE_GUARD': '1', 'DBUS_SESSION_BUS_ADDRESS': 'unix:path=/run/user/1000/bus', 'COLORTERM': 'truecolor', '_CE_M': '', 'GIO_LAUNCHED_DESKTOP_FILE_PID': '1699102', 'NVM_DIR': '/home/sensethreat/.nvm', 'ROS_DISTRO': 'humble', 'GTK_IM_MODULE': 'ibus', 'LOGNAME': 'sensethreat', 'JOURNAL_STREAM': '8:25865', '_': '/usr/bin/colcon', 'ROS_VERSION': '2', 'CLAUDE_CODE_SSE_PORT': '13146', 'XDG_SESSION_CLASS': 'user', 'GEMINI_CLI_IDE_WORKSPACE_PATH': '/mnt/ssd/lsgloc_ws', 'USERNAME': 'sensethreat', 'TERM': 'xterm-256color', 'GNOME_DESKTOP_SESSION_ID': 'this-is-deprecated', '_CE_CONDA': '', 'FC_FONTATIONS': '1', 'ROS_LOCALHOST_ONLY': '0', 'GEMINI_CLI_IDE_SERVER_PORT': '37737', 'WINDOWPATH': '2', 'PATH': '/usr/local/cuda/bin:/home/sensethreat/.config/Code/User/globalStorage/github.copilot-chat/debugCommand:/home/sensethreat/.config/Code/User/globalStorage/github.copilot-chat/copilotCli:/home/sensethreat/.local/bin:/home/sensethreat/.nvm/versions/node/v20.20.1/bin:/opt/ros/humble/bin:/home/sensethreat/anaconda3/condabin:/usr/local/cuda/bin:/home/sensethreat/.local/bin:/usr/local/sbin:/usr/local/bin:/usr/sbin:/usr/bin:/sbin:/bin:/usr/games:/usr/local/games:/snap/bin:/snap/bin:/home/sensethreat/.vscode/extensions/ms-python.debugpy-2025.18.0-linux-x64/bundled/scripts/noConfigScripts', 'SESSION_MANAGER': 'local/gr00t-4090:@/tmp/.ICE-unix/4476,unix/gr00t-4090:/tmp/.ICE-unix/4476', 'INVOCATION_ID': '2f188857ecf04eb188026dc287baa7cc', 'XDG_MENU_PREFIX': 'gnome-', 'XDG_RUNTIME_DIR': '/run/user/1000', 'GDK_BACKEND': 'x11', 'DISPLAY': ':1', 'VSCODE_DEBUGPY_ADAPTER_ENDPOINTS': '/home/sensethreat/.vscode/extensions/ms-python.debugpy-2025.18.0-linux-x64/.noConfigDebugAdapterEndpoints/endpoint-9686078bbb06aef1.txt', 'LANG': 'en_US.UTF-8', 'XDG_CURRENT_DESKTOP': 'ubuntu:GNOME', 'PYTHONSTARTUP': '/home/sensethreat/.config/Code/User/workspaceStorage/a1ba31dbdeff2a34003cc17b1390a45e/ms-python.python/pythonrc.py', 'XMODIFIERS': '@im=ibus', 'XDG_SESSION_DESKTOP': 'ubuntu', 'XAUTHORITY': '/run/user/1000/gdm/Xauthority', 'LS_COLORS': 'rs=0:di=01;34:ln=01;36:mh=00:pi=40;33:so=01;35:do=01;35:bd=40;33;01:cd=40;33;01:or=40;31;01:mi=00:su=37;41:sg=30;43:ca=30;41:tw=30;42:ow=34;42:st=37;44:ex=01;32:*.tar=01;31:*.tgz=01;31:*.arc=01;31:*.arj=01;31:*.taz=01;31:*.lha=01;31:*.lz4=01;31:*.lzh=01;31:*.lzma=01;31:*.tlz=01;31:*.txz=01;31:*.tzo=01;31:*.t7z=01;31:*.zip=01;31:*.z=01;31:*.dz=01;31:*.gz=01;31:*.lrz=01;31:*.lz=01;31:*.lzo=01;31:*.xz=01;31:*.zst=01;31:*.tzst=01;31:*.bz2=01;31:*.bz=01;31:*.tbz=01;31:*.tbz2=01;31:*.tz=01;31:*.deb=01;31:*.rpm=01;31:*.jar=01;31:*.war=01;31:*.ear=01;31:*.sar=01;31:*.rar=01;31:*.alz=01;31:*.ace=01;31:*.zoo=01;31:*.cpio=01;31:*.7z=01;31:*.rz=01;31:*.cab=01;31:*.wim=01;31:*.swm=01;31:*.dwm=01;31:*.esd=01;31:*.jpg=01;35:*.jpeg=01;35:*.mjpg=01;35:*.mjpeg=01;35:*.gif=01;35:*.bmp=01;35:*.pbm=01;35:*.pgm=01;35:*.ppm=01;35:*.tga=01;35:*.xbm=01;35:*.xpm=01;35:*.tif=01;35:*.tiff=01;35:*.png=01;35:*.svg=01;35:*.svgz=01;35:*.mng=01;35:*.pcx=01;35:*.mov=01;35:*.mpg=01;35:*.mpeg=01;35:*.m2v=01;35:*.mkv=01;35:*.webm=01;35:*.webp=01;35:*.ogm=01;35:*.mp4=01;35:*.m4v=01;35:*.mp4v=01;35:*.vob=01;35:*.qt=01;35:*.nuv=01;35:*.wmv=01;35:*.asf=01;35:*.rm=01;35:*.rmvb=01;35:*.flc=01;35:*.avi=01;35:*.fli=01;35:*.flv=01;35:*.gl=01;35:*.dl=01;35:*.xcf=01;35:*.xwd=01;35:*.yuv=01;35:*.cgm=01;35:*.emf=01;35:*.ogv=01;35:*.ogx=01;35:*.aac=00;36:*.au=00;36:*.flac=00;36:*.m4a=00;36:*.mid=00;36:*.midi=00;36:*.mka=00;36:*.mp3=00;36:*.mpc=00;36:*.ogg=00;36:*.ra=00;36:*.wav=00;36:*.oga=00;36:*.opus=00;36:*.spx=00;36:*.xspf=00;36:', 'VSCODE_GIT_IPC_HANDLE': '/run/user/1000/vscode-git-e747b80a0c.sock', 'TERM_PROGRAM': 'vscode', 'SSH_AGENT_LAUNCHER': 'gnome-keyring', 'SSH_AUTH_SOCK': '/run/user/1000/keyring/ssh', 'ROS_DOMAIN_ID': '42', 'AMENT_PREFIX_PATH': '/opt/ros/humble', 'CONDA_PYTHON_EXE': '/home/sensethreat/anaconda3/bin/python', 'SHELL': '/bin/bash', 'QT_ACCESSIBILITY': '1', 'GDMSESSION': 'ubuntu', 'LESSCLOSE': '/usr/bin/lesspipe %s %s', 'GPG_AGENT_INFO': '/run/user/1000/gnupg/S.gpg-agent:0:1', 'GJS_DEBUG_OUTPUT': 'stderr', 'VSCODE_GIT_ASKPASS_EXTRA_ARGS': '', 'QT_IM_MODULE': 'ibus', 'GEMINI_CLI_IDE_AUTH_TOKEN': '26413f97-634b-4051-b3bb-35b322666b9d', 'PWD': '/mnt/ssd/lsgloc_ws/build/test_semantic_mcl', 'TURTLEBOT3_MODEL': 'waffle', 'LC_ALL': 'en_US.UTF-8', 'XDG_CONFIG_DIRS': '/etc/xdg/xdg-ubuntu:/etc/xdg', 'CONDA_EXE': '/home/sensethreat/anaconda3/bin/conda', 'NVM_CD_FLAGS': '', 'XDG_DATA_DIRS': '/usr/share/ubuntu:/usr/share/gnome:/usr/local/share/:/usr/share/:/var/lib/snapd/desktop', 'LDS_MODEL': 'LDS-01', 'PYTHONPATH': '/mnt/ssd/lsgloc_ws/build/test_semantic_mcl/prefix_override:/usr/lib/python3/dist-packages/colcon_core/task/python/colcon_distutils_commands:/mnt/ssd/lsgloc_ws/install/test_semantic_mcl/lib/python3.10/site-packages:/opt/ros/humble/lib/python3.10/site-packages:/opt/ros/humble/local/lib/python3.10/dist-packages', 'COLCON': '1'}, 'shell': False}
[0.657978] (semantic_mcl) StdoutLine: {'line': b'[ 38%] Built target semantic_mcl_core\n'}
[0.658469] (semantic_mcl) StdoutLine: {'line': b'[ 53%] Built target gtest\n'}
[0.658734] (semantic_mcl) StdoutLine: {'line': b'[ 69%] Built target gtest_main\n'}
[0.672906] (semantic_mcl) StdoutLine: {'line': b'[ 84%] Built target test_semantic_mcl\n'}
[0.674509] (semantic_mcl) StdoutLine: {'line': b'[100%] Built target semantic_mcl_node_exec\n'}
[0.681395] (semantic_mcl) CommandEnded: {'returncode': 0}
[0.681848] (semantic_mcl) JobProgress: {'identifier': 'semantic_mcl', 'progress': 'install'}
[0.682159] (semantic_mcl) Command: {'cmd': ['/usr/bin/cmake', '--install', '/mnt/ssd/lsgloc_ws/build/semantic_mcl'], 'cwd': '/mnt/ssd/lsgloc_ws/build/semantic_mcl', 'env': OrderedDict([('GJS_DEBUG_TOPICS', 'JS ERROR;JS LOG'), ('PYTHON_BASIC_REPL', '1'), ('LESSOPEN', '| /usr/bin/lesspipe %s'), ('LANGUAGE', 'en_SG:en'), ('USER', 'sensethreat'), ('XDG_SESSION_TYPE', 'x11'), ('GIT_ASKPASS', '/usr/share/code/resources/app/extensions/git/dist/askpass.sh'), ('SHLVL', '1'), ('LD_LIBRARY_PATH', '/mnt/ssd/lsgloc_ws/install/semantic_msgs/lib:/usr/local/cuda/lib64:/usr/lib/x86_64-linux-gnu/gazebo-11/plugins:/opt/ros/humble/opt/rviz_ogre_vendor/lib:/opt/ros/humble/lib/x86_64-linux-gnu:/opt/ros/humble/lib:/usr/local/cuda/lib64'), ('HOME', '/home/sensethreat'), ('CHROME_DESKTOP', 'code.desktop'), ('CONDA_SHLVL', '0'), ('TERM_PROGRAM_VERSION', '1.108.2'), ('DESKTOP_SESSION', 'ubuntu'), ('NVM_BIN', '/home/sensethreat/.nvm/versions/node/v20.20.1/bin'), ('NVM_INC', '/home/sensethreat/.nvm/versions/node/v20.20.1/include/node'), ('GIO_LAUNCHED_DESKTOP_FILE', '/usr/share/applications/code.desktop'), ('ROS_PYTHON_VERSION', '3'), ('GNOME_SHELL_SESSION_MODE', 'ubuntu'), ('GTK_MODULES', 'gail:atk-bridge'), ('VSCODE_GIT_ASKPASS_MAIN', '/usr/share/code/resources/app/extensions/git/dist/askpass-main.js'), ('VSCODE_GIT_ASKPASS_NODE', '/usr/share/code/code'), ('MANAGERPID', '4235'), ('PYDEVD_DISABLE_FILE_VALIDATION', '1'), ('SYSTEMD_EXEC_PID', '4526'), ('BUNDLED_DEBUGPY_PATH', '/home/sensethreat/.vscode/extensions/ms-python.debugpy-2025.18.0-linux-x64/bundled/libs/debugpy'), ('VSCODE_PYTHON_AUTOACTIVATE_GUARD', '1'), ('DBUS_SESSION_BUS_ADDRESS', 'unix:path=/run/user/1000/bus'), ('COLORTERM', 'truecolor'), ('_CE_M', ''), ('GIO_LAUNCHED_DESKTOP_FILE_PID', '1699102'), ('NVM_DIR', '/home/sensethreat/.nvm'), ('ROS_DISTRO', 'humble'), ('GTK_IM_MODULE', 'ibus'), ('LOGNAME', 'sensethreat'), ('JOURNAL_STREAM', '8:25865'), ('_', '/usr/bin/colcon'), ('ROS_VERSION', '2'), ('CLAUDE_CODE_SSE_PORT', '13146'), ('XDG_SESSION_CLASS', 'user'), ('GEMINI_CLI_IDE_WORKSPACE_PATH', '/mnt/ssd/lsgloc_ws'), ('USERNAME', 'sensethreat'), ('TERM', 'xterm-256color'), ('GNOME_DESKTOP_SESSION_ID', 'this-is-deprecated'), ('_CE_CONDA', ''), ('FC_FONTATIONS', '1'), ('ROS_LOCALHOST_ONLY', '0'), ('GEMINI_CLI_IDE_SERVER_PORT', '37737'), ('WINDOWPATH', '2'), ('PATH', '/usr/local/cuda/bin:/home/sensethreat/.config/Code/User/globalStorage/github.copilot-chat/debugCommand:/home/sensethreat/.config/Code/User/globalStorage/github.copilot-chat/copilotCli:/home/sensethreat/.local/bin:/home/sensethreat/.nvm/versions/node/v20.20.1/bin:/opt/ros/humble/bin:/home/sensethreat/anaconda3/condabin:/usr/local/cuda/bin:/home/sensethreat/.local/bin:/usr/local/sbin:/usr/local/bin:/usr/sbin:/usr/bin:/sbin:/bin:/usr/games:/usr/local/games:/snap/bin:/snap/bin:/home/sensethreat/.vscode/extensions/ms-python.debugpy-2025.18.0-linux-x64/bundled/scripts/noConfigScripts'), ('SESSION_MANAGER', 'local/gr00t-4090:@/tmp/.ICE-unix/4476,unix/gr00t-4090:/tmp/.ICE-unix/4476'), ('INVOCATION_ID', '2f188857ecf04eb188026dc287baa7cc'), ('XDG_MENU_PREFIX', 'gnome-'), ('XDG_RUNTIME_DIR', '/run/user/1000'), ('GDK_BACKEND', 'x11'), ('DISPLAY', ':1'), ('VSCODE_DEBUGPY_ADAPTER_ENDPOINTS', '/home/sensethreat/.vscode/extensions/ms-python.debugpy-2025.18.0-linux-x64/.noConfigDebugAdapterEndpoints/endpoint-9686078bbb06aef1.txt'), ('LANG', 'en_US.UTF-8'), ('XDG_CURRENT_DESKTOP', 'ubuntu:GNOME'), ('PYTHONSTARTUP', '/home/sensethreat/.config/Code/User/workspaceStorage/a1ba31dbdeff2a34003cc17b1390a45e/ms-python.python/pythonrc.py'), ('XMODIFIERS', '@im=ibus'), ('XDG_SESSION_DESKTOP', 'ubuntu'), ('XAUTHORITY', '/run/user/1000/gdm/Xauthority'), ('LS_COLORS', 'rs=0:di=01;34:ln=01;36:mh=00:pi=40;33:so=01;35:do=01;35:bd=40;33;01:cd=40;33;01:or=40;31;01:mi=00:su=37;41:sg=30;43:ca=30;41:tw=30;42:ow=34;42:st=37;44:ex=01;32:*.tar=01;31:*.tgz=01;31:*.arc=01;31:*.arj=01;31:*.taz=01;31:*.lha=01;31:*.lz4=01;31:*.lzh=01;31:*.lzma=01;31:*.tlz=01;31:*.txz=01;31:*.tzo=01;31:*.t7z=01;31:*.zip=01;31:*.z=01;31:*.dz=01;31:*.gz=01;31:*.lrz=01;31:*.lz=01;31:*.lzo=01;31:*.xz=01;31:*.zst=01;31:*.tzst=01;31:*.bz2=01;31:*.bz=01;31:*.tbz=01;31:*.tbz2=01;31:*.tz=01;31:*.deb=01;31:*.rpm=01;31:*.jar=01;31:*.war=01;31:*.ear=01;31:*.sar=01;31:*.rar=01;31:*.alz=01;31:*.ace=01;31:*.zoo=01;31:*.cpio=01;31:*.7z=01;31:*.rz=01;31:*.cab=01;31:*.wim=01;31:*.swm=01;31:*.dwm=01;31:*.esd=01;31:*.jpg=01;35:*.jpeg=01;35:*.mjpg=01;35:*.mjpeg=01;35:*.gif=01;35:*.bmp=01;35:*.pbm=01;35:*.pgm=01;35:*.ppm=01;35:*.tga=01;35:*.xbm=01;35:*.xpm=01;35:*.tif=01;35:*.tiff=01;35:*.png=01;35:*.svg=01;35:*.svgz=01;35:*.mng=01;35:*.pcx=01;35:*.mov=01;35:*.mpg=01;35:*.mpeg=01;35:*.m2v=01;35:*.mkv=01;35:*.webm=01;35:*.webp=01;35:*.ogm=01;35:*.mp4=01;35:*.m4v=01;35:*.mp4v=01;35:*.vob=01;35:*.qt=01;35:*.nuv=01;35:*.wmv=01;35:*.asf=01;35:*.rm=01;35:*.rmvb=01;35:*.flc=01;35:*.avi=01;35:*.fli=01;35:*.flv=01;35:*.gl=01;35:*.dl=01;35:*.xcf=01;35:*.xwd=01;35:*.yuv=01;35:*.cgm=01;35:*.emf=01;35:*.ogv=01;35:*.ogx=01;35:*.aac=00;36:*.au=00;36:*.flac=00;36:*.m4a=00;36:*.mid=00;36:*.midi=00;36:*.mka=00;36:*.mp3=00;36:*.mpc=00;36:*.ogg=00;36:*.ra=00;36:*.wav=00;36:*.oga=00;36:*.opus=00;36:*.spx=00;36:*.xspf=00;36:'), ('VSCODE_GIT_IPC_HANDLE', '/run/user/1000/vscode-git-e747b80a0c.sock'), ('TERM_PROGRAM', 'vscode'), ('SSH_AGENT_LAUNCHER', 'gnome-keyring'), ('SSH_AUTH_SOCK', '/run/user/1000/keyring/ssh'), ('ROS_DOMAIN_ID', '42'), ('AMENT_PREFIX_PATH', '/mnt/ssd/lsgloc_ws/install/semantic_msgs:/opt/ros/humble'), ('CONDA_PYTHON_EXE', '/home/sensethreat/anaconda3/bin/python'), ('SHELL', '/bin/bash'), ('QT_ACCESSIBILITY', '1'), ('GDMSESSION', 'ubuntu'), ('LESSCLOSE', '/usr/bin/lesspipe %s %s'), ('GPG_AGENT_INFO', '/run/user/1000/gnupg/S.gpg-agent:0:1'), ('GJS_DEBUG_OUTPUT', 'stderr'), ('VSCODE_GIT_ASKPASS_EXTRA_ARGS', ''), ('QT_IM_MODULE', 'ibus'), ('GEMINI_CLI_IDE_AUTH_TOKEN', '26413f97-634b-4051-b3bb-35b322666b9d'), ('PWD', '/mnt/ssd/lsgloc_ws/build/semantic_mcl'), ('TURTLEBOT3_MODEL', 'waffle'), ('LC_ALL', 'en_US.UTF-8'), ('XDG_CONFIG_DIRS', '/etc/xdg/xdg-ubuntu:/etc/xdg'), ('CONDA_EXE', '/home/sensethreat/anaconda3/bin/conda'), ('NVM_CD_FLAGS', ''), ('XDG_DATA_DIRS', '/usr/share/ubuntu:/usr/share/gnome:/usr/local/share/:/usr/share/:/var/lib/snapd/desktop'), ('LDS_MODEL', 'LDS-01'), ('PYTHONPATH', '/mnt/ssd/lsgloc_ws/install/semantic_msgs/local/lib/python3.10/dist-packages:/opt/ros/humble/lib/python3.10/site-packages:/opt/ros/humble/local/lib/python3.10/dist-packages'), ('COLCON', '1'), ('CMAKE_PREFIX_PATH', '/mnt/ssd/lsgloc_ws/install/semantic_msgs:/opt/ros/humble')]), 'shell': False}
[0.686726] (semantic_mcl) StdoutLine: {'line': b'-- Install configuration: ""\n'}
[0.686859] (semantic_mcl) StdoutLine: {'line': b'-- Up-to-date: /mnt/ssd/lsgloc_ws/install/semantic_mcl/lib/semantic_mcl/semantic_mcl_node_exec\n'}
[0.686966] (semantic_mcl) StdoutLine: {'line': b'-- Up-to-date: /mnt/ssd/lsgloc_ws/install/semantic_mcl/share/ament_index/resource_index/package_run_dependencies/semantic_mcl\n'}
[0.687032] (semantic_mcl) StdoutLine: {'line': b'-- Up-to-date: /mnt/ssd/lsgloc_ws/install/semantic_mcl/share/ament_index/resource_index/parent_prefix_path/semantic_mcl\n'}
[0.687140] (semantic_mcl) StdoutLine: {'line': b'-- Up-to-date: /mnt/ssd/lsgloc_ws/install/semantic_mcl/share/semantic_mcl/environment/ament_prefix_path.sh\n'}
[0.687204] (semantic_mcl) StdoutLine: {'line': b'-- Up-to-date: /mnt/ssd/lsgloc_ws/install/semantic_mcl/share/semantic_mcl/environment/ament_prefix_path.dsv\n'}
[0.687239] (semantic_mcl) StdoutLine: {'line': b'-- Up-to-date: /mnt/ssd/lsgloc_ws/install/semantic_mcl/share/semantic_mcl/environment/path.sh\n'}
[0.687270] (semantic_mcl) StdoutLine: {'line': b'-- Up-to-date: /mnt/ssd/lsgloc_ws/install/semantic_mcl/share/semantic_mcl/environment/path.dsv\n'}
[0.687301] (semantic_mcl) StdoutLine: {'line': b'-- Up-to-date: /mnt/ssd/lsgloc_ws/install/semantic_mcl/share/semantic_mcl/local_setup.bash\n'}
[0.687331] (semantic_mcl) StdoutLine: {'line': b'-- Up-to-date: /mnt/ssd/lsgloc_ws/install/semantic_mcl/share/semantic_mcl/local_setup.sh\n'}
[0.687358] (semantic_mcl) StdoutLine: {'line': b'-- Up-to-date: /mnt/ssd/lsgloc_ws/install/semantic_mcl/share/semantic_mcl/local_setup.zsh\n'}
[0.687401] (semantic_mcl) StdoutLine: {'line': b'-- Up-to-date: /mnt/ssd/lsgloc_ws/install/semantic_mcl/share/semantic_mcl/local_setup.dsv\n'}
[0.687455] (semantic_mcl) StdoutLine: {'line': b'-- Installing: /mnt/ssd/lsgloc_ws/install/semantic_mcl/share/semantic_mcl/package.dsv\n'}
[0.687482] (semantic_mcl) StdoutLine: {'line': b'-- Up-to-date: /mnt/ssd/lsgloc_ws/install/semantic_mcl/share/ament_index/resource_index/packages/semantic_mcl\n'}
[0.687507] (semantic_mcl) StdoutLine: {'line': b'-- Up-to-date: /mnt/ssd/lsgloc_ws/install/semantic_mcl/share/semantic_mcl/cmake/semantic_mclConfig.cmake\n'}
[0.687532] (semantic_mcl) StdoutLine: {'line': b'-- Up-to-date: /mnt/ssd/lsgloc_ws/install/semantic_mcl/share/semantic_mcl/cmake/semantic_mclConfig-version.cmake\n'}
[0.687556] (semantic_mcl) StdoutLine: {'line': b'-- Up-to-date: /mnt/ssd/lsgloc_ws/install/semantic_mcl/share/semantic_mcl/package.xml\n'}
[0.688467] (semantic_mcl) CommandEnded: {'returncode': 0}
[0.695323] (semantic_mcl) JobEnded: {'identifier': 'semantic_mcl', 'rc': 0}
[0.700411] (-) TimerEvent: {}
[0.800558] (-) TimerEvent: {}
[0.878636] (test_semantic_mcl) StdoutLine: {'line': b'running egg_info\n'}
[0.887447] (test_semantic_mcl) StdoutLine: {'line': b'writing ../../build/test_semantic_mcl/test_semantic_mcl.egg-info/PKG-INFO\n'}
[0.887574] (test_semantic_mcl) StdoutLine: {'line': b'writing dependency_links to ../../build/test_semantic_mcl/test_semantic_mcl.egg-info/dependency_links.txt\n'}
[0.887697] (test_semantic_mcl) StdoutLine: {'line': b'writing requirements to ../../build/test_semantic_mcl/test_semantic_mcl.egg-info/requires.txt\n'}
[0.887773] (test_semantic_mcl) StdoutLine: {'line': b'writing top-level names to ../../build/test_semantic_mcl/test_semantic_mcl.egg-info/top_level.txt\n'}
[0.900618] (-) TimerEvent: {}
[0.904843] (test_semantic_mcl) StdoutLine: {'line': b"reading manifest file '../../build/test_semantic_mcl/test_semantic_mcl.egg-info/SOURCES.txt'\n"}
[0.905292] (test_semantic_mcl) StdoutLine: {'line': b"writing manifest file '../../build/test_semantic_mcl/test_semantic_mcl.egg-info/SOURCES.txt'\n"}
[0.905383] (test_semantic_mcl) StdoutLine: {'line': b'running build\n'}
[0.905425] (test_semantic_mcl) StdoutLine: {'line': b'running build_py\n'}
[0.905481] (test_semantic_mcl) StdoutLine: {'line': b'running install\n'}
[0.908213] (test_semantic_mcl) StdoutLine: {'line': b'running install_lib\n'}
[0.916957] (test_semantic_mcl) StdoutLine: {'line': b'running install_data\n'}
[0.917142] (test_semantic_mcl) StdoutLine: {'line': b'running install_egg_info\n'}
[0.926211] (test_semantic_mcl) StdoutLine: {'line': b"removing '/mnt/ssd/lsgloc_ws/install/test_semantic_mcl/lib/python3.10/site-packages/test_semantic_mcl-0.0.0-py3.10.egg-info' (and everything under it)\n"}
[0.926386] (test_semantic_mcl) StdoutLine: {'line': b'Copying ../../build/test_semantic_mcl/test_semantic_mcl.egg-info to /mnt/ssd/lsgloc_ws/install/test_semantic_mcl/lib/python3.10/site-packages/test_semantic_mcl-0.0.0-py3.10.egg-info\n'}
[0.926779] (test_semantic_mcl) StdoutLine: {'line': b'running install_scripts\n'}
[0.960668] (test_semantic_mcl) StdoutLine: {'line': b"writing list of installed files to '/mnt/ssd/lsgloc_ws/build/test_semantic_mcl/install.log'\n"}
[0.978208] (test_semantic_mcl) CommandEnded: {'returncode': 0}
[0.981628] (test_semantic_mcl) JobEnded: {'identifier': 'test_semantic_mcl', 'rc': 0}
[0.995113] (obj_detection) Command: {'cmd': ['/usr/bin/python3', '-W', 'ignore:setup.py install is deprecated', '-W', 'ignore:easy_install command is deprecated', 'setup.py', 'egg_info', '--egg-base', '../../build/obj_detection', 'build', '--build-base', '/mnt/ssd/lsgloc_ws/build/obj_detection/build', 'install', '--record', '/mnt/ssd/lsgloc_ws/build/obj_detection/install.log', '--single-version-externally-managed', 'install_data'], 'cwd': '/mnt/ssd/lsgloc_ws/src/obj_detection', 'env': {'GJS_DEBUG_TOPICS': 'JS ERROR;JS LOG', 'PYTHON_BASIC_REPL': '1', 'LESSOPEN': '| /usr/bin/lesspipe %s', 'LANGUAGE': 'en_SG:en', 'USER': 'sensethreat', 'XDG_SESSION_TYPE': 'x11', 'GIT_ASKPASS': '/usr/share/code/resources/app/extensions/git/dist/askpass.sh', 'SHLVL': '1', 'LD_LIBRARY_PATH': '/mnt/ssd/lsgloc_ws/install/semantic_msgs/lib:/usr/local/cuda/lib64:/usr/lib/x86_64-linux-gnu/gazebo-11/plugins:/opt/ros/humble/opt/rviz_ogre_vendor/lib:/opt/ros/humble/lib/x86_64-linux-gnu:/opt/ros/humble/lib:/usr/local/cuda/lib64', 'HOME': '/home/sensethreat', 'CHROME_DESKTOP': 'code.desktop', 'CONDA_SHLVL': '0', 'TERM_PROGRAM_VERSION': '1.108.2', 'DESKTOP_SESSION': 'ubuntu', 'NVM_BIN': '/home/sensethreat/.nvm/versions/node/v20.20.1/bin', 'NVM_INC': '/home/sensethreat/.nvm/versions/node/v20.20.1/include/node', 'GIO_LAUNCHED_DESKTOP_FILE': '/usr/share/applications/code.desktop', 'ROS_PYTHON_VERSION': '3', 'GNOME_SHELL_SESSION_MODE': 'ubuntu', 'GTK_MODULES': 'gail:atk-bridge', 'VSCODE_GIT_ASKPASS_MAIN': '/usr/share/code/resources/app/extensions/git/dist/askpass-main.js', 'VSCODE_GIT_ASKPASS_NODE': '/usr/share/code/code', 'MANAGERPID': '4235', 'PYDEVD_DISABLE_FILE_VALIDATION': '1', 'SYSTEMD_EXEC_PID': '4526', 'BUNDLED_DEBUGPY_PATH': '/home/sensethreat/.vscode/extensions/ms-python.debugpy-2025.18.0-linux-x64/bundled/libs/debugpy', 'VSCODE_PYTHON_AUTOACTIVATE_GUARD': '1', 'DBUS_SESSION_BUS_ADDRESS': 'unix:path=/run/user/1000/bus', 'COLORTERM': 'truecolor', '_CE_M': '', 'GIO_LAUNCHED_DESKTOP_FILE_PID': '1699102', 'NVM_DIR': '/home/sensethreat/.nvm', 'ROS_DISTRO': 'humble', 'GTK_IM_MODULE': 'ibus', 'LOGNAME': 'sensethreat', 'JOURNAL_STREAM': '8:25865', '_': '/usr/bin/colcon', 'ROS_VERSION': '2', 'CLAUDE_CODE_SSE_PORT': '13146', 'XDG_SESSION_CLASS': 'user', 'GEMINI_CLI_IDE_WORKSPACE_PATH': '/mnt/ssd/lsgloc_ws', 'USERNAME': 'sensethreat', 'TERM': 'xterm-256color', 'GNOME_DESKTOP_SESSION_ID': 'this-is-deprecated', '_CE_CONDA': '', 'FC_FONTATIONS': '1', 'ROS_LOCALHOST_ONLY': '0', 'GEMINI_CLI_IDE_SERVER_PORT': '37737', 'WINDOWPATH': '2', 'PATH': '/usr/local/cuda/bin:/home/sensethreat/.config/Code/User/globalStorage/github.copilot-chat/debugCommand:/home/sensethreat/.config/Code/User/globalStorage/github.copilot-chat/copilotCli:/home/sensethreat/.local/bin:/home/sensethreat/.nvm/versions/node/v20.20.1/bin:/opt/ros/humble/bin:/home/sensethreat/anaconda3/condabin:/usr/local/cuda/bin:/home/sensethreat/.local/bin:/usr/local/sbin:/usr/local/bin:/usr/sbin:/usr/bin:/sbin:/bin:/usr/games:/usr/local/games:/snap/bin:/snap/bin:/home/sensethreat/.vscode/extensions/ms-python.debugpy-2025.18.0-linux-x64/bundled/scripts/noConfigScripts', 'SESSION_MANAGER': 'local/gr00t-4090:@/tmp/.ICE-unix/4476,unix/gr00t-4090:/tmp/.ICE-unix/4476', 'INVOCATION_ID': '2f188857ecf04eb188026dc287baa7cc', 'XDG_MENU_PREFIX': 'gnome-', 'XDG_RUNTIME_DIR': '/run/user/1000', 'GDK_BACKEND': 'x11', 'DISPLAY': ':1', 'VSCODE_DEBUGPY_ADAPTER_ENDPOINTS': '/home/sensethreat/.vscode/extensions/ms-python.debugpy-2025.18.0-linux-x64/.noConfigDebugAdapterEndpoints/endpoint-9686078bbb06aef1.txt', 'LANG': 'en_US.UTF-8', 'XDG_CURRENT_DESKTOP': 'ubuntu:GNOME', 'PYTHONSTARTUP': '/home/sensethreat/.config/Code/User/workspaceStorage/a1ba31dbdeff2a34003cc17b1390a45e/ms-python.python/pythonrc.py', 'XMODIFIERS': '@im=ibus', 'XDG_SESSION_DESKTOP': 'ubuntu', 'XAUTHORITY': '/run/user/1000/gdm/Xauthority', 'LS_COLORS': 'rs=0:di=01;34:ln=01;36:mh=00:pi=40;33:so=01;35:do=01;35:bd=40;33;01:cd=40;33;01:or=40;31;01:mi=00:su=37;41:sg=30;43:ca=30;41:tw=30;42:ow=34;42:st=37;44:ex=01;32:*.tar=01;31:*.tgz=01;31:*.arc=01;31:*.arj=01;31:*.taz=01;31:*.lha=01;31:*.lz4=01;31:*.lzh=01;31:*.lzma=01;31:*.tlz=01;31:*.txz=01;31:*.tzo=01;31:*.t7z=01;31:*.zip=01;31:*.z=01;31:*.dz=01;31:*.gz=01;31:*.lrz=01;31:*.lz=01;31:*.lzo=01;31:*.xz=01;31:*.zst=01;31:*.tzst=01;31:*.bz2=01;31:*.bz=01;31:*.tbz=01;31:*.tbz2=01;31:*.tz=01;31:*.deb=01;31:*.rpm=01;31:*.jar=01;31:*.war=01;31:*.ear=01;31:*.sar=01;31:*.rar=01;31:*.alz=01;31:*.ace=01;31:*.zoo=01;31:*.cpio=01;31:*.7z=01;31:*.rz=01;31:*.cab=01;31:*.wim=01;31:*.swm=01;31:*.dwm=01;31:*.esd=01;31:*.jpg=01;35:*.jpeg=01;35:*.mjpg=01;35:*.mjpeg=01;35:*.gif=01;35:*.bmp=01;35:*.pbm=01;35:*.pgm=01;35:*.ppm=01;35:*.tga=01;35:*.xbm=01;35:*.xpm=01;35:*.tif=01;35:*.tiff=01;35:*.png=01;35:*.svg=01;35:*.svgz=01;35:*.mng=01;35:*.pcx=01;35:*.mov=01;35:*.mpg=01;35:*.mpeg=01;35:*.m2v=01;35:*.mkv=01;35:*.webm=01;35:*.webp=01;35:*.ogm=01;35:*.mp4=01;35:*.m4v=01;35:*.mp4v=01;35:*.vob=01;35:*.qt=01;35:*.nuv=01;35:*.wmv=01;35:*.asf=01;35:*.rm=01;35:*.rmvb=01;35:*.flc=01;35:*.avi=01;35:*.fli=01;35:*.flv=01;35:*.gl=01;35:*.dl=01;35:*.xcf=01;35:*.xwd=01;35:*.yuv=01;35:*.cgm=01;35:*.emf=01;35:*.ogv=01;35:*.ogx=01;35:*.aac=00;36:*.au=00;36:*.flac=00;36:*.m4a=00;36:*.mid=00;36:*.midi=00;36:*.mka=00;36:*.mp3=00;36:*.mpc=00;36:*.ogg=00;36:*.ra=00;36:*.wav=00;36:*.oga=00;36:*.opus=00;36:*.spx=00;36:*.xspf=00;36:', 'VSCODE_GIT_IPC_HANDLE': '/run/user/1000/vscode-git-e747b80a0c.sock', 'TERM_PROGRAM': 'vscode', 'SSH_AGENT_LAUNCHER': 'gnome-keyring', 'SSH_AUTH_SOCK': '/run/user/1000/keyring/ssh', 'ROS_DOMAIN_ID': '42', 'AMENT_PREFIX_PATH': '/mnt/ssd/lsgloc_ws/install/semantic_msgs:/opt/ros/humble', 'CONDA_PYTHON_EXE': '/home/sensethreat/anaconda3/bin/python', 'SHELL': '/bin/bash', 'QT_ACCESSIBILITY': '1', 'GDMSESSION': 'ubuntu', 'LESSCLOSE': '/usr/bin/lesspipe %s %s', 'GPG_AGENT_INFO': '/run/user/1000/gnupg/S.gpg-agent:0:1', 'GJS_DEBUG_OUTPUT': 'stderr', 'VSCODE_GIT_ASKPASS_EXTRA_ARGS': '', 'QT_IM_MODULE': 'ibus', 'GEMINI_CLI_IDE_AUTH_TOKEN': '26413f97-634b-4051-b3bb-35b322666b9d', 'PWD': '/mnt/ssd/lsgloc_ws/build/obj_detection', 'TURTLEBOT3_MODEL': 'waffle', 'LC_ALL': 'en_US.UTF-8', 'XDG_CONFIG_DIRS': '/etc/xdg/xdg-ubuntu:/etc/xdg', 'CONDA_EXE': '/home/sensethreat/anaconda3/bin/conda', 'NVM_CD_FLAGS': '', 'XDG_DATA_DIRS': '/usr/share/ubuntu:/usr/share/gnome:/usr/local/share/:/usr/share/:/var/lib/snapd/desktop', 'LDS_MODEL': 'LDS-01', 'PYTHONPATH': '/mnt/ssd/lsgloc_ws/build/obj_detection/prefix_override:/usr/lib/python3/dist-packages/colcon_core/task/python/colcon_distutils_commands:/mnt/ssd/lsgloc_ws/install/obj_detection/lib/python3.10/site-packages:/mnt/ssd/lsgloc_ws/install/semantic_msgs/local/lib/python3.10/dist-packages:/opt/ros/humble/lib/python3.10/site-packages:/opt/ros/humble/local/lib/python3.10/dist-packages', 'COLCON': '1', 'CMAKE_PREFIX_PATH': '/mnt/ssd/lsgloc_ws/install/semantic_msgs'}, 'shell': False}
[1.000685] (-) TimerEvent: {}
[1.100825] (-) TimerEvent: {}
[1.200975] (-) TimerEvent: {}
[1.221679] (obj_detection) StdoutLine: {'line': b'running egg_info\n'}
[1.230205] (obj_detection) StdoutLine: {'line': b'writing ../../build/obj_detection/obj_detection.egg-info/PKG-INFO\n'}
[1.230319] (obj_detection) StdoutLine: {'line': b'writing dependency_links to ../../build/obj_detection/obj_detection.egg-info/dependency_links.txt\n'}
[1.230417] (obj_detection) StdoutLine: {'line': b'writing entry points to ../../build/obj_detection/obj_detection.egg-info/entry_points.txt\n'}
[1.230495] (obj_detection) StdoutLine: {'line': b'writing requirements to ../../build/obj_detection/obj_detection.egg-info/requires.txt\n'}
[1.230548] (obj_detection) StdoutLine: {'line': b'writing top-level names to ../../build/obj_detection/obj_detection.egg-info/top_level.txt\n'}
[1.247698] (obj_detection) StdoutLine: {'line': b"reading manifest file '../../build/obj_detection/obj_detection.egg-info/SOURCES.txt'\n"}
[1.248158] (obj_detection) StdoutLine: {'line': b"writing manifest file '../../build/obj_detection/obj_detection.egg-info/SOURCES.txt'\n"}
[1.248216] (obj_detection) StdoutLine: {'line': b'running build\n'}
[1.248277] (obj_detection) StdoutLine: {'line': b'running build_py\n'}
[1.248337] (obj_detection) StdoutLine: {'line': b'copying obj_detection/vlm_streaming_detector.py -> /mnt/ssd/lsgloc_ws/build/obj_detection/build/lib/obj_detection\n'}
[1.248471] (obj_detection) StdoutLine: {'line': b'running install\n'}
[1.251308] (obj_detection) StdoutLine: {'line': b'running install_lib\n'}
[1.259895] (obj_detection) StdoutLine: {'line': b'copying /mnt/ssd/lsgloc_ws/build/obj_detection/build/lib/obj_detection/vlm_streaming_detector.py -> /mnt/ssd/lsgloc_ws/install/obj_detection/lib/python3.10/site-packages/obj_detection\n'}
[1.260216] (obj_detection) StdoutLine: {'line': b'byte-compiling /mnt/ssd/lsgloc_ws/install/obj_detection/lib/python3.10/site-packages/obj_detection/vlm_streaming_detector.py to vlm_streaming_detector.cpython-310.pyc\n'}
[1.261387] (obj_detection) StdoutLine: {'line': b'running install_data\n'}
[1.261444] (obj_detection) StdoutLine: {'line': b'running install_egg_info\n'}
[1.270464] (obj_detection) StdoutLine: {'line': b"removing '/mnt/ssd/lsgloc_ws/install/obj_detection/lib/python3.10/site-packages/obj_detection-0.0.0-py3.10.egg-info' (and everything under it)\n"}
[1.270662] (obj_detection) StdoutLine: {'line': b'Copying ../../build/obj_detection/obj_detection.egg-info to /mnt/ssd/lsgloc_ws/install/obj_detection/lib/python3.10/site-packages/obj_detection-0.0.0-py3.10.egg-info\n'}
[1.271098] (obj_detection) StdoutLine: {'line': b'running install_scripts\n'}
[1.301051] (-) TimerEvent: {}
[1.304474] (obj_detection) StdoutLine: {'line': b'Installing vlm_service_node script to /mnt/ssd/lsgloc_ws/install/obj_detection/lib/obj_detection\n'}
[1.304575] (obj_detection) StdoutLine: {'line': b'Installing vlm_streaming_node script to /mnt/ssd/lsgloc_ws/install/obj_detection/lib/obj_detection\n'}
[1.304658] (obj_detection) StdoutLine: {'line': b'Installing yolo_node script to /mnt/ssd/lsgloc_ws/install/obj_detection/lib/obj_detection\n'}
[1.304756] (obj_detection) StdoutLine: {'line': b"writing list of installed files to '/mnt/ssd/lsgloc_ws/build/obj_detection/install.log'\n"}
[1.320911] (obj_detection) CommandEnded: {'returncode': 0}
[1.324205] (obj_detection) JobEnded: {'identifier': 'obj_detection', 'rc': 0}
[1.324591] (-) EventReactorShutdown: {}
